{"type":"FeatureCollection", "features": [
{"type":"Feature","geometry":{"type":"MultiPolygon","coordinates":[[[[-53.94786405899998,-31.95448851999997],[-53.918463823999936,-31.963828775999982],[-53.89948153399999,-31.977884583999984],[-53.892125176,-31.995387630000018],[-53.86639456099991,-31.99326662499994],[-53.850752715999946,-32.00015723699995],[-53.85114756999993,-32.027388979999984],[-53.83814712699994,-32.032831043999956],[-53.83331692699997,-32.05514301499998],[-53.803997067999916,-32.07072852499989],[-53.747874,-32.07786125799995],[-53.74536637799993,-32.091439946],[-53.72527415,-32.09584688299994],[-53.74422828099991,-32.11526248699995],[-53.71710079899998,-32.15548039899995],[-53.72348824499993,-32.17367933],[-53.704872252,-32.20669612399997],[-53.685189621999925,-32.219622475999955],[-53.676435532,-32.23780730399991],[-53.67779397999996,-32.258597895],[-53.657384802,-32.28816454899995],[-53.643195415999955,-32.301576422999965],[-53.65255284899996,-32.321124197999985],[-53.63311961499992,-32.35398072499992],[-53.64362013899992,-32.368248670999975],[-53.644017635999944,-32.38493001399997],[-53.614375209999935,-32.398403962999964],[-53.61582107899993,-32.415108633999935],[-53.58883557099993,-32.43517303699998],[-53.58403982499997,-32.451305356999924],[-53.567061412,-32.458532734],[-53.552602284999935,-32.47388551999993],[-53.52248828899999,-32.486175512999935],[-53.4995539399999,-32.481038535999986],[-53.47093725699993,-32.48068944299997],[-53.45657680799995,-32.516748718999956],[-53.43689588899993,-32.54816190299993],[-53.40339449599993,-32.57998945499999],[-53.388120446999935,-32.58692813999998],[-53.36969704799996,-32.56986599899992],[-53.35271819899995,-32.59193253299998],[-53.33881532899991,-32.58462225699997],[-53.313189310999945,-32.59907944999997],[-53.28880511699998,-32.62109663899994],[-53.268568361999975,-32.60405787199995],[-53.24558522199993,-32.60711173799994],[-53.23706484399999,-32.629768473999974],[-53.214682339,-32.63881704700001],[-53.193268912999976,-32.64164042199994],[-53.17641323099995,-32.65846456899993],[-53.16672131599997,-32.648586952999956],[-53.128378476999956,-32.63846308699995],[-53.10852610099996,-32.64301425900001],[-53.08365065500002,-32.65673002999995],[-53.07696541599995,-32.62782283799993],[-53.06299639999993,-32.618059699999925],[-53.020104575999945,-32.613071649999945],[-52.99743895899997,-32.591248090999926],[-52.99186511499993,-32.54522778499999],[-52.98333483999997,-32.50424078599995],[-52.967958138000014,-32.49048402499991],[-52.939949449,-32.47485433499998],[-52.892438885999944,-32.46108067999997],[-52.834539921000015,-32.45387892899997],[-52.80238880099992,-32.447019447999956],[-52.766388010999975,-32.42622098899993],[-52.72355633699989,-32.38162264799996],[-52.72418676900001,-32.37001121399997],[-52.77167952299992,-32.35263568999992],[-52.772564052999925,-32.367837279999954],[-52.7901136519999,-32.37882090899996],[-52.82108487099998,-32.33411140599994],[-52.80766133199998,-32.31950692999993],[-52.778433762999924,-32.25217057699995],[-52.776763202,-32.23060055999994],[-52.754995374999964,-32.21167324499993],[-52.76283108599992,-32.19893706299995],[-52.73828166099996,-32.192441948999985],[-52.74101234199995,-32.174111702999895],[-52.73219786899992,-32.159659594999965],[-52.701163363,-32.15526873100002],[-52.67495163099991,-32.164038548999905],[-52.658816988999945,-32.153577011999936],[-52.63365206299994,-32.1466679129999],[-52.62849412299994,-32.16203688599993],[-52.65661383699991,-32.205916045],[-52.68208725899994,-32.26501434099994],[-52.69490476299998,-32.31793606199999],[-52.652698965,-32.38395955499996],[-52.637146806,-32.40518595699996],[-52.61497296699994,-32.443474302],[-52.58829089299992,-32.504917565],[-52.58640911,-32.530696546999906],[-52.60428067499998,-32.58833328999998],[-52.61167712400001,-32.62047596],[-52.646781654999955,-32.68165566899995],[-52.68849979699992,-32.75777272399992],[-52.730349282,-32.847396147],[-52.7701356109999,-32.89313088999993],[-52.807779286999974,-32.910580270999965],[-52.832225736999945,-32.91504148099996],[-52.86742487999991,-32.909880368999964],[-52.90778955199997,-32.88768558599996],[-52.92777779899993,-32.86856787599991],[-52.96301420299996,-32.84215835099996],[-53.00157938399998,-32.79751268399998],[-53.00237161199989,-32.765016202],[-53.070094365999964,-32.83380994099995],[-53.10128121299995,-32.82198881599992],[-53.12390553499996,-32.79383777799995],[-53.14731438899997,-32.818806249999945],[-53.15677031699997,-32.85917934099999],[-53.159188228999916,-32.905029918],[-53.154619336999986,-32.953833689999946],[-53.163567486999966,-32.98390947199993],[-53.17443751,-33.003506069],[-53.20749463299991,-33.045031537999904],[-53.24119177199995,-33.076134792],[-53.260162409,-33.10741085499998],[-53.277373361999935,-33.109360946999956],[-53.313555733999976,-33.095631625999964],[-53.33715697,-33.08259223199995],[-53.35070397899992,-33.10351213899999],[-53.38645335499994,-33.13680990499993],[-53.40270878199995,-33.15827499899996],[-53.43220265900001,-33.16210265799994],[-53.45203791899992,-33.22078453499998],[-53.46915942399992,-33.255357444],[-53.46763310399993,-33.279652878],[-53.452929758,-33.32997000399992],[-53.424771133999926,-33.43760970999995],[-53.438069363999944,-33.51638417699997],[-53.45234204499995,-33.51937577499996],[-53.452246303999935,-33.53258889599996],[-53.465629879999916,-33.557968146999926],[-53.482295682999954,-33.54698142599993],[-53.51097548899999,-33.54404775599994],[-53.515551784,-33.58478921499991],[-53.51250056699996,-33.60260027399994],[-53.52608046799993,-33.62620777999995],[-53.53396385299993,-33.651405113999964],[-53.524830292999965,-33.675258610999904],[-53.529501321999916,-33.688395655],[-53.439515993,-33.69346141399993],[-53.43575298299996,-33.723960492999936],[-53.41674403799993,-33.7483016099999],[-53.39690181499998,-33.75077221899995],[-53.37003812599994,-33.743905028],[-53.341369125,-33.721909076999935],[-53.26497551199998,-33.671311463999984],[-53.20415102099993,-33.62446469799997],[-53.15624308499995,-33.59008211999998],[-53.08616200299998,-33.53067133400002],[-52.96074187899997,-33.43168458299998],[-52.77673161299995,-33.28308627699995],[-52.73403530599998,-33.24106950899998],[-52.68767295299998,-33.18851763399989],[-52.650111089999925,-33.14169112899995],[-52.62385854599991,-33.104238887999905],[-52.59320595699998,-33.05023406799995],[-52.57726190699998,-33.016997995999965],[-52.49518123399996,-32.867226340999935],[-52.464055795,-32.787627625999924],[-52.44862268699998,-32.73466844399998],[-52.433230777999924,-32.66818907399994],[-52.415733873999955,-32.60523357399997],[-52.386430215,-32.525830845000016],[-52.37098258699994,-32.488225170999975],[-52.34075788899999,-32.42457154699997],[-52.29303103499998,-32.33831874399989],[-52.269737404999915,-32.30405842199998],[-52.233878541999985,-32.26022562699994],[-52.199005779999936,-32.22660020399998],[-52.14769066699995,-32.18437654399994],[-52.12488026899999,-32.16925567799992],[-52.09772248099995,-32.161742552],[-52.10436252200001,-32.13296983500001],[-52.10480775099999,-32.105960449999905],[-52.09539680399999,-32.06261005799998],[-52.11929156299996,-32.09150919299996],[-52.13392668999994,-32.098888732],[-52.150404438999956,-32.11633922799996],[-52.15776511499996,-32.11280935900002],[-52.14989978199995,-32.07495733699993],[-52.134120832999926,-32.057546664],[-52.10784501499994,-32.0508515449999],[-52.07208164099992,-32.05021231199995],[-52.07999934199991,-32.02829022899994],[-52.10818145299997,-32.02482805499992],[-52.13634132499989,-32.045720862999936],[-52.171162671999944,-32.05547756899995],[-52.220609859,-32.085336623999936],[-52.240223567999976,-32.079764159000014],[-52.22599069299997,-32.06833089399993],[-52.19499013899995,-32.06000957099994],[-52.20335681799996,-32.03878769899996],[-52.19622964400001,-32.027297770999986],[-52.181281507999984,-32.03053648699991],[-52.154273689,-32.02654806699995],[-52.11325434699995,-32.010722002999934],[-52.096142653999976,-31.996182388999962],[-52.12294870399995,-31.980696222999917],[-52.13908730599998,-31.983484460999957],[-52.18566853799997,-31.98156836499996],[-52.19609342899993,-31.99252107799998],[-52.19451536599992,-32.006294356999966],[-52.205879562999975,-32.01372712099989],[-52.196856937999954,-32.0270369629999],[-52.20386750699994,-32.03838953199997],[-52.22627756,-32.03579446999992],[-52.249150251999964,-32.04976111199992],[-52.23416065099997,-32.01653571399993],[-52.23939999499996,-31.985235359999965],[-52.223311040999945,-31.97251820899997],[-52.21863164399993,-31.959997509999972],[-52.18753184399995,-31.96370766699991],[-52.14542408399991,-31.928589404999975],[-52.14202265699994,-31.952300046999905],[-52.112918931999914,-31.943099238999974],[-52.137620158999916,-31.91929408499995],[-52.18581497400001,-31.90404224099993],[-52.22141870399996,-31.872509124999983],[-52.23448344399994,-31.89468588499992],[-52.248733144,-31.87784271399995],[-52.25682725199994,-31.849349881999935],[-52.24045864699997,-31.83846705599992],[-52.22301147899994,-31.84337395200002],[-52.225283577,-31.812443879999964],[-52.21551795299996,-31.799334426000016],[-52.22780694099997,-31.76031459599994],[-52.22576749699989,-31.751898075999975],[-52.19854756499995,-31.726413248999975],[-52.152364322999944,-31.699336817999914],[-52.10414416299997,-31.68466293499993],[-52.05721909099996,-31.683205196999932],[-52.03065301199993,-31.692345283],[-52.02119709299994,-31.662438234999936],[-52.009932853,-31.597640934999983],[-52.01807783099996,-31.547925139],[-52.00950696499993,-31.502954481999947],[-52.003512699999916,-31.452930868999974],[-51.99369115799996,-31.413568488999978],[-51.98063581099996,-31.383721910999952],[-51.96067922099996,-31.37299044399994],[-51.96013067499996,-31.352783052999968],[-51.931397966,-31.32707818899997],[-51.91946276199994,-31.310765856999957],[-51.892087953999976,-31.315682512999977],[-51.8750396409999,-31.309039722999955],[-51.8439352679999,-31.323248549999917],[-51.833930500999976,-31.306396670999938],[-51.801741566999944,-31.27789547699994],[-51.790475370999914,-31.273267295999986],[-51.757147480999976,-31.286132134999946],[-51.706671250999946,-31.265621083999985],[-51.680763979999895,-31.27048473099997],[-51.63907046899993,-31.270668010999948],[-51.63445735399998,-31.255486483999974],[-51.642569607,-31.226076513999924],[-51.64131025499998,-31.187677884],[-51.628666342,-31.15295406999993],[-51.61799017799994,-31.139558978999972],[-51.601963402999935,-31.131741755999943],[-51.56727213799998,-31.12862681899996],[-51.55448820999997,-31.114069980999982],[-51.505342151999955,-31.103210990999987],[-51.467629422999934,-31.09740317399995],[-51.44563533099992,-31.08952913599993],[-51.465753782,-31.065035054999925],[-51.483121583999946,-31.030991842999946],[-51.492594497,-31.00385192699996],[-51.50063959799997,-30.96547445499992],[-51.497831406999964,-30.91763654199996],[-51.487628915999935,-30.89991132999993],[-51.45817237899994,-30.87685571399993],[-51.44353829699996,-30.870555787999944],[-51.390084228999925,-30.87989346099992],[-51.37269679999996,-30.872535237999944],[-51.390580096999926,-30.840293655],[-51.39594240399995,-30.808262513999964],[-51.404277100999906,-30.782928484],[-51.405830506,-30.756750615999948],[-51.40087871899992,-30.717117640999945],[-51.389468908,-30.66461955699996],[-51.38092980600001,-30.643473209999925],[-51.36409723599995,-30.63324053299997],[-51.33461263799994,-30.633788454999923],[-51.31883544699997,-30.646147076],[-51.31395762999997,-30.68850302699998],[-51.31487014099997,-30.70527132299997],[-51.30297294799996,-30.722066353999956],[-51.293350274999945,-30.764775512999933],[-51.29808100399995,-30.791908580999973],[-51.28114279699993,-30.801667755],[-51.294141287999935,-30.751557818],[-51.29309972999991,-30.707675635999955],[-51.30222998999996,-30.63444813099997],[-51.30334857299996,-30.58855005199993],[-51.2984131649999,-30.55908753799997],[-51.27915484699994,-30.510403582],[-51.24625296999998,-30.445079192999955],[-51.22307783299995,-30.419801156999924],[-51.197879279999924,-30.40803213499995],[-51.15381841100002,-30.413716837999928],[-51.135755714999945,-30.436786119],[-51.14341625599998,-30.471022005999927],[-51.15459598999996,-30.48851708699992],[-51.15053518299996,-30.496968258],[-51.12146736499998,-30.405779237999973],[-51.12206162799994,-30.396917202999916],[-51.10572016099992,-30.377372016999935],[-51.097715482999924,-30.357568511],[-51.12858795499992,-30.35925132299996],[-51.17821526699997,-30.386401988999943],[-51.19153945299992,-30.37734738799994],[-51.20735604299995,-30.340815662999944],[-51.21005423799991,-30.301326819999964],[-51.22329164699997,-30.303587023999924],[-51.23916596099997,-30.318225576],[-51.25719715199992,-30.30577017999999],[-51.27936857699994,-30.307751826],[-51.29527329399998,-30.302946934999987],[-51.300881693999955,-30.275005063],[-51.29866846599997,-30.24080718999992],[-51.329721939999935,-30.230955233999936],[-51.31482128799993,-30.18874511799995],[-51.323679098,-30.17283416199993],[-51.321788812,-30.151006889999955],[-51.313157543999935,-30.13037608399994],[-51.31437381599994,-30.11383119299996],[-51.30760071299997,-30.090558580999947],[-51.31329764599998,-30.08473000299997],[-51.29921215099992,-30.051154967999913],[-51.304193353999956,-30.02751996899994],[-51.29937234399995,-30.002625554999938],[-51.27004371199996,-30.03547162999999],[-51.25024057199995,-30.035299553999963],[-51.23384354699995,-30.047616546999976],[-51.23446611999995,-30.058350672999943],[-51.25290749299991,-30.096567022999977],[-51.26674073799997,-30.10285301199996],[-51.25921797899997,-30.123461579],[-51.24627777,-30.125529083999915],[-51.22602854799993,-30.144174364999955],[-51.22778955999998,-30.17707907599997],[-51.22296272899993,-30.187867937999933],[-51.20177797199992,-30.19205480099997],[-51.17849304399995,-30.216982633999976],[-51.183995314999926,-30.23316687299996],[-51.15621615299999,-30.239881921999924],[-51.157379879,-30.261018551999953],[-51.13753691199997,-30.264232064999916],[-51.12820551199999,-30.247770492],[-51.106155037999926,-30.248201220999924],[-51.095893533999984,-30.24121576099997],[-51.07649917599996,-30.24338442499991],[-51.063379130999934,-30.25581149199997],[-51.069305221,-30.271285275999972],[-51.04272708199994,-30.268674331999947],[-51.022484511,-30.284153790999966],[-51.023861691,-30.316369787999932],[-51.04606877099995,-30.359638916999963],[-51.047399988999956,-30.381495994],[-51.01300558999996,-30.389662625],[-50.97340838999999,-30.407617090999985],[-50.930036991999934,-30.435770622999904],[-50.93760956799997,-30.40686708999992],[-50.93855332699999,-30.3750990739999],[-50.92703621699998,-30.338158671000016],[-50.91483604999995,-30.32639132699991],[-50.84401704299994,-30.320757095999937],[-50.79697997799998,-30.33838213099994],[-50.794867657999916,-30.312348773999943],[-50.782008609999906,-30.28477284999994],[-50.75073121799997,-30.296707227999917],[-50.721500703999936,-30.299316609999906],[-50.67324408099998,-30.296640844999935],[-50.65614187699998,-30.285981115],[-50.66889268700001,-30.254881781999963],[-50.658888056,-30.199923310999978],[-50.64432398099996,-30.19224313099992],[-50.623063073999944,-30.199732106999967],[-50.598227847999965,-30.196015684999956],[-50.57545702799999,-30.238225846999946],[-50.56046878899993,-30.25168154499994],[-50.545902634999976,-30.251245514999923],[-50.53777955699996,-30.273866222],[-50.543012059,-30.299922413999937],[-50.55538315999996,-30.316831296999922],[-50.54626258099992,-30.331224636999963],[-50.54531633199996,-30.355979380999955],[-50.565637061,-30.38791201699992],[-50.564514472,-30.437576388999922],[-50.57442003699998,-30.481475760999963],[-50.58266119800001,-30.490135547999984],[-50.611097904,-30.48571093799991],[-50.649217241,-30.453605420999942],[-50.65643056599997,-30.42625777699991],[-50.65373401099997,-30.417494041999902],[-50.63329434299996,-30.406183558999942],[-50.61964627099995,-30.406719135999936],[-50.59673206799992,-30.39101858299992],[-50.61859393399992,-30.36065933299993],[-50.630971198999944,-30.361427433999978],[-50.629637664000015,-30.391531898000025],[-50.643441883999984,-30.395919291999952],[-50.679627038,-30.368818073999968],[-50.68669825699993,-30.356837816999928],[-50.70558487999996,-30.347630925999937],[-50.71861560599997,-30.35306517499997],[-50.72949417999999,-30.36813727999995],[-50.72477787599993,-30.383973606000012],[-50.70051305199998,-30.424762646000012],[-50.68642999099994,-30.500800316999985],[-50.679541505999936,-30.60917251799996],[-50.68327528499996,-30.663600451999926],[-50.69011593999992,-30.706924307999962],[-50.70198743399993,-30.746327210999937],[-50.720765699999966,-30.77974825499995],[-50.753776733999985,-30.818937212999984],[-50.790483473999984,-30.829396527999954],[-50.81648886699998,-30.841195919999954],[-50.82560033199998,-30.853485334],[-50.84634041899997,-30.85891560599997],[-50.88234192599998,-30.891587851999937],[-50.9045860649999,-30.904037239999983],[-50.91963894399997,-30.90638731599992],[-50.96808754799993,-30.897820427999946],[-50.95144472299992,-30.95954992399991],[-50.954576957,-31.003186457999966],[-50.97239353499995,-31.032925523999978],[-50.99495167799992,-31.048103177999987],[-51.023703992,-31.051536331],[-51.04852983699992,-31.06159241999992],[-51.10361548499995,-31.09938046699995],[-51.12465258,-31.098174458],[-51.149121549999975,-31.087502924999967],[-51.16643344499991,-31.068325025],[-51.17689115099992,-31.079768041],[-51.18083965999995,-31.125393892999988],[-51.17859350299991,-31.145015138999955],[-51.16331247199996,-31.19731762500001],[-51.157683336999966,-31.237769856999943],[-51.15747699399995,-31.284712331999977],[-51.166790356999954,-31.32479865599992],[-51.1791107889999,-31.364981077],[-51.20387626499998,-31.413635465000013],[-51.24094319099994,-31.461086569999942],[-51.28240599299991,-31.49693140299995],[-51.34320658399993,-31.527911061999937],[-51.36110662599995,-31.53203243899997],[-51.39930888199997,-31.52040541699993],[-51.41634422299994,-31.509556899],[-51.42817623199997,-31.49199814599998],[-51.455116183999934,-31.528850681999966],[-51.44677029299995,-31.536171579999962],[-51.462157904,-31.567049255999947],[-51.450535507,-31.594956213999982],[-51.46975738599997,-31.589704799999975],[-51.47515258099997,-31.565955596999963],[-51.498410317,-31.58315740299994],[-51.53039201800002,-31.623038509999958],[-51.54712856399996,-31.650576327999914],[-51.583345261,-31.696262929999953],[-51.61326396099996,-31.72940547099993],[-51.658731495,-31.766878688999935],[-51.689631236999944,-31.781338596999976],[-51.73459033399992,-31.788685485],[-51.77343761299993,-31.786455385999947],[-51.80229865199994,-31.78846481899994],[-51.81837486099995,-31.797227941999985],[-51.804776550999975,-31.814753351],[-51.80295355199995,-31.832747888999936],[-51.811229554999926,-31.844651181999918],[-51.860410400999974,-31.870176327999967],[-51.902775501999905,-31.87049774],[-51.923050493999966,-31.863397773],[-51.986494076,-31.827241425999965],[-52.008134219999945,-31.818176733999927],[-52.0491213079999,-31.81425472499996],[-52.066631,-31.817600755999965],[-52.098123680999926,-31.835911339999935],[-52.07874223899991,-31.868817166999953],[-52.04852104099997,-31.889545792999975],[-52.044055730999986,-31.901887009999953],[-52.01520816299993,-31.922418572999923],[-52.005436253,-31.95153436599997],[-52.01524680999994,-31.966709719999965],[-52.04047619899994,-31.973112321],[-52.05383258299997,-31.98492924099995],[-52.043872273,-32.00686825099993],[-52.03905264900001,-32.03002269199994],[-52.049693388999984,-32.077210233],[-52.08977072199998,-32.13140270199993],[-52.07724076999993,-32.143205565999956],[-51.968907554999895,-32.03183844399998],[-51.920781581,-31.987744736999936],[-51.867638430999925,-31.94531991099995],[-51.83087823399994,-31.919157777999953],[-51.748020893999964,-31.869980924999965],[-51.691322224999965,-31.840877814],[-51.62460050699995,-31.80949063199995],[-51.50237494999993,-31.742883814000024],[-51.427238631999934,-31.695617447999926],[-51.26752184199994,-31.578613404999935],[-51.22093746599995,-31.539408917999946],[-51.10400879599999,-31.421432212999946],[-51.04008028099997,-31.35994526599998],[-50.97036896099995,-31.304874167],[-50.879140681999964,-31.227041525999923],[-50.83364504299992,-31.182109946999915],[-50.767239344999936,-31.110111933999963],[-50.74253822499994,-31.075451695],[-50.70371882800002,-31.014751843999967],[-50.66785394499995,-30.96290425299998],[-50.60536904799992,-30.879048729000015],[-50.55831244799995,-30.818197232999957],[-50.50659269799997,-30.743525619999943],[-50.46491019599994,-30.68070619699995],[-50.42870287999996,-30.632160981],[-50.373979989999924,-30.56289159599995],[-50.3482888259999,-30.52464578699997],[-50.32071591699997,-30.47687485999996],[-50.306061094999976,-30.44711560399996],[-50.264291412999924,-30.336048840999972],[-50.242999316999914,-30.283760109999903],[-50.15796922000001,-30.066518134],[-50.113074910999984,-29.963708229],[-50.058691651999894,-29.849920479999938],[-50.000453906,-29.740025364],[-49.94375423299992,-29.641040311],[-49.90728872999998,-29.584646362999898],[-49.83274391699999,-29.48133824599998],[-49.71580401199997,-29.332401161999897],[-49.71042065599997,-29.317146802999936],[-49.672838148999986,-29.27038912399992],[-49.597122809999945,-29.182553275999958],[-49.522905258999934,-29.10245378],[-49.450022274999945,-29.02556602699994],[-49.405386311999976,-28.982207333999952],[-49.30605739399995,-28.89391031799994],[-49.24628988099997,-28.846789371999968],[-49.156318738999985,-28.781803773999982],[-49.07995208799997,-28.73344600599991],[-48.974578209999926,-28.67148007699992],[-48.912333593999975,-28.63950348799996],[-48.86205883599992,-28.61666657499994],[-48.82784579400001,-28.606610229999916],[-48.80378809099996,-28.57518025799989],[-48.78861616899998,-28.563510491999956],[-48.78224769199992,-28.548711211],[-48.7614364999999,-28.535331565999975],[-48.76139020399998,-28.517774290999988],[-48.746509894999974,-28.50511418099991],[-48.765498158999975,-28.485466711999905],[-48.765101793999946,-28.459928549999937],[-48.746119457,-28.427052189999955],[-48.74390954999994,-28.39643780599991],[-48.73618444799998,-28.379013732999923],[-48.70465818899998,-28.338009654999986],[-48.709154123999916,-28.323425375999953],[-48.694792449,-28.28643226599997],[-48.675426713999954,-28.256495869999974],[-48.64776345999992,-28.234745025999928],[-48.661206635999946,-28.226684776999953],[-48.663181200999986,-28.184145045999962],[-48.658429504999944,-28.167724587999977],[-48.642290793,-28.136533292999978],[-48.632025695000024,-28.0859298029999],[-48.60876877099997,-28.06213835799994],[-48.61024333199994,-28.044171615],[-48.602717442999946,-28.03341700699994],[-48.627285793999974,-28.015215783999956],[-48.63209282099998,-27.99975998299994],[-48.62826844499992,-27.974471419999922],[-48.62015707399998,-27.962741501999986],[-48.621941401,-27.946220394999933],[-48.60446742199997,-27.92151905],[-48.57530680199994,-27.89228034799992],[-48.59809854799997,-27.880274561999983],[-48.60206111,-27.867613882999954],[-48.595790028999915,-27.850912808000018],[-48.55826272399996,-27.837373578999944],[-48.542549784999984,-27.827654150999912],[-48.53426315199993,-27.795832977999936],[-48.51762766799992,-27.781520561999926],[-48.49779165199994,-27.794994074999977],[-48.478188602999964,-27.761876613999945],[-48.49729302799999,-27.756490821999925],[-48.50753036599997,-27.74429001199993],[-48.50548977699997,-27.723972612999916],[-48.495792660999925,-27.70414875499997],[-48.48104060199995,-27.68989121199997],[-48.46730398199998,-27.651186490999947],[-48.44429415699995,-27.623542685999922],[-48.43578370999994,-27.607583231999975],[-48.41773777500002,-27.58918630499997],[-48.42934712699993,-27.555167567999973],[-48.41943317799996,-27.528439364999947],[-48.40635317699997,-27.50714523499994],[-48.373557,-27.471656080999963],[-48.370690844999956,-27.449927166999956],[-48.39559178799996,-27.430678165999964],[-48.41168183999997,-27.405066938],[-48.417196551999915,-27.380562705999942],[-48.483472298999985,-27.378282944999967],[-48.52627041099994,-27.408262036999943],[-48.534356369,-27.383498241],[-48.53685670599994,-27.357441402999925],[-48.528076815999924,-27.34618889499997],[-48.539782566,-27.319586717999975],[-48.553414382,-27.314098343999902],[-48.59348354299995,-27.3159618399999],[-48.60378310499993,-27.3006962809999],[-48.61543706799998,-27.271860339999918],[-48.61230914299998,-27.232148528999964],[-48.608288198,-27.221424077999913],[-48.57796553099993,-27.211441870999984],[-48.5422741,-27.18262593299997],[-48.514186107999905,-27.184201915999985],[-48.50292578399993,-27.194086177999978],[-48.4964611729999,-27.16566846499996],[-48.4817119219999,-27.15325770899991],[-48.50429883500002,-27.143558954999904],[-48.5241358289999,-27.122373654999933],[-48.553235135,-27.157491682999932],[-48.58708258199995,-27.14270622799996],[-48.60080115399994,-27.12783305499992],[-48.61387058799995,-27.100467223999978],[-48.59180327300001,-27.080578242999977],[-48.595202473999976,-27.06911308899992],[-48.5873010239999,-27.04492645599995],[-48.57066641799996,-27.009011214999887],[-48.588441136,-26.996727662999973],[-48.613730779999926,-27.005050092999973],[-48.63378680399998,-26.98366537499993],[-48.627625918999954,-26.97154431499996],[-48.629490704999974,-26.955335549],[-48.62456764699996,-26.928397383999915],[-48.64171815899995,-26.91877980199996],[-48.643186091,-26.90011033899996],[-48.63248073099992,-26.846149874999945],[-48.623581241999965,-26.82754152599994],[-48.60401868899997,-26.825956596999987],[-48.58762258799995,-26.791264930999915],[-48.62024564499993,-26.789350839999905],[-48.64845729299995,-26.76265753900001],[-48.65632645499993,-26.772436709999923],[-48.67382612299995,-26.758675762999893],[-48.6817133279999,-26.724235142999895],[-48.67927824399995,-26.697921575999985],[-48.68723227899993,-26.687997282999966],[-48.688099445,-26.671169973999973],[-48.68018788299999,-26.62664325999998],[-48.670893587999956,-26.596411189999948],[-48.645479973,-26.535498403999966],[-48.60992876799994,-26.47170932299995],[-48.593545311999904,-26.453070897999943],[-48.59947665999995,-26.43238459099996],[-48.582981048999955,-26.38851395499998],[-48.56735247799995,-26.36350066899992],[-48.546497474999946,-26.310459026999986],[-48.50410327799992,-26.23727472799994],[-48.52475575799994,-26.209868535999945],[-48.52768906999991,-26.185111072],[-48.52390777799995,-26.172550844999932],[-48.53184799199994,-26.162836525999964],[-48.547121702,-26.171084128999986],[-48.57296147599996,-26.1671499629999],[-48.58857622899998,-26.154994082999984],[-48.59797279899995,-26.129128543999926],[-48.602643907999905,-26.100172355999938],[-48.60255301399994,-26.07173216099993],[-48.61013739599997,-26.065582124999906],[-48.606344076,-26.019602961],[-48.59416450899998,-25.96918581799997],[-48.57605168899994,-25.920451425999914],[-48.56225600599997,-25.893904580999973],[-48.56754863600001,-25.885748113999938],[-48.564606126999905,-25.856644439],[-48.537564856,-25.843569692],[-48.531791172999945,-25.813911859999962],[-48.50701066999996,-25.764014991],[-48.478123774000025,-25.715336767999965],[-48.424970424,-25.63455797499993],[-48.40418176299998,-25.613992830999933],[-48.358285527,-25.585946849999942],[-48.31992624299996,-25.586562592999904],[-48.301503198999924,-25.566281046999926],[-48.27691117499999,-25.514051209999934],[-48.30974190200001,-25.49327930399997],[-48.28702564099993,-25.48919984999994],[-48.26937659799999,-25.475888034999947],[-48.23932191299997,-25.465268978],[-48.21399974199993,-25.472975028999976],[-48.20332886199996,-25.439818063999965],[-48.19209616799995,-25.417553257999934],[-48.162296586,-25.374969992999986],[-48.13229748999996,-25.342250404000012],[-48.09970845199995,-25.316354040999975],[-48.0703953,-25.281194356],[-48.04687614399994,-25.25853007599995],[-47.94599196399993,-25.174320553],[-47.92376062399992,-25.160517491999954],[-47.90803228,-25.118125491999933],[-47.90237805499997,-25.06567055899996],[-47.90952155399994,-25.052946115999895],[-47.886905507999984,-25.051266941999963],[-47.880420790999985,-25.02515210199997],[-47.84292227000002,-24.97660495699995],[-47.80660669199996,-24.942245966999955],[-47.731515986,-24.88062871899995],[-47.623042557,-24.799140216],[-47.561029258999916,-24.757909499999954],[-47.510369775,-24.728957835999985],[-47.424809335999925,-24.685141266999956],[-47.38628491199998,-24.657390973],[-47.28090772900001,-24.593781658999937],[-47.24500935000002,-24.57397020399995],[-47.22965900899993,-24.572230206999954],[-47.227860785999916,-24.560490976999958],[-47.14466306400002,-24.49229989499996],[-47.109537106999895,-24.468003135999936],[-47.05860413499991,-24.43617086800002],[-47.02149624899993,-24.42259102899996],[-47.003632747,-24.40895733599998],[-47.01823942599994,-24.378836064999966],[-47.00204609,-24.361311088999983],[-47.00246804999992,-24.33737904599994],[-46.97183443299996,-24.305053644999894],[-46.9205484349999,-24.26736839999993],[-46.84462550599992,-24.21840606999993],[-46.81531349099998,-24.20149419499996],[-46.63509142399997,-24.104478922999974],[-46.549444898999965,-24.06360061599996],[-46.49302393999994,-24.038517624999898],[-46.455001544999966,-24.023910593999943],[-46.41559499699996,-24.015659144999958],[-46.39021679899999,-24.023721333999916],[-46.39164874399999,-23.998158369999935],[-46.379103046999965,-23.99381806],[-46.38379682199993,-23.971841367],[-46.34732851299994,-23.970552486999942],[-46.320449152000016,-23.976921206999933],[-46.30566595299996,-23.99117971199992],[-46.31936335499997,-23.997265924],[-46.32013214499999,-24.02430548899993],[-46.294965539999936,-24.015986766999973],[-46.28613665199996,-24.02419609599994],[-46.26519802599997,-24.004051884999953],[-46.23965190099996,-23.990784820999934],[-46.21438621199997,-23.98612422399996],[-46.197756877999936,-23.994776252999962],[-46.186065716,-23.987288850999953],[-46.186811599999906,-23.97248670499993],[-46.16559339199996,-23.944157281999935],[-46.180114973999956,-23.935921365],[-46.178871264999906,-23.924183811999953],[-46.15602747499993,-23.907482321999986],[-46.14087245599993,-23.880843933999927],[-46.12839741699998,-23.844086341999983],[-46.088679583999976,-23.822120584999915],[-46.05748107899991,-23.81433727999994],[-46.03882385199995,-23.815486719000013],[-46.023458627999965,-23.805144977999916],[-45.972646989999895,-23.785350313999984],[-45.89832037299992,-23.76535288999998],[-45.861063875,-23.759805366999984],[-45.80771135399992,-23.75910722299995],[-45.792517418999985,-23.769260764999935],[-45.76332847000001,-23.763004413],[-45.757167732,-23.77060768699991],[-45.740119254,-23.76765974099989],[-45.70932470199997,-23.770686361999935],[-45.664077994,-23.77898582399999],[-45.64360353999996,-23.77759235599998],[-45.62824781499996,-23.78498076999996],[-45.62404977799998,-23.795831362999976],[-45.60719034399991,-23.800371298],[-45.5875578229999,-23.792674378999976],[-45.55514892799996,-23.79501430699996],[-45.53339201499995,-23.82335638099994],[-45.50242530199996,-23.841199838999984],[-45.46507849799994,-23.81919512699998],[-45.430929363,-23.83245653799998],[-45.40479425099992,-23.81972740199997],[-45.39627584899996,-23.80812627399994],[-45.39686797300001,-23.780571516999913],[-45.41248271599995,-23.753669233999965],[-45.39922580999997,-23.737163198],[-45.3969749949999,-23.724849762999924],[-45.41979730099996,-23.72566142199993],[-45.42718827299998,-23.709331209999952],[-45.430583635999895,-23.679557886999945],[-45.42830849099994,-23.657906356999945],[-45.41491216699997,-23.631107104],[-45.40661089399995,-23.623862164999977],[-45.38765288999997,-23.63451517199998],[-45.356876593999935,-23.62274834899992],[-45.343403727999934,-23.60067198099994],[-45.328071447999925,-23.584818121999938],[-45.311412264,-23.57566531099998],[-45.285082242999955,-23.572326852999893],[-45.280130519999965,-23.584476160999976],[-45.244224985,-23.59372861199992],[-45.23429366699993,-23.582859550999977],[-45.20994241199993,-23.581427881999915],[-45.21246061299992,-23.566201187999937],[-45.23058477900001,-23.54865360299995],[-45.219352058,-23.528915633999915],[-45.190309678,-23.521790807999977],[-45.185984713999986,-23.536795995999924],[-45.159163412999895,-23.538523161999926],[-45.173130050999895,-23.511123595999948],[-45.17388518800002,-23.496323193999977],[-45.143749918999916,-23.49992233599997],[-45.119650238999945,-23.52126116799994],[-45.107173334999935,-23.51537980599995],[-45.122599383999976,-23.501085297],[-45.10296812499998,-23.489964364999913],[-45.07148877399995,-23.49721915999995],[-45.07083527699997,-23.47862588699995],[-45.05779317199991,-23.465184539999896],[-45.03451446799993,-23.45982022099996],[-45.04469967099995,-23.449542562999923],[-45.05638264799991,-23.458989653999893],[-45.067163919999956,-23.446781635000015],[-45.06860845299993,-23.432609015999937],[-45.053874528999955,-23.41671035799996],[-45.03370933799992,-23.41458898799994],[-45.01497995299994,-23.418720941999958],[-45.00885651199999,-23.405932561999933],[-44.99277482699996,-23.3973091779999],[-44.977086643,-23.400290570999935],[-44.95978231299997,-23.379866158999953],[-44.9495547509999,-23.378824160999976],[-44.9415939909999,-23.356951991999928],[-44.9179619029999,-23.348509469999946],[-44.905663435999905,-23.33401709099997],[-44.88230985199994,-23.34787377199993],[-44.887390898999975,-23.36558724199996],[-44.86516784899994,-23.35695883399996],[-44.83686513299993,-23.36958805599997],[-44.840161537,-23.388230603999958],[-44.80797202199992,-23.378973856999927],[-44.79636333799989,-23.368965046999932],[-44.78243035099993,-23.377482809999925],[-44.75057183199997,-23.366038805999935],[-44.74146098099993,-23.35888684199997],[-44.75994400099996,-23.341227520999972],[-44.777749588999974,-23.33774950299997],[-44.77876809799996,-23.314472934999984],[-44.78742138499997,-23.29910688499993],[-44.805364407,-23.29004908699993],[-44.824696214,-23.291621355],[-44.82803303199995,-23.270588152999906],[-44.85628350899999,-23.248467672999915],[-44.86946413399996,-23.249834006],[-44.88932055099994,-23.22659492],[-44.88011470499995,-23.213309707999898],[-44.874748381999936,-23.184698388999934],[-44.86045671799996,-23.18097796799995],[-44.84290353899995,-23.166686303999974],[-44.824416157,-23.162687259999934],[-44.82548147599996,-23.143740971999947],[-44.81061617899994,-23.114846242999896],[-44.80933779599995,-23.101390444999893],[-44.818843719,-23.091458393999943],[-44.802208353,-23.048780075999943],[-44.802060847999954,-23.032472500999965],[-44.79281715699994,-23.00983856999995],[-44.791898181999926,-22.981875897999927],[-44.77673952699998,-22.978055534999932],[-44.7648404559999,-22.983313810999974],[-44.74922334199995,-22.969461801999955],[-44.74350208199997,-22.947003652],[-44.713612691999955,-22.92996964499997],[-44.70354523199999,-22.936102039999952],[-44.68722370699993,-22.932519675999927],[-44.675240990999946,-22.919546184999952],[-44.662602983999925,-22.927197353999915],[-44.639246463999896,-22.915125238],[-44.60714297499992,-22.885341414000017],[-44.570193773999925,-22.88383015499994],[-44.555174010000016,-22.888050342999975],[-44.530093499999985,-22.86790683799996],[-44.519133293999964,-22.865694962999918],[-44.50527847899998,-22.85154934199994],[-44.48437474999995,-22.84635699399994],[-44.47989293299994,-22.866826885999956],[-44.46692067799997,-22.88496746099998],[-44.43329248099996,-22.86883759199997],[-44.42305917399995,-22.85049648599996],[-44.41067925899997,-22.846358971999926],[-44.40053572899993,-22.855097511999887],[-44.381195878999975,-22.858351334],[-44.33370440799999,-22.842916645999942],[-44.31742049300002,-22.839951794999948],[-44.29608555199992,-22.827836438999917],[-44.28336478899998,-22.836156704],[-44.26760000599998,-22.829018784999953],[-44.26131145999996,-22.806259212999933],[-44.244277546999925,-22.80238986399997],[-44.240181268999926,-22.791384071],[-44.25375606399992,-22.78075634699995],[-44.25758099099994,-22.76695888499992],[-44.22704652199993,-22.73373898999994],[-44.19896030799998,-22.735287340999975],[-44.20407264899994,-22.71965448499996],[-44.173860836999985,-22.70210796699997],[-44.17631993799997,-22.692225339999936],[-44.161365163999925,-22.67825844899992],[-44.171449752999976,-22.65942844699996],[-44.18959782599991,-22.649106991999943],[-44.18427629299996,-22.637299137999953],[-44.221032059999935,-22.616660237999984],[-44.245606151,-22.606419656999908],[-44.28287141199993,-22.60413062799996],[-44.32009373299996,-22.595469971999957],[-44.38239777799994,-22.573494187999952],[-44.400247786,-22.582190752],[-44.405825757999935,-22.599098332999965],[-44.429793143999966,-22.59870420399995],[-44.46487673699996,-22.615969572999948],[-44.480239376,-22.611356225999977],[-44.51072493499996,-22.640135787],[-44.51463096199994,-22.630504099999946],[-44.531004624999966,-22.630205944999968],[-44.54602941199994,-22.606961681],[-44.563979392,-22.611972269999967],[-44.57420530900002,-22.601866507999944],[-44.58401707599997,-22.624199909999962],[-44.59682890999998,-22.610206805],[-44.61278495899991,-22.61734482999996],[-44.622708494999955,-22.60530999099993],[-44.63436072399995,-22.609351030999978],[-44.64363892799998,-22.599606352999988],[-44.644427612999955,-22.555598615999948],[-44.667873631999925,-22.554073763],[-44.66992645999996,-22.539268284999956],[-44.68136803499993,-22.525305888999956],[-44.71169879399996,-22.51404984499997],[-44.71295988299994,-22.49324621099996],[-44.72371954099998,-22.475870165999954],[-44.71924544999998,-22.463421080999932],[-44.74144567699991,-22.424827631999964],[-44.75533366499997,-22.41526920099993],[-44.794710802999944,-22.408864795999914],[-44.82413420099995,-22.41933689499996],[-44.83023135599994,-22.428143396999953],[-44.860210299999906,-22.423061292999922],[-44.889730833999955,-22.432123986999972],[-44.89768216499989,-22.44911382399991],[-44.91765213599994,-22.45492157199994],[-44.939596843999944,-22.452615046999966],[-44.96984841099991,-22.47194463899996],[-44.99073466499991,-22.4664864869999],[-45.054928890999975,-22.470503961999952],[-45.08037827699997,-22.48507592699994],[-45.128459400999894,-22.49711026399993],[-45.1600093389999,-22.51691678399995],[-45.16451526799995,-22.537928714999964],[-45.17718626499995,-22.546705825999922],[-45.221348591,-22.563226273999923],[-45.25454068099998,-22.58162425799993],[-45.261377309999965,-22.606157441999972],[-45.27586522900002,-22.616958399999962],[-45.2938526689999,-22.61366858999999],[-45.332961985999916,-22.617639216999983],[-45.36095817999996,-22.63876139699997],[-45.36932167199998,-22.637032827999946],[-45.39787648299997,-22.653423817999983],[-45.41052109199992,-22.651671024999906],[-45.412931696999976,-22.622215528],[-45.43554715299997,-22.61832071599997],[-45.47385657699998,-22.588894224999887],[-45.47738175199997,-22.608669924999933],[-45.48880049099992,-22.628785222999923],[-45.50106583900001,-22.626326241999948],[-45.516459647999966,-22.641430202999988],[-45.56596527699998,-22.656522749999972],[-45.58436953299997,-22.651688578999938],[-45.559939254,-22.62760234599993],[-45.56365898499994,-22.612748338999964],[-45.57624391099992,-22.603911782999973],[-45.58999296999994,-22.619058017999958],[-45.60879922299998,-22.624086388999984],[-45.618128054999936,-22.637914131999946],[-45.666184755999964,-22.651201172999933],[-45.68107834399992,-22.636335684],[-45.65986538099997,-22.59903219099991],[-45.66289446099995,-22.576813875],[-45.683937525999966,-22.57591373899995],[-45.69543919999994,-22.586338563],[-45.71356801399997,-22.57953960099993],[-45.72679369099994,-22.58702300799996],[-45.73669004099995,-22.61015041799995],[-45.71746943599992,-22.62100982499989],[-45.697955211999925,-22.64977034699994],[-45.71758510499998,-22.662105577999956],[-45.74280673799997,-22.65916686199999],[-45.76107780299996,-22.677242212999946],[-45.778883052999944,-22.683566780000017],[-45.787858892,-22.693356525999917],[-45.8116410289999,-22.69870766],[-45.819927818999965,-22.722718610999912],[-45.795633911,-22.739021393999934],[-45.756463755999924,-22.721039982999933],[-45.73255709499994,-22.722002682],[-45.717319979999985,-22.74814117399991],[-45.71181884799992,-22.771515890999936],[-45.729028963999966,-22.785237528],[-45.72432915799995,-22.81579598199995],[-45.74170687699991,-22.80791670599994],[-45.754917278999955,-22.79291223799996],[-45.770945137999966,-22.80592676199996],[-45.76695935699996,-22.840812269],[-45.79085389399992,-22.85860604899993],[-45.80284996799994,-22.833793361999945],[-45.823365981999956,-22.829887027999938],[-45.84812729799996,-22.83783066299995],[-45.86463394799997,-22.869117629999955],[-45.887317,-22.872185999],[-45.894236,-22.849168999],[-45.909035,-22.82960499899996],[-45.923841,-22.83187399899994],[-45.939312,-22.846668999],[-45.956341,-22.849774998999948],[-45.975138,-22.868067998999976],[-45.9930919999999,-22.869809998999955],[-46.008524,-22.889497998999943],[-46.0278335,-22.88505699899993],[-46.050675,-22.896974998999973],[-46.06394471499994,-22.89164326599998],[-46.095218325,-22.894429009],[-46.123612462000025,-22.909544351999912],[-46.13909371599993,-22.92275526],[-46.149755819999974,-22.91046491999996],[-46.138279978999925,-22.89497060999995],[-46.14125198799998,-22.868146002999943],[-46.157775714999985,-22.86348419199996],[-46.19219788499997,-22.86523056999995],[-46.23491858999992,-22.883151461999915],[-46.23744278499996,-22.893223097999957],[-46.257410757999935,-22.890874901],[-46.26686379799995,-22.87568721599996],[-46.279025716000014,-22.878347613],[-46.29502879599993,-22.897819092999917],[-46.31607,-22.88697799899998],[-46.345224236,-22.90467920399989],[-46.36377851199997,-22.89367356699993],[-46.376289403999955,-22.87707907399993],[-46.37319684899996,-22.861652410000012],[-46.37681108099995,-22.827819462000022],[-46.36169545900001,-22.788941381999948],[-46.34348869900002,-22.777458658999947],[-46.334541461999926,-22.760300075],[-46.3548915929999,-22.757092695],[-46.372811350999946,-22.74682584399997],[-46.42558212199994,-22.73632529599997],[-46.43945380799998,-22.726725673],[-46.45272307799992,-22.727581895999958],[-46.45733417499997,-22.707057204999934],[-46.48056527599992,-22.67986530099991],[-46.469092017,-22.673178811999914],[-46.44208209099993,-22.668470302999975],[-46.42771406699994,-22.661357744999986],[-46.39305887099995,-22.66297405899996],[-46.396312195999926,-22.645982048999933],[-46.42062948199996,-22.63807949499995],[-46.42300546199991,-22.62484479599994],[-46.40597053799997,-22.6221789269999],[-46.43258563599996,-22.571228070999947],[-46.41464269299995,-22.557927713999923],[-46.41794509199998,-22.54745567699997],[-46.43928589099994,-22.54062923299994],[-46.45331815399995,-22.522497117999905],[-46.48456992999998,-22.51924176699994],[-46.49117931499999,-22.51038673999993],[-46.54214693599991,-22.494356001999947],[-46.53066744599991,-22.470852528999927],[-46.549864843999984,-22.469548948999982],[-46.554813950000025,-22.446649974999975],[-46.58513391199996,-22.43944753899992],[-46.60614041099997,-22.441729742999925],[-46.631607354,-22.43583570399995],[-46.66651629399993,-22.415109833999978],[-46.666394561999894,-22.381963846999984],[-46.69750280399995,-22.33763060300001],[-46.70119934199992,-22.321493042999982],[-46.71453687,-22.315584169999934],[-46.70528414199994,-22.295823959999925],[-46.71051614299994,-22.284995120999938],[-46.70694302999998,-22.25787233599995],[-46.67805820499994,-22.221918170999952],[-46.68062666099992,-22.214285822999944],[-46.67080084899997,-22.184260558999966],[-46.646427134999975,-22.177946096999932],[-46.64045810899992,-22.157719640999982],[-46.613041482999954,-22.150252526999967],[-46.60359380899994,-22.132197398],[-46.61611590399996,-22.13065468199998],[-46.62417001799996,-22.108516923999986],[-46.63264335299992,-22.10794433699995],[-46.646754995,-22.091893161999963],[-46.67445050299996,-22.096225303999937],[-46.70009765299998,-22.09514891199996],[-46.706117654999986,-22.078972137999973],[-46.66478600499994,-22.068863103999945],[-46.68538901999996,-22.037422128999893],[-46.675574925,-22.022374715999913],[-46.66220251099997,-22.023696107],[-46.653695377999966,-22.01193022999993],[-46.64034290799998,-22.008884327999976],[-46.613262380999934,-22.014962690999926],[-46.61466877299995,-21.996971152999976],[-46.642825449999954,-21.976620813],[-46.651413821999924,-21.961452864999984],[-46.65327331499995,-21.944104226999936],[-46.66797531499995,-21.93057817699998],[-46.673778464999955,-21.91105268899994],[-46.653167806999924,-21.896012576999944],[-46.64753646099992,-21.88046083399998],[-46.66600580799997,-21.848388864999944],[-46.676530203,-21.85062551399991],[-46.69097054699993,-21.83696384900001],[-46.6524096869999,-21.79127986099992],[-46.65399134099994,-21.779246401999917],[-46.62603031199996,-21.766226462],[-46.63082028499998,-21.741521898],[-46.623019808,-21.712946170999956],[-46.628673557,-21.694817561999944],[-46.621594723999955,-21.675542992999972],[-46.59303583799989,-21.683178334999962],[-46.56463134,-21.678679389999953],[-46.56669834199995,-21.659201837999973],[-46.54815767499995,-21.64818258099995],[-46.54736739699993,-21.63043376799992],[-46.51822801699998,-21.61282186499994],[-46.52442887799994,-21.600958724999906],[-46.52199416900002,-21.58450870999996],[-46.50274551299997,-21.561597354999904],[-46.50077666699996,-21.549761130999965],[-46.52297770199995,-21.52993786299989],[-46.51610208599994,-21.511341168999962],[-46.51925052299994,-21.50088967100002],[-46.50888999599997,-21.489127081999957],[-46.509252135999915,-21.469898927],[-46.51955978899995,-21.46201839499998],[-46.519052712,-21.44895315599996],[-46.53577983799996,-21.449142155999965],[-46.55788219599996,-21.442657511999972],[-46.57651366299992,-21.42695718099997],[-46.60188993,-21.44396078099989],[-46.61525676499993,-21.441468191999977],[-46.61805873199995,-21.42232353799992],[-46.63734222299995,-21.410689638999933],[-46.64873033699994,-21.391721343],[-46.647199282,-21.364193068999935],[-46.666724239,-21.36129169099995],[-46.6754986089999,-21.375100638999953],[-46.693169942999916,-21.384292482999943],[-46.7006345309999,-21.400788879999908],[-46.71472165099992,-21.392662071999933],[-46.73897484099997,-21.392572329999968],[-46.762136927,-21.374968728999963],[-46.76470505799994,-21.360063636999946],[-46.78953728199994,-21.3729595419999],[-46.81730936400001,-21.36643857199992],[-46.836071454999946,-21.370727545999966],[-46.84208403699996,-21.38910831999997],[-46.86534348299995,-21.395569343999963],[-46.893305569999924,-21.41561413299998],[-46.932901421999965,-21.42497916099991],[-46.963708783999905,-21.41842740899996],[-46.984367447999915,-21.426695054999954],[-47.012970414999984,-21.41910701699997],[-47.00771405699992,-21.410672975999976],[-47.016168007999966,-21.39650344099989],[-47.00577885399994,-21.385212614999958],[-47.00829273599993,-21.370017376],[-46.99629821799995,-21.356389440999966],[-47.016526994999914,-21.342362938],[-47.02098823999991,-21.32163084899995],[-47.035178301,-21.310042549999917],[-47.029772988999966,-21.299555714999894],[-47.041952099999946,-21.28650191099993],[-47.04189616199994,-21.269742498999964],[-47.05228174399993,-21.246518713999905],[-47.07607571899992,-21.24117561499995],[-47.078912244999955,-21.230595131],[-47.06796411999996,-21.21431225299993],[-47.07449159599994,-21.207905936999936],[-47.09565138199993,-21.209673718],[-47.11430481599994,-21.187656578999956],[-47.123647821,-21.16790940699996],[-47.117305108999936,-21.15369593799997],[-47.133035613999944,-21.133218345999936],[-47.11476013899995,-21.104696246999897],[-47.141294021999975,-21.085938858],[-47.139422415999924,-21.069354130999915],[-47.14610084799997,-21.059051490999945],[-47.14698121399998,-21.038041789999937],[-47.15702985099998,-21.018824736999928],[-47.14373893599994,-20.982385671999957],[-47.15326405199997,-20.970894137999938],[-47.181981342,-20.95364676799992],[-47.19256598399994,-20.942053],[-47.19003990799992,-20.928218088999948],[-47.210458068,-20.924139032999953],[-47.224573085999936,-20.911613494999912],[-47.24004425699999,-20.885281697],[-47.21448440499991,-20.827219440999976],[-47.22493436699999,-20.80094961799995],[-47.21386554199995,-20.792311485999946],[-47.204815793,-20.774343652999914],[-47.188818291999915,-20.77062470799996],[-47.18229231899997,-20.741292986],[-47.186205372,-20.732387309999964],[-47.17027347999993,-20.718630568999927],[-47.16924077100001,-20.703430845999957],[-47.12667536299994,-20.70931854399994],[-47.101235286,-20.683165818999925],[-47.09745644999998,-20.64387682699996],[-47.11268085099995,-20.638084307999947],[-47.108506989999924,-20.62188630799998],[-47.12332258399991,-20.61272249699991],[-47.12276178899996,-20.594681291999937],[-47.13239604999996,-20.59078386799996],[-47.14286306399995,-20.565217505999964],[-47.13765483199996,-20.5611054039999],[-47.14345983499994,-20.535323385999913],[-47.154517380999934,-20.519553191999904],[-47.18568036099999,-20.510859172999982],[-47.211901342999965,-20.49984053000001],[-47.22960159599997,-20.486903891999884],[-47.25360453299993,-20.477952284999965],[-47.259484962999935,-20.4689270009999],[-47.291011293999944,-20.450549889999934],[-47.28728910399999,-20.43514938699996],[-47.296100199,-20.42725602899994],[-47.285455653,-20.405739966999956],[-47.29820813599998,-20.348435714999944],[-47.284960022999925,-20.331990195999925],[-47.285819973999935,-20.31628649899991],[-47.272585227000015,-20.285657143999956],[-47.263471191999976,-20.281028184999936],[-47.239102029,-20.24356809399995],[-47.23107362,-20.21915217399993],[-47.25057093199993,-20.19967021199994],[-47.26178041999997,-20.159924877999966],[-47.2964016409999,-20.145888068999938],[-47.30967337499995,-20.124498408999933],[-47.358676441999954,-20.103981559999937],[-47.37160304799996,-20.085942391999954],[-47.408133496999945,-20.08019628199996],[-47.41823403799998,-20.064642593999924],[-47.44029691399991,-20.048829456],[-47.444842351999945,-20.030381685999963],[-47.424428037,-20.01531955299992],[-47.44754945599993,-19.990840836999944],[-47.46332203999996,-19.965789005999977],[-47.49772535299998,-19.9716276459999],[-47.50693695999992,-19.982411551999988],[-47.53690308899998,-19.983562522999918],[-47.55263779499998,-19.99602594299997],[-47.583824617999966,-19.99666463199997],[-47.59398421,-20.0109482029999],[-47.594748096999965,-20.02589151899997],[-47.613990085,-20.04210898599995],[-47.639656072999976,-20.047219412999926],[-47.67062638199999,-20.022515948],[-47.67614993899995,-20.00191558999994],[-47.68798909699996,-19.990244505999986],[-47.712691724999985,-19.978147978],[-47.733681691999955,-19.987928204999914],[-47.751105572000014,-19.990289085999944],[-47.76597374999991,-19.98573474699997],[-47.80565805299998,-19.985131664999987],[-47.83468048899994,-19.99606564499997],[-47.859750731999924,-19.99293974799997],[-47.87521415499995,-20.01857476599996],[-47.875820109,-20.032410498999962],[-47.86146152,-20.04500959699996],[-47.86996558299991,-20.063694648],[-47.875077302,-20.09837268999993],[-47.89939995199994,-20.125674526],[-47.931524817,-20.110434848999912],[-47.94240449999993,-20.09500133899996],[-47.94602214399994,-20.06046775399991],[-47.95673807899991,-20.047588348999987],[-47.97596931699994,-20.035372666999915],[-47.991528038999945,-20.049165929999955],[-47.98974816599994,-20.072962969999928],[-48.00105502899996,-20.101259040999917],[-48.020163,-20.124029000999908],[-48.038843,-20.119949000999924],[-48.04938691399993,-20.137235526999984],[-48.076775842999915,-20.1484295619999],[-48.105487412999906,-20.146355956000015],[-48.12654668399993,-20.131256519],[-48.14772157100002,-20.12413957699991],[-48.15565998899995,-20.105301167999965],[-48.17860597699994,-20.09618021599989],[-48.181830749999946,-20.07785509699996],[-48.20777146499992,-20.03937002199999],[-48.22849899199994,-20.028214175999945],[-48.246997015999966,-20.033879814999942],[-48.24413189999996,-20.047403813],[-48.253425136,-20.07792066499997],[-48.247643597,-20.088206161999942],[-48.21899009699992,-20.115386844999925],[-48.21863549699998,-20.127883959999924],[-48.241332836,-20.140184517999913],[-48.265100096,-20.143796442999893],[-48.285761852,-20.13741116099995],[-48.295493319999956,-20.124007595999913],[-48.315412862,-20.113801091],[-48.374935922999924,-20.123103209999957],[-48.40577677599997,-20.113511040999974],[-48.43902657399994,-20.12022056800001],[-48.45655937699995,-20.12879003599993],[-48.49111613199996,-20.13812321599998],[-48.50923159899995,-20.138796344999985],[-48.55462891999995,-20.130298991999904],[-48.593247428999945,-20.135811745999952],[-48.63771183599994,-20.165347437000012],[-48.66575234399992,-20.166200978999935],[-48.70710770499997,-20.160217211],[-48.73134107099999,-20.149381771],[-48.756648100999925,-20.15436269],[-48.78113730599998,-20.163852471999952],[-48.822126733999944,-20.1615471449999],[-48.85539246899999,-20.180143952999927],[-48.85344881099993,-20.215009680000016],[-48.85925979399996,-20.232306057999914],[-48.872227253999974,-20.241869451999914],[-48.88707533899998,-20.275275438999927],[-48.88829726300001,-20.297221072999925],[-48.87545076899997,-20.318434980999953],[-48.878429616999966,-20.356137846999953],[-48.86928322399992,-20.379275578],[-48.86703918599997,-20.39834930499996],[-48.878606855999976,-20.42966915399994],[-48.89986253699991,-20.441336232999916],[-48.928655049999946,-20.421494025999962],[-48.96303031699995,-20.40312151599993],[-48.97035279299999,-20.38979052799995],[-48.96572983399993,-20.35801073600002],[-48.96578298199998,-20.279291792999974],[-48.96178583200001,-20.263301177999935],[-48.97202319799991,-20.207790346999985],[-48.98604519099996,-20.170765326999938],[-49.00042631299996,-20.160748095999956],[-49.03294733499994,-20.150055912],[-49.06747975499998,-20.154743511999982],[-49.08930023299993,-20.21217459199992],[-49.12241114899995,-20.273545039999927],[-49.13401179199994,-20.28446806699998],[-49.15902873699995,-20.297979733],[-49.17127965600001,-20.311745807999912],[-49.18356251999995,-20.314659810999967],[-49.20299958299996,-20.304671160999952],[-49.225294014999946,-20.305343064999946],[-49.24520072699991,-20.28214284599997],[-49.25915600599994,-20.26020422199993],[-49.26427624099993,-20.23126299699994],[-49.28347528599996,-20.200024612999954],[-49.299246428999965,-20.167076078999955],[-49.30028756399995,-20.1433435449999],[-49.30853803899994,-20.103892933999887],[-49.30725532099995,-20.060319309999972],[-49.29821579499995,-20.03343457099996],[-49.29725598199994,-20.017516983999926],[-49.28392362700002,-20.004771687],[-49.26253343699997,-20.006926162999914],[-49.24833879399994,-19.99963704599997],[-49.249646984,-19.96955423899994],[-49.26517309399998,-19.962038010999947],[-49.297537781999985,-19.960545406999906],[-49.311622007999944,-19.964818197999943],[-49.33277984999995,-19.980106962],[-49.35648649,-19.986717257999906],[-49.43453920899998,-19.982385179999937],[-49.453809955999986,-19.978059750999897],[-49.49278615699992,-19.950421176999953],[-49.49992518899997,-19.92596206599991],[-49.514004928,-19.91431150599997],[-49.551485234999966,-19.905841004999978],[-49.55920354899998,-19.911207277999985],[-49.58318040999991,-19.909991308],[-49.60602482999994,-19.916504969999913],[-49.63440530099998,-19.93193211399996],[-49.71214957999994,-19.931261531999986],[-49.733956927999955,-19.92617131],[-49.78245623500001,-19.924463096999965],[-49.80046250199994,-19.931175997999926],[-49.83527451500002,-19.93331495799998],[-49.853739673,-19.946456828999946],[-49.888336930999984,-19.945304915999937],[-49.946052062999975,-19.92391104699994],[-49.969882541999965,-19.920048385],[-50.00305291899993,-19.926446971999976],[-50.01876343199997,-19.925396788999947],[-50.047239195,-19.91538963599991],[-50.079521508999946,-19.88598203799997],[-50.09724333899996,-19.875478953999934],[-50.134337993,-19.874002169999958],[-50.16541506399996,-19.877867481999942],[-50.19598394399998,-19.867242254999926],[-50.21565177499998,-19.86664844199991],[-50.245155945,-19.876757703999957],[-50.29127056699993,-19.867893669999912],[-50.306410296999914,-19.874085974999964],[-50.35275894099993,-19.864602431],[-50.394750146,-19.820673170999967],[-50.417132774,-19.801136460999977],[-50.443524319999895,-19.79253838499991],[-50.46932357799997,-19.779888807],[-50.49897033,-19.795784320999896],[-50.51721294500002,-19.796408077],[-50.54487363600002,-19.810144807999972],[-50.577948759,-19.816374352],[-50.60554522099993,-19.85608829599995],[-50.63194479799995,-19.870916550999915],[-50.658104733999934,-19.90714730099997],[-50.70899849099996,-19.920221670999947],[-50.73541292899996,-19.930189002999974],[-50.78360150399989,-19.93722948599995],[-50.817336181000016,-19.95833322100001],[-50.851583027999965,-19.969766641000017],[-50.87617613,-19.990824974999963],[-50.89719944199997,-19.990155184999967],[-50.93365977400001,-20.014929218999953],[-50.945515842,-20.0297261279999],[-50.96912936399997,-20.036445197999928],[-50.996534150999935,-20.077314557999912],[-51.009756656,-20.072026137999952],[-51.01788844199994,-20.04839252499991],[-51.00603646399995,-20.025299765999947],[-51.00548609799997,-19.99606493899991],[-51.02082447599996,-19.967870539999986],[-51.02091117699993,-19.959087422999975],[-51.00249860999996,-19.924794949999978],[-50.99947130299995,-19.90637549999997],[-51.019306932999896,-19.87045024599997],[-51.01819866899994,-19.837281122999926],[-51.023628886,-19.803945643999974],[-51.039939400999955,-19.777118284],[-51.027901727999954,-19.75657544899999],[-51.046081810999965,-19.73558291899998],[-51.03849551799995,-19.719533213999938],[-51.038180814000015,-19.691767492999954],[-51.010773346999926,-19.64452957499999],[-50.9904676469999,-19.60540189099996],[-50.987554582000016,-19.589507554999983],[-50.9618021859999,-19.58173979199996],[-50.94654257499995,-19.591689793999887],[-50.93055646699993,-19.590282623999897],[-50.924394628999906,-19.580884597],[-50.92416830999993,-19.558617402999943],[-50.93088127399998,-19.542243911999932],[-50.96294621699997,-19.50057879599992],[-50.96386341399992,-19.486353901999962],[-50.94944058799992,-19.47105145399993],[-50.93499777799997,-19.467477484999982],[-50.952131537,-19.442633454999978],[-50.98607589799997,-19.42919565799995],[-50.98800339799993,-19.408444074999984],[-51.02575214599991,-19.398715391999897],[-51.02046877899993,-19.386618302999956],[-51.02990596599996,-19.366978750999984],[-51.04225811399996,-19.356120520999962],[-51.045537445999955,-19.343367564999934],[-51.08744001399998,-19.31243253899991],[-51.126974175999976,-19.302958914999966],[-51.14413600999994,-19.286853753999953],[-51.16916823999997,-19.286963064999938],[-51.186548696999985,-19.27031134799991],[-51.225499866999975,-19.258979436999955],[-51.24262526399994,-19.269254674999967],[-51.276608720999945,-19.26050426199991],[-51.307641430999965,-19.23272607199996],[-51.308768835,-19.217800414999928],[-51.33703357199997,-19.22228736200001],[-51.34555983399995,-19.213979722],[-51.36396052699992,-19.22250598399998],[-51.37011838199996,-19.199587100999924],[-51.377988777999946,-19.19270050499998],[-51.394531182999984,-19.19623489499994],[-51.418069494999955,-19.172878767999944],[-51.45898826399994,-19.167522526999967],[-51.47279789299992,-19.154150141999935],[-51.498668173999924,-19.161000300999973],[-51.52710284200001,-19.13892196499992],[-51.55093489799995,-19.140652146],[-51.592211967999916,-19.12678742699999],[-51.60897749199995,-19.141044947999983],[-51.634482261999906,-19.130832292],[-51.651604002999925,-19.135999142999935],[-51.70011461699994,-19.118794943999937],[-51.716184917,-19.106383105999978],[-51.72754136099995,-19.107760202999966],[-51.74787662599993,-19.093679488999946],[-51.815705294999965,-19.055094743999987],[-51.852220610999936,-19.052489213999966],[-51.876288786999964,-19.030961800999933],[-51.897086577999936,-18.99448504899995],[-51.90714752399998,-18.99437707599999],[-51.94073735800002,-18.968232711999953],[-51.95099428399993,-18.981137672999946],[-51.97936118900002,-18.973622421999945],[-52.014533678,-18.976070966999945],[-52.01871765699997,-18.963438311999923],[-52.04363910499998,-18.95068781999992],[-52.07935886599994,-18.951088548999948],[-52.105792666999946,-18.92592982799993],[-52.11080637899991,-18.89870181999994],[-52.15057477299993,-18.893345881999988],[-52.173042325999944,-18.856996694],[-52.18735376899996,-18.845875431999968],[-52.20802650699998,-18.849113871999954],[-52.215711845999934,-18.842765022],[-52.25220837999995,-18.839200649999963],[-52.26323031000001,-18.828224413999948],[-52.29335377899994,-18.82924506799993],[-52.30514071199998,-18.84043983399991],[-52.34465606499994,-18.82302775299994],[-52.35390083399995,-18.800203427999982],[-52.375214997999926,-18.791051939999956],[-52.37919301399991,-18.781699387999904],[-52.40754572699997,-18.757154477999958],[-52.41255908399991,-18.739633421999944],[-52.424080333999896,-18.733013226999926],[-52.44802564199997,-18.691966545999925],[-52.501705321999935,-18.676023425],[-52.53154927099992,-18.657480693],[-52.54649037099998,-18.656596990999983],[-52.56623333599998,-18.664575227999922],[-52.588721485999926,-18.686835366],[-52.63465992299993,-18.691542901999956],[-52.648582979999965,-18.685962965999945],[-52.68730979199995,-18.678342516999944],[-52.71610333299998,-18.69140911899999],[-52.74810400199989,-18.692055733999933],[-52.76308040899995,-18.681375128999953],[-52.78539790399998,-18.680831603999923],[-52.81006042799998,-18.66770564899994],[-52.82202389999996,-18.672165632999924],[-52.84646869199997,-18.66695301499993],[-52.86833012799994,-18.64859328899998],[-52.91276745899991,-18.64197975799989],[-52.91765747399994,-18.615240945999965],[-52.94062207599996,-18.611495398999942],[-52.93445364699993,-18.599112203999955],[-52.951816653,-18.576671594999947],[-52.95362801199996,-18.56238828499995],[-52.96492716999996,-18.550028862999977],[-52.962351359999914,-18.540819703999976],[-52.942511020000026,-18.517030716999958],[-52.91970744,-18.51074207299993],[-52.89909523799993,-18.47683267299992],[-52.880957286999944,-18.465492743],[-52.87640090999999,-18.430920987],[-52.87118256799996,-18.425814275999972],[-52.798512562,-18.414861300999927],[-52.78373672699993,-18.38830148799998],[-52.76995801099994,-18.38026027399998],[-52.75887324900001,-18.36314039499994],[-52.759319632,-18.348070857],[-52.775903307,-18.32875338799994],[-52.79691770299994,-18.316002194999967],[-52.814258969,-18.311297801999924],[-52.87320670499993,-18.314833543],[-52.935230137999966,-18.296554322999956],[-52.965265717,-18.29894067099996],[-53.01393821399991,-18.326139130999906],[-53.02306580499991,-18.34946399899998],[-53.071739586999925,-18.341542537999942],[-53.09965570899992,-18.313619138999968],[-53.10203970799991,-18.272620252999925],[-53.107512998999894,-18.260141147],[-53.11018760799995,-18.21956326599997],[-53.129738107,-18.160702450999953],[-53.1290164659999,-18.13848446599998],[-53.136711153,-18.118524898],[-53.14315259999997,-18.084077648999894],[-53.13991574199994,-18.07211157399996],[-53.123651668,-18.058828301999927],[-53.10296742299993,-18.05884632399991],[-53.07571136199993,-18.050795389],[-53.073509091999966,-18.03451059999995],[-53.17432596299991,-18.04159823999992],[-53.190539438,-18.036298617999922],[-53.198791634999964,-18.020306144999907],[-53.230408424,-18.011697281999925],[-53.241544388,-18.00470975099998],[-53.27412301299994,-18.001673395999926],[-53.29190582499994,-17.995865883999915],[-53.332346469999976,-18.00155750999993],[-53.33567476999994,-18.006907456],[-53.380771189,-18.00875716399993],[-53.40570839799998,-17.992048922999935],[-53.41787964499993,-17.994796249999965],[-53.435048805999955,-17.98458274699991],[-53.449186975999936,-17.998808800999964],[-53.46785015999995,-18.034893136999894],[-53.48607117799997,-18.04040026199992],[-53.517876832,-18.020648187999964],[-53.530797784999976,-18.020548027999936],[-53.55755249599998,-18.01178131499995],[-53.59005187199994,-18.009719709],[-53.606994824,-17.995489691999964],[-53.61624477,-17.978727744999965],[-53.65204341,-17.976328730999978],[-53.67644300099991,-17.989926968999956],[-53.69271881299993,-18.006920141],[-53.72680229899995,-18.003472876999957],[-53.736683522999954,-17.994895217999982],[-53.774217178999905,-18.000770134999975],[-53.812161987999936,-17.959517015999946],[-53.85424699199996,-17.925834317999954],[-53.87882597299998,-17.922787388999915],[-53.89855061799997,-17.908802404],[-53.92424445299994,-17.919963421999938],[-53.94963516999997,-17.91290800599997],[-53.94971601199991,-17.893958670999908],[-53.955749789,-17.88301949099994],[-53.941165075999926,-17.840204346999897],[-53.913161751,-17.808034958999972],[-53.906323857,-17.788974738999972],[-53.89549426199995,-17.77702469399994],[-53.88838113299991,-17.74899255699994],[-53.87702121099995,-17.731882023999965],[-53.860936672999955,-17.72071183399989],[-53.8559091,-17.702717167999946],[-53.83894179499997,-17.69009797099997],[-53.8251063289999,-17.687963767999957],[-53.79882717299991,-17.67053488799993],[-53.785489402999985,-17.67636934799995],[-53.76501529999997,-17.673660689999924],[-53.739768988999984,-17.665009297999976],[-53.720046402999984,-17.668812294999956],[-53.70388530399996,-17.661344519999975],[-53.693402539,-17.50020174399994],[-53.680074905999945,-17.253569711999948],[-53.692458159999944,-17.246463552999955],[-53.70514502600001,-17.228153773999964],[-53.736518857999926,-17.23218110399994],[-53.747014835999906,-17.24264069500002],[-53.762826769999904,-17.246601313999985],[-53.76570783299998,-17.260103053999973],[-53.78571326399994,-17.287515131999918],[-53.80663698099994,-17.287961055999954],[-53.820072736999975,-17.294615653999887],[-53.830709656999986,-17.317284480999948],[-53.835158383999925,-17.339202273999952],[-53.831323329999954,-17.35502041399993],[-53.869438806999895,-17.369191444999963],[-53.88357006099993,-17.38706985899997],[-53.91460060099995,-17.414414540999932],[-53.931100554999944,-17.439450313],[-53.963938722999956,-17.461272559],[-53.97305011599995,-17.47224402999997],[-53.997245294,-17.471361259999938],[-54.02326659399998,-17.477073074999936],[-54.03763781099997,-17.486448826999954],[-54.041246201,-17.500523608999927],[-54.05807710399994,-17.51312931999994],[-54.045908012,-17.537227390999952],[-54.051633021000015,-17.562770087999944],[-54.073269317,-17.587801310999982],[-54.0726605479999,-17.596766461999955],[-54.084692451999956,-17.619034804],[-54.09954929199998,-17.61311783099991],[-54.13418720999996,-17.61872636499989],[-54.15743920899995,-17.605002543999912],[-54.1916302459999,-17.60564908299994],[-54.21672096199998,-17.621212719],[-54.24374380299996,-17.628904582999958],[-54.25168654599999,-17.64123773299998],[-54.27454963599995,-17.654048155999966],[-54.291972426,-17.65300122499994],[-54.302420401999925,-17.661660208999894],[-54.34344279499996,-17.65557369999989],[-54.37163575399994,-17.64505074899999],[-54.38779869999994,-17.631936654999922],[-54.37708178699998,-17.607434026999922],[-54.39202914999994,-17.570556514],[-54.40611311199996,-17.562217491999963],[-54.41399759299996,-17.544551701999964],[-54.42630320599992,-17.53700014799998],[-54.45308272899993,-17.533525426999983],[-54.468718253,-17.52719152999994],[-54.47760953399998,-17.51352623599992],[-54.474230038999956,-17.497992846999963],[-54.50230488599993,-17.48071082099992],[-54.53633202600001,-17.477585193999943],[-54.554188444999966,-17.48866843999993],[-54.570306613,-17.47336970399994],[-54.58861376299994,-17.477121947999894],[-54.60741885099998,-17.487130472999954],[-54.636080758999945,-17.49572436999994],[-54.690054592,-17.503170596],[-54.71546728699998,-17.513142823999903],[-54.7469130329999,-17.519942236],[-54.75700286799993,-17.534494320999947],[-54.762170974999975,-17.554416117999914],[-54.75878091799997,-17.565696416999952],[-54.800754205999986,-17.58259671099994],[-54.825004223999954,-17.609675934999967],[-54.85158628399997,-17.613033292999933],[-54.86086381199995,-17.623853496],[-54.88063656599992,-17.616870227999968],[-54.89703552899991,-17.620346049999966],[-54.902168600999985,-17.611553806],[-54.94342442199997,-17.609028363999943],[-54.98494313199995,-17.624076481999982],[-54.99592423999992,-17.638450886999966],[-55.01166865100002,-17.631106349999968],[-55.047312335,-17.64033303699991],[-55.072648209999926,-17.631632574999987],[-55.09336626599996,-17.636036769999972],[-55.11136480299996,-17.631228587999956],[-55.113892133,-17.643963067999966],[-55.127255961999936,-17.652722300999955],[-55.148955335999986,-17.642891023999905],[-55.17061402099996,-17.64083402499997],[-55.17407053999996,-17.630631470999933],[-55.218140349999985,-17.607517196999964],[-55.23191917099999,-17.59557865999991],[-55.25239478199994,-17.592310805999976],[-55.25409017099997,-17.576946492999976],[-55.263059175,-17.56483678199997],[-55.28442303899992,-17.554111986999974],[-55.299674899999935,-17.541193011999976],[-55.33158098900002,-17.549265805999923],[-55.348260022,-17.546948862999976],[-55.35375987599995,-17.531616949999904],[-55.371902626999976,-17.522678443],[-55.40520444699999,-17.512396797],[-55.43272468899991,-17.511739380999956],[-55.453786259999944,-17.500396966000018],[-55.46544750099997,-17.486857428999922],[-55.48304353899997,-17.478685726999963],[-55.497618721999956,-17.486518265999926],[-55.51503289399992,-17.48362132199995],[-55.556232106000024,-17.443367361999904],[-55.57487270699994,-17.434665961],[-55.58864177799993,-17.41381670699994],[-55.583837990999925,-17.38279765999998],[-55.60614822799998,-17.36538432299991],[-55.626339809999976,-17.364029736],[-55.635894764999904,-17.35304858799994],[-55.648730586999946,-17.35830766199996],[-55.658088499,-17.3390814219999],[-55.68926237799998,-17.340439481],[-55.704371764999934,-17.35168314299994],[-55.71967274599993,-17.34885973199992],[-55.76120660399992,-17.323532031999953],[-55.773955220999945,-17.331504196999923],[-55.78987976499994,-17.326800492999936],[-55.805011049000015,-17.30943994499997],[-55.84523045599995,-17.298606111999923],[-55.869649826999904,-17.27535557999996],[-55.886562171,-17.284764697999986],[-55.901926346,-17.273400763999955],[-55.88948931799999,-17.263188623999923],[-55.931367380999944,-17.26465838299994],[-55.946986774,-17.271291185999935],[-55.960154657,-17.25019063799996],[-55.98270471,-17.249509072999967],[-55.99205051699993,-17.239883425999967],[-56.012037712999984,-17.23668179],[-56.017065975,-17.208633266999982],[-56.01606749299998,-17.19022879899997],[-56.03015033,-17.186708192],[-56.044119322999926,-17.171395114999974],[-56.06959083699998,-17.170313942999957],[-56.08273044699993,-17.17774583399999],[-56.102091477999956,-17.17407832499994],[-56.11234414799996,-17.166348554999953],[-56.12884816399994,-17.179423247999956],[-56.15717838699992,-17.187134410999914],[-56.163347644999924,-17.194695480999975],[-56.18446145699993,-17.194570947999974],[-56.20040146799995,-17.206273408999948],[-56.21301024099996,-17.225938567],[-56.23373032899998,-17.227337107999983],[-56.25134481799991,-17.219023089999972],[-56.25809953999996,-17.237819143999964],[-56.28342865899995,-17.246672517000015],[-56.28170606299997,-17.2634341589999],[-56.297849826999894,-17.276588066999974],[-56.313540993999936,-17.26942905499996],[-56.33587364799999,-17.289948513999907],[-56.36065485899994,-17.280844303999974],[-56.383066282999934,-17.287958407999913],[-56.38893004799998,-17.301946268999888],[-56.450877607999956,-17.326391599999944],[-56.4509563299999,-17.311901195999955],[-56.46556858199993,-17.314139133999937],[-56.499206091,-17.289563351999924],[-56.513960959999935,-17.29816120899997],[-56.513873372999974,-17.312822733],[-56.53237417499996,-17.312963819999947],[-56.55101558299995,-17.322876290999965],[-56.567637032999954,-17.31491076500001],[-56.57493725800002,-17.328132738999944],[-56.61185241199995,-17.331908211999956],[-56.62001812199995,-17.32203261799997],[-56.672520541000026,-17.334575044999987],[-56.68318140999997,-17.31656636499995],[-56.70165115999996,-17.31993842899989],[-56.73385418,-17.30986017100001],[-56.743462000999955,-17.327342697999946],[-56.757794417999925,-17.326692915],[-56.76090659999994,-17.35164845199991],[-56.767460823999926,-17.364584711999917],[-56.78899288199999,-17.37405365499992],[-56.78598775999994,-17.387526471999912],[-56.828711942,-17.389960268999936],[-56.83135440899997,-17.409736865999967],[-56.82440695599997,-17.42307894699998],[-56.84090985799994,-17.442008606999924],[-56.825489609000016,-17.45308660999992],[-56.83216551399994,-17.463669188999962],[-56.84540810199998,-17.462444190999946],[-56.84604507499992,-17.48057891400002],[-56.865213889999936,-17.49001599699996],[-56.861470406,-17.505209557999954],[-56.87596746299992,-17.53297218699995],[-56.895772049999955,-17.539383274999985],[-56.909576283999925,-17.53254639699998],[-56.94619033599999,-17.55476076899992],[-56.951994468999985,-17.569359038999952],[-56.973492540999985,-17.58038430299994],[-56.98227396899995,-17.609566567999977],[-56.964747135999986,-17.621737429999982],[-56.98524955799995,-17.644802488999964],[-56.988219139999984,-17.659290042999984],[-57.000435023999984,-17.670721803999943],[-57.013274756,-17.672429351999916],[-57.01926985499998,-17.692166528999973],[-57.03337694799997,-17.694741150000013],[-57.03660384599998,-17.71108966899991],[-57.04779969899995,-17.732531895999912],[-57.05671664299993,-17.729496472999937],[-57.07532273000002,-17.73683929499997],[-57.089161265999984,-17.750811484999893],[-57.101495464,-17.772186335999915],[-57.12800307699999,-17.774127102],[-57.1481389479999,-17.768522275999974],[-57.15396983399998,-17.77729746599995],[-57.17485149799997,-17.776238648999918],[-57.191244546999904,-17.785808533999923],[-57.21105236099994,-17.78889695199993],[-57.225243501999955,-17.78284290599995],[-57.23508414299998,-17.788331287999934],[-57.24546657599998,-17.806314700000012],[-57.264835689999956,-17.820349648999976],[-57.28377285099999,-17.812912759999975],[-57.311384474999926,-17.817824501999944],[-57.3252263429999,-17.829150751999965],[-57.350058477999895,-17.837089292],[-57.36808072999999,-17.82619916899991],[-57.380071286,-17.827343986999953],[-57.38466293199995,-17.84344252899995],[-57.4097521109999,-17.853915279999963],[-57.426276335999944,-17.856396045999965],[-57.447276609999975,-17.87568616199998],[-57.44591966399996,-17.891968324999894],[-57.46025001099994,-17.89985495399998],[-57.477668998999945,-17.878882119999915],[-57.48527439599995,-17.862228093999963],[-57.51635867299997,-17.86282585299995],[-57.535249376999985,-17.852190039999947],[-57.53102792999993,-17.839113474999966],[-57.55200378099998,-17.828205281999985],[-57.55763117299992,-17.81615930299992],[-57.569679189999974,-17.81664638999999],[-57.57794698399998,-17.800173238999903],[-57.60236111700003,-17.80486776799993],[-57.609308838999965,-17.797541499999934],[-57.62311086100002,-17.73635898399993],[-57.640303895999985,-17.71735933599997],[-57.66355417899993,-17.729853773999924],[-57.68461313099992,-17.716481508],[-57.68072516399993,-17.6849101679999],[-57.67203183899998,-17.682076729999938],[-57.67177987699991,-17.66411243100002],[-57.67938764599993,-17.657700860999945],[-57.6876979319999,-17.628237951999957],[-57.696890373999935,-17.62064282699992],[-57.710947964,-17.56607735399994],[-57.712139024999956,-17.543133807999975],[-57.728057598,-17.529747856999975],[-57.74005146599991,-17.53630515499994],[-57.752294742999965,-17.56446311399996],[-57.766641527999965,-17.558586475],[-57.79286720099998,-17.555741772],[-57.78540917999992,-17.575231358999908],[-57.79080723299998,-17.58666461399999],[-57.77458101,-17.599692595999947],[-57.78402507399997,-17.60742124999993],[-57.77433133599993,-17.62617981700002],[-57.78291855,-17.63617222799999],[-57.77444550699997,-17.657826293999932],[-57.762247408999926,-17.660612553999986],[-57.74903993999995,-17.693219458999963],[-57.73783120699997,-17.699198611999964],[-57.730966953999925,-17.718772326],[-57.70964198099995,-17.729883764],[-57.72013444199999,-17.77171910799998],[-57.683225890999985,-17.808002573999957],[-57.68316726599993,-17.82813711299994],[-57.72066728999994,-17.827859945999922],[-57.63191870899995,-17.98563260399991],[-57.62419469,-18.004142282999922],[-57.60011199799992,-18.046367254999982],[-57.574864554999934,-18.131887333999916],[-57.505140605999934,-18.20034155599993],[-57.480524790999894,-18.206760047999957],[-57.45391902299996,-18.231194094999967],[-57.55783442499995,-18.24034852199997],[-57.76667530799992,-18.899285322],[-57.71983738300001,-18.899065379],[-57.71931494499995,-18.977049008999956],[-57.71075212899996,-18.979440068],[-57.696706524,-19.000094848999947],[-57.698865006999895,-19.013537238],[-57.71020333399994,-19.03259323],[-57.78444573299996,-19.033901312999966],[-57.886280945999964,-19.247537548999958],[-58.032276208,-19.552472719999923],[-58.13181868699992,-19.75849741399994],[-57.85815172299992,-19.97141679199995],[-57.86242668399996,-19.985645215999934],[-57.887347069999976,-20.015497335999974],[-57.904873529,-20.04333093699998],[-57.927707271999935,-20.022998627999975],[-57.94629033299998,-20.018806452999947],[-57.95926416199998,-20.022251134999944],[-57.97259925099995,-20.048110348999924],[-57.98625694399996,-20.058470753999966],[-58.022843805,-20.058168397],[-58.0372912619999,-20.071858369999926],[-58.043987710999914,-20.098780646999934],[-58.05676523699994,-20.107269209],[-58.07537488699996,-20.105256301999894],[-58.09757294199997,-20.115093677999916],[-58.115353037999924,-20.143745209],[-58.149353947999955,-20.15168557899992],[-58.167153565000014,-20.16726696499994],[-58.15933459900002,-20.18141650099997],[-58.13259701299992,-20.181935990999964],[-58.121846214,-20.1943926229999],[-58.13200684699994,-20.207258465999942],[-58.15422199299995,-20.215731003000013],[-58.166418173999915,-20.236633382999933],[-58.15939698199994,-20.263848412999916],[-58.14455034499996,-20.271777413999956],[-58.11952350099993,-20.249581595999953],[-58.09664981299997,-20.25392498799997],[-58.08989096799994,-20.264528009999925],[-58.09077322199993,-20.285031541999974],[-58.10305050799995,-20.321168808999932],[-58.09393623499999,-20.351356616999947],[-58.07319028399995,-20.38798807699994],[-58.03973545999998,-20.399031007999966],[-58.02461890899997,-20.40009627599991],[-58.00434866599994,-20.42659158499994],[-57.99645270199997,-20.443406653999983],[-57.99855999199998,-20.455563625],[-58.01359641599994,-20.480264245999944],[-58.01991420999998,-20.5143930689999],[-57.997182916,-20.572371433999912],[-58.01312827899993,-20.60829639899998],[-57.99557429799995,-20.63172642299996],[-57.97038604399997,-20.644191845999913],[-57.98822873499995,-20.686729094999965],[-57.981027281999985,-20.705746118999944],[-57.958246652,-20.704898190999952],[-57.950180986999925,-20.698295065999925],[-57.936794625999894,-20.670012706999916],[-57.929175861999944,-20.664025043],[-57.91367485499991,-20.670764075999912],[-57.903288199,-20.689820630999964],[-57.87807022099997,-20.713703161999906],[-57.86468539899998,-20.74640416599994],[-57.87351608299993,-20.750798329999984],[-57.92036905099992,-20.74394415599997],[-57.934154311000015,-20.745954526999952],[-57.949525410999954,-20.76527652499994],[-57.95949174699999,-20.797908559999954],[-57.941227247000015,-20.8008159039999],[-57.91101309199995,-20.78895581299994],[-57.89329043699995,-20.79078243899991],[-57.859396870999916,-20.82485572799989],[-57.857896400999934,-20.850928015999912],[-57.87268077399992,-20.853899980999966],[-57.89194012599996,-20.87011963599995],[-57.92894434599997,-20.895229769999943],[-57.926236433,-20.90273340999996],[-57.90216677299995,-20.90181071499991],[-57.88653114299997,-20.908646451],[-57.874611470999966,-20.939803120999976],[-57.8636024479999,-20.948849460999917],[-57.844433166999934,-20.94648935499995],[-57.83211048899999,-20.934882265999963],[-57.81978125599993,-20.937995559999898],[-57.825269079999956,-20.96524100599991],[-57.81752948299996,-20.980582469999973],[-57.84053962799993,-21.005586489999892],[-57.8462049889999,-21.01727396499996],[-57.86635982499996,-21.039272567999898],[-57.86579402699996,-21.0667101],[-57.84589092799994,-21.09692819099994],[-57.86498906399997,-21.13633606399997],[-57.848958293999985,-21.187857337999958],[-57.85302137099998,-21.227131577999945],[-57.87719393799995,-21.247773266999967],[-57.906464145999976,-21.26555097399999],[-57.92042833299995,-21.28463968299995],[-57.894962557000014,-21.30717252199995],[-57.854735782,-21.316871827999915],[-57.853695688,-21.332109943999953],[-57.86112441199995,-21.350616908999918],[-57.89245127499997,-21.377948736999972],[-57.90809645899994,-21.40260986299994],[-57.910086189,-21.42097373699997],[-57.92725697399989,-21.449831431999975],[-57.925093894999975,-21.461947762],[-57.93441768299996,-21.484120837999985],[-57.96048756399996,-21.50992083199995],[-57.96852649099995,-21.535337238999972],[-57.961616202,-21.562443494000014],[-57.91896404999994,-21.582201214999905],[-57.914559519999926,-21.595614205999922],[-57.9380517819999,-21.615175849999932],[-57.94324280099998,-21.62856594999992],[-57.93003767699993,-21.657331629999952],[-57.920306280999974,-21.66626141699993],[-57.88518082199998,-21.683576226999932],[-57.88323351099997,-21.68906738599997],[-57.90796795299997,-21.712673584999962],[-57.940893277,-21.73290730699998],[-57.94742449799994,-21.74595465499994],[-57.940274839,-21.75835072699993],[-57.908493101,-21.773968612999948],[-57.93110930499996,-21.824589014999916],[-57.94265551899997,-21.835452693999944],[-57.96978160199997,-21.844253961999947],[-57.95983800999995,-21.853169478999988],[-57.91617298799993,-21.87629191400001],[-57.91689134399995,-21.889321020999972],[-57.93322684299993,-21.888266218999917],[-57.94798502699996,-21.90039032699996],[-57.93699533199998,-21.92792058],[-57.96501962099995,-21.983613303],[-57.964736766,-22.00108718400001],[-57.97494608699998,-22.01540904599991],[-58.00616105699998,-22.03121313999997],[-58.009592504999944,-22.045275063999945],[-57.9876849249999,-22.05913767199995],[-57.98327076899998,-22.070697757999955],[-57.99203005099997,-22.09046364299999],[-57.967189616,-22.08933901099993],[-57.941998855,-22.082915665999945],[-57.929719694,-22.12027185699995],[-57.88608547499996,-22.130311216999896],[-57.863982643,-22.13184606399997],[-57.834126075999954,-22.119607558999963],[-57.8229883929999,-22.122864192999945],[-57.81872088899995,-22.138538998999966],[-57.80523146599991,-22.15005026200002],[-57.779273477999936,-22.125174515999966],[-57.76485673,-22.135119831999948],[-57.74772297699997,-22.13904950999993],[-57.734388778999985,-22.122724756999954],[-57.742033621999965,-22.114717144999894],[-57.729935838999964,-22.100136837000015],[-57.713870183000026,-22.103380690999916],[-57.69110927499998,-22.088396359999916],[-57.664295256999964,-22.106413076],[-57.63950126399992,-22.10634886500001],[-57.615283032,-22.094603272999933],[-57.612966365,-22.11040884799994],[-57.586427085999965,-22.14444733299997],[-57.58838688799994,-22.165178166],[-57.58076627199992,-22.17533699199988],[-57.540624082999976,-22.181332249999972],[-57.52110804700001,-22.169328491999938],[-57.50985537299995,-22.182276719999958],[-57.48354990199991,-22.192281631999986],[-57.470471987999986,-22.187344924999906],[-57.44483565199998,-22.187766783],[-57.435238011999985,-22.199726476999935],[-57.419417136999954,-22.197094757999967],[-57.389413407999896,-22.204868045999913],[-57.377507460999965,-22.21423054999999],[-57.37593470299995,-22.22927687999997],[-57.35872290799995,-22.22678086999995],[-57.325501559999935,-22.23896847799992],[-57.29670393,-22.22143832799995],[-57.281226777,-22.2258313519999],[-57.26922023,-22.237809676999962],[-57.25092911799996,-22.241267518999983],[-57.23776121299997,-22.251280065999932],[-57.217969777999954,-22.241082304999935],[-57.21386735499998,-22.224516562999916],[-57.19227881099995,-22.22288521199994],[-57.178781376999964,-22.232963330999986],[-57.148463581999934,-22.233836207],[-57.13360546299999,-22.225988496999936],[-57.10864531299997,-22.23140461199998],[-57.100980594999946,-22.248778942999934],[-57.04767934199994,-22.240478055999944],[-57.01877958499992,-22.231265353999916],[-57.009772079999905,-22.235810701999945],[-56.996712513,-22.22251735599997],[-56.987452585999975,-22.24263779699994],[-56.958340466999964,-22.238219022],[-56.94721089299996,-22.25611106799997],[-56.91573525799997,-22.255397644999917],[-56.88824666499991,-22.245305958999904],[-56.87535014699991,-22.263515876999982],[-56.880772161,-22.275574487999936],[-56.84396315399997,-22.301054191999956],[-56.804714560999976,-22.284507604999924],[-56.807902909,-22.271735194999973],[-56.80196732199995,-22.249030281999946],[-56.79363693799992,-22.242559940999982],[-56.776063224,-22.260364272999897],[-56.757715599999976,-22.242057148999947],[-56.744102863999956,-22.24123922299995],[-56.7203029,-22.256666208999984],[-56.705315089999985,-22.236873419999945],[-56.68346529300001,-22.220951151999966],[-56.68225540799991,-22.23656028399997],[-56.67267299900003,-22.249261387999972],[-56.65203649699998,-22.256872922999946],[-56.64333825599989,-22.246149810999913],[-56.62689988999993,-22.246411422999888],[-56.605592123999955,-22.231981703999946],[-56.603199778999986,-22.220420871999966],[-56.582317301999936,-22.20564437499993],[-56.56910839499993,-22.206631724],[-56.556091195999976,-22.195515669999963],[-56.548599265999954,-22.166085594999938],[-56.52836002299992,-22.148259362999987],[-56.518919023,-22.10871375899993],[-56.495375288999945,-22.09419008399994],[-56.479457724,-22.093719940999943],[-56.471453035,-22.08019430499993],[-56.45196391299996,-22.078987076999965],[-56.434323284999905,-22.08517344299997],[-56.41859019399995,-22.079520081999924],[-56.39242786299994,-22.080006637999947],[-56.39272769799996,-22.100896807999924],[-56.36766315899992,-22.136854249999924],[-56.37392515799996,-22.143383338999953],[-56.34624919399995,-22.187961347999927],[-56.31751430199998,-22.21479926699997],[-56.29922270199998,-22.217644390999922],[-56.285133784,-22.231576640999915],[-56.249563037000016,-22.238433769],[-56.23745919499996,-22.23662251799997],[-56.23390499399996,-22.25543312299992],[-56.21261815299994,-22.275837167],[-56.13618754799995,-22.285651711],[-56.12362686199994,-22.271616657999935],[-56.08816539499994,-22.28526233899993],[-56.069426116999935,-22.28672352699995],[-56.062990860999946,-22.27697906399989],[-56.009031334000014,-22.293296700999985],[-55.993455782999945,-22.281778532999983],[-55.98015153499995,-22.281055108],[-55.96929973499993,-22.291804973999927],[-55.93618511099996,-22.280258070999945],[-55.912726736999936,-22.278951762999952],[-55.904958720999986,-22.284598503999984],[-55.85676538400001,-22.280706665999936],[-55.84312653899996,-22.2871093869999],[-55.832376199999985,-22.325652549999973],[-55.82098952399994,-22.345108632999953],[-55.800855282999976,-22.35530423799995],[-55.80371163899997,-22.372243001999923],[-55.77981829599993,-22.384324848999935],[-55.74870556399995,-22.383417503],[-55.737220623999946,-22.41115811799995],[-55.733915269999926,-22.441531668999968],[-55.75111662299996,-22.474676466999952],[-55.747282705,-22.505514976999983],[-55.723646743999936,-22.551782327999934],[-55.69847103599994,-22.563272316999914],[-55.694906159999945,-22.577584922999936],[-55.682883503999946,-22.588869051999936],[-55.64136799299996,-22.612705535999975],[-55.62515789899997,-22.62825289499993],[-55.622874394999954,-22.650469207999944],[-55.61442188799994,-22.655095324999905],[-55.61728256899993,-22.677608738999897],[-55.613394199,-22.71702297999992],[-55.620152870999924,-22.753363412999903],[-55.63654780300002,-22.778867453999982],[-55.65043742199995,-22.7910426079999],[-55.653370144999954,-22.816642487999914],[-55.660866892999934,-22.827414263999977],[-55.66585470399998,-22.852462104999972],[-55.66010904599993,-22.863971863999986],[-55.66121835299997,-22.882187958999957],[-55.65096638999993,-22.887285525000024],[-55.64548639899993,-22.9244448279999],[-55.65161187299996,-22.9310647679999],[-55.63836846799994,-22.950553956999954],[-55.6368275789999,-22.964789371999892],[-55.62192744599994,-22.984494252999944],[-55.633905848,-22.991780952999953],[-55.63293184799997,-23.00831851499995],[-55.639389278999936,-23.025909200999948],[-55.623780185999934,-23.03295187099993],[-55.611318521999934,-23.04766499199996],[-55.61131090299993,-23.076835315],[-55.61735921599997,-23.081724626999964],[-55.599733546,-23.1041600369999],[-55.595823496999955,-23.119467734999922],[-55.59678181399994,-23.152597749999927],[-55.573396324,-23.143343334999912],[-55.541885354000016,-23.156132398],[-55.543099421999926,-23.180787862999942],[-55.523281179,-23.197786984999937],[-55.54023373099996,-23.22083373399991],[-55.53727843799996,-23.251262446999966],[-55.522657770999935,-23.259713028],[-55.55308031499992,-23.279532093999897],[-55.54917761199995,-23.303706556999927],[-55.55591254399996,-23.31632310199995],[-55.534566415,-23.333355152],[-55.52062390399996,-23.35228608699996],[-55.51942119099992,-23.365174284999988],[-55.504480706,-23.378469762999963],[-55.51558966899998,-23.40957536899998],[-55.544694354999905,-23.449331696999977],[-55.54058900499996,-23.455526549999973],[-55.55169653599991,-23.48943964599993],[-55.54668394799995,-23.522609769999967],[-55.537215489,-23.539763978999915],[-55.536132912999946,-23.554990361999963],[-55.52652700099998,-23.567351145999957],[-55.53818027199996,-23.59189350899996],[-55.53601289799996,-23.617256421],[-55.530427798999966,-23.62782155599993],[-55.51034131799996,-23.63261774700002],[-55.474673938999985,-23.650469911999984],[-55.47524703499997,-23.67377675799999],[-55.46215604599995,-23.683942674999926],[-55.46647880999995,-23.70350046899997],[-55.454825954999905,-23.71697715499993],[-55.43989604899997,-23.71284119299993],[-55.44867435699993,-23.742269459999896],[-55.443234902,-23.765745673999973],[-55.43382482099999,-23.77105876199993],[-55.43017963899992,-23.790141214999906],[-55.45388852299997,-23.819270376999988],[-55.44154583999996,-23.829346607999966],[-55.43556663999995,-23.87238074600001],[-55.43948631,-23.904897615],[-55.44633532700003,-23.916931499999947],[-55.427869156999975,-23.926319291999988],[-55.41998554199996,-23.957296714999963],[-55.397557385,-23.974148139],[-55.38759921099994,-23.967500661999942],[-55.34932886099996,-23.993550537999973],[-55.336089031999975,-23.99295146499997],[-55.31772157599992,-23.96289383499989],[-55.30417582800002,-23.96502662999996],[-55.27779868499991,-23.98455619099998],[-55.235372965999936,-24.00662195299997],[-55.22904016199989,-24.013966641999986],[-55.20692433899994,-24.003602547999904],[-55.19842027799992,-23.986693611],[-55.178658781999985,-23.993798734999906],[-55.159947446999986,-23.987762149999945],[-55.128726408999924,-23.983730016000017],[-55.10697086299993,-23.965211869999926],[-55.09035760599998,-23.982574591999892],[-55.062331482999944,-23.993288625999973],[-55.033287759,-23.973900880999963],[-55.02007944499995,-23.972620253999963],[-54.998589295999984,-23.957589343999928],[-54.966680066,-23.96616584999999],[-54.925252327999914,-23.96028177099995],[-54.930327412999986,-23.944320368999925],[-54.92687712099997,-23.924813972999956],[-54.908687921,-23.911370398999985],[-54.89359098200001,-23.91076584999997],[-54.88511571499998,-23.896999048999902],[-54.87353273399995,-23.909263688999935],[-54.86011306499991,-23.905201289999987],[-54.836320457999946,-23.88391641299995],[-54.81432040599998,-23.89042771899993],[-54.79279666399998,-23.86807865699995],[-54.74529248899992,-23.868708389999917],[-54.70518337499996,-23.864606262999963],[-54.69857307599996,-23.841996813000023],[-54.668647286999956,-23.817190648999954],[-54.65261568899999,-23.82154718199999],[-54.64677479899997,-23.83376313],[-54.631364485999896,-23.83002899599994],[-54.61658837099998,-23.835020525999937],[-54.6097366079999,-23.851376445],[-54.58905563199991,-23.839021695999975],[-54.56439488199989,-23.854213488],[-54.56858081399993,-23.87446695899996],[-54.543436878999984,-23.868101972999924],[-54.523157376,-23.87359222599997],[-54.514881424999935,-23.885178375999914],[-54.493004651999954,-23.885155086999944],[-54.486779763999955,-23.89397930699998],[-54.44013952999997,-23.904276082],[-54.42622099099996,-23.91571178699993],[-54.426830082,-23.931090134999934],[-54.41470056699995,-23.958110165999948],[-54.39430804899993,-23.9652555879999],[-54.38686209399998,-23.982816747999948],[-54.35195698800001,-24.007672627999952],[-54.32418803399994,-24.003822198999956],[-54.32163120999995,-24.024542887999942],[-54.30995952199994,-24.046314903999964],[-54.28836397199996,-24.07070716099998],[-54.31415606599998,-24.104000915999947],[-54.33422697599994,-24.116376321],[-54.34333453599997,-24.13312947899989],[-54.345578804999946,-24.157049151999978],[-54.32753354699999,-24.196399253999935],[-54.330681383999945,-24.230270959999935],[-54.32257294199998,-24.25165747599994],[-54.297925267999965,-24.270727006999913],[-54.27744086299999,-24.291444700999918],[-54.25781909299998,-24.35526536099998],[-54.262768394999945,-24.378134091999968],[-54.29289796099994,-24.424566678],[-54.310795410999916,-24.44068961399998],[-54.3265126269999,-24.465174694999945],[-54.33610508299991,-24.50801956199996],[-54.33305247499993,-24.52786133299997],[-54.320048188999976,-24.568048146999963],[-54.31881754399994,-24.60693964],[-54.32763586600002,-24.674226855],[-54.334336289999925,-24.701101192999943],[-54.37008587899996,-24.756219249],[-54.389927780999976,-24.777283207999957],[-54.39497682999993,-24.811283166999907],[-54.43698657499995,-24.941424162],[-54.43850963299994,-24.96273469299993],[-54.449344458999974,-25.014145918999965],[-54.46309489599994,-25.05498644799996],[-54.457609511999934,-25.06741597699996],[-54.45951827099995,-25.10206362699995],[-54.445872521999945,-25.113914182],[-54.424885820999975,-25.153265568999892],[-54.43368146399996,-25.170945539999913],[-54.447833299,-25.168780197999986],[-54.46170732599997,-25.186530446999953],[-54.474287963999956,-25.213013452999945],[-54.491234172999924,-25.277966263999886],[-54.52536505099996,-25.331535812999974],[-54.55462100599996,-25.359664215999942],[-54.58641302199993,-25.396577808999922],[-54.602568450999925,-25.438044227999924],[-54.619093145999926,-25.45069732099995],[-54.617208139999924,-25.470561099999912],[-54.603667794999936,-25.482455256999934],[-54.60122871199992,-25.522934774],[-54.59526791099993,-25.536099925999935],[-54.59351805599992,-25.59224623499997],[-54.552886695,-25.58815290899995],[-54.53559172599995,-25.597715754],[-54.53607168599996,-25.620720968999912],[-54.52215268899991,-25.628303535999976],[-54.502463147999975,-25.61443014999997],[-54.47021742299995,-25.635767908999938],[-54.445285110000015,-25.665677751999958],[-54.435235193,-25.696898607],[-54.42386792099995,-25.692871201999935],[-54.42529618,-25.65890491600001],[-54.39705201299995,-25.6397112619999],[-54.388929127999944,-25.624505887999902],[-54.38882305299997,-25.599945833999946],[-54.374685045,-25.593759142999915],[-54.359912294999916,-25.605581451999946],[-54.345476122999976,-25.604906232999944],[-54.328905789999936,-25.571902144999967],[-54.28831778399996,-25.554406640999936],[-54.279466514,-25.558010400999954],[-54.25790978199993,-25.593587378999914],[-54.23430621399998,-25.5908402339999],[-54.237037703999945,-25.567318988999922],[-54.22291938699992,-25.564835985999913],[-54.203126443999956,-25.580477398999925],[-54.176427226000015,-25.584430852999915],[-54.17826804,-25.567715119999924],[-54.20307332499991,-25.55883538499991],[-54.20638196799993,-25.541740057999952],[-54.19710958599994,-25.53505254399996],[-54.16311062699998,-25.542607205999936],[-54.141899649000024,-25.51849006999994],[-54.11572707299996,-25.49853538099992],[-54.09485692899995,-25.497991037],[-54.09657236099996,-25.521361009999985],[-54.119809062999934,-25.553282338],[-54.11954365699991,-25.583510204999946],[-54.101815583,-25.61805674899992],[-54.09130952699998,-25.616996864999976],[-54.089757458999905,-25.585601068999928],[-54.08349238499996,-25.56218860499998],[-54.071539530999964,-25.559854258999927],[-54.06023909299995,-25.578272004999967],[-54.04533755299995,-25.585156405],[-54.02874939499995,-25.56653442499993],[-54.01081000499996,-25.566532801999976],[-54.004127652999955,-25.578236843999903],[-53.97987585199992,-25.592370462999945],[-53.974048337999946,-25.61515640299993],[-53.947838485,-25.640209897999945],[-53.948418848999964,-25.618904056999945],[-53.931812903,-25.622631692],[-53.89548747500001,-25.642433759999918],[-53.88998017999997,-25.657049765],[-53.86249231899997,-25.658608512999912],[-53.85969480099996,-25.677933553999978],[-53.850395506999966,-25.70138472999993],[-53.87850885199994,-25.706931887999893],[-53.859016230999956,-25.723233925999942],[-53.866496545,-25.74396597299998],[-53.84878662299998,-25.741221201999984],[-53.83674370999991,-25.748784161999936],[-53.853080197999965,-25.76875195799998],[-53.83610200099993,-25.774471963999943],[-53.82186264999993,-25.799293611999964],[-53.8383881359999,-25.816322224],[-53.84916697599992,-25.835129890999973],[-53.834213898999934,-25.850321893999926],[-53.84186217199993,-25.860418293999977],[-53.833594686999945,-25.895446806999942],[-53.81996308699996,-25.89720960799996],[-53.81979854499994,-25.92640255],[-53.842152800999905,-25.932217645],[-53.83681908200002,-25.96986256699992],[-53.819008063,-25.976371657999984],[-53.810534326,-25.990614940999954],[-53.7925688829999,-26.006469960999965],[-53.78175750499993,-26.007727367],[-53.77161384399997,-26.03146983099999],[-53.73785913699997,-26.041242238999963],[-53.72668478799991,-26.06463407299998],[-53.739870985999985,-26.08275707199997],[-53.740598303999946,-26.117782629999965],[-53.710307767999964,-26.130563178999964],[-53.700069555,-26.152828246999924],[-53.682201379999945,-26.16207176899993],[-53.64116912499998,-26.21553449099997],[-53.65352115699997,-26.23510707299991],[-53.644064301999904,-26.24090061999992],[-53.64436157999998,-26.282019368999933],[-53.670920810999974,-26.319660018999933],[-53.671073376999985,-26.330731868999955],[-53.68585883899996,-26.335744324999908],[-53.68990665599995,-26.359229914999958],[-53.70130925999998,-26.366599491999985],[-53.697271826999966,-26.377932761999965],[-53.70732143599996,-26.395447127999958],[-53.69705145599994,-26.401540462],[-53.703350185,-26.417111358999946],[-53.68778370999998,-26.43224243600001],[-53.687460277999946,-26.442133658999957],[-53.715751602,-26.47055704799991],[-53.700437010999934,-26.480089183999986],[-53.710963276999934,-26.504511316999988],[-53.730070347999984,-26.501815125999926],[-53.72139744399995,-26.561762682999976],[-53.72232630399998,-26.581082947],[-53.73448613199996,-26.61393770299997],[-53.730873006999964,-26.622597201999966],[-53.75744969099998,-26.644291207000016],[-53.72332898299989,-26.65602728299993],[-53.73172395999994,-26.679500295],[-53.71731664099998,-26.681402206999984],[-53.73314371,-26.701132186999885],[-53.73472642999994,-26.716864507999958],[-53.74914441499989,-26.719072855999983],[-53.73964301199996,-26.742388573],[-53.729330778,-26.739371299999938],[-53.71461031699997,-26.750330305999945],[-53.71917324999995,-26.75997174000001],[-53.73687904599997,-26.76745718299994],[-53.71745910499996,-26.782334382999963],[-53.69764711100002,-26.812002128999936],[-53.702184271,-26.818354682999924],[-53.68907365999995,-26.83953395299993],[-53.67708422799994,-26.844150372999977],[-53.672177601999955,-26.861676736999982],[-53.68551290999994,-26.866805667999984],[-53.69432200399997,-26.889130902999945],[-53.673588131999956,-26.893165044999954],[-53.678580252999915,-26.91521452999993],[-53.70724195999996,-26.933330872999903],[-53.70143053299998,-26.953977004999942],[-53.712418929999934,-26.965473743999944],[-53.726729134999935,-26.959105273999974],[-53.73008090499997,-26.98040359299997],[-53.741840892,-26.990779754999984],[-53.73283687699992,-27.007556314999945],[-53.741009214999934,-27.014779270999924],[-53.76410130699993,-27.008695641999978],[-53.74754274299997,-27.031517343],[-53.760261781999944,-27.03464751899999],[-53.779911169999934,-27.02743797499997],[-53.777251136999936,-27.049260865999933],[-53.79673048999997,-27.03947364299998],[-53.8014678119999,-27.086284728999978],[-53.776802226,-27.103449433],[-53.80700105699995,-27.110918998999942],[-53.799479985999916,-27.14675817899993],[-53.82867037399991,-27.14602302299994],[-53.84779855499994,-27.156505554999967],[-53.86431723699998,-27.126247549],[-53.87891133100002,-27.127548227999974],[-53.897746914,-27.170331124999926],[-53.91689848299991,-27.17475236899999],[-53.92903656499996,-27.15896783299995],[-53.94658453199998,-27.151259280999938],[-53.960710670999944,-27.165109774],[-53.95558290899995,-27.18371703799992],[-53.96016559999996,-27.195336289999936],[-54.008017287,-27.198394643999947],[-54.014980405999964,-27.208110408999943],[-54.015909062999974,-27.233007388999972],[-54.02777683099995,-27.254853685999926],[-54.05194461999996,-27.261538119999926],[-54.07227808599997,-27.29095445899997],[-54.1010469349999,-27.303262957999905],[-54.154895051999944,-27.29685852099989],[-54.160174819,-27.287565706999985],[-54.155768936999955,-27.26900289899993],[-54.16208938299995,-27.25609121799991],[-54.17418862399998,-27.254911066999966],[-54.18655739699993,-27.264909315999972],[-54.19419769499997,-27.29232621499996],[-54.19333962799995,-27.30846019899996],[-54.21331149599997,-27.35124441799993],[-54.21443616599994,-27.38157810899994],[-54.23535294699999,-27.393707021999937],[-54.25984468399997,-27.39623814999993],[-54.267510469999905,-27.404290442999958],[-54.26780770699999,-27.431353747999907],[-54.28295925999997,-27.447778232999966],[-54.29422481599994,-27.445910097999935],[-54.310641823,-27.421962320000013],[-54.33348003099995,-27.40351142999998],[-54.341542000999894,-27.40435169699996],[-54.340372279999926,-27.43100242799997],[-54.335066062999914,-27.451294629999943],[-54.34038964799994,-27.463356012999952],[-54.357214441999986,-27.464942675999957],[-54.3697684599999,-27.452582858999953],[-54.398758387,-27.411612998999914],[-54.41140427899997,-27.405285992],[-54.43911988399998,-27.424748646999987],[-54.45664593099997,-27.422159655],[-54.472056602999984,-27.434459500999928],[-54.44399114299998,-27.459961662999945],[-54.44950627999995,-27.475424522999923],[-54.4740071919999,-27.481252308999927],[-54.500599058999924,-27.480353243999964],[-54.51030935899992,-27.485487696999975],[-54.524923550000025,-27.50617157699994],[-54.537127098999974,-27.502813252999978],[-54.54241150399996,-27.486749817999957],[-54.561366964999905,-27.462498858999908],[-54.57335122800002,-27.453610098999945],[-54.58939427399996,-27.458184475999893],[-54.594950028,-27.487367240999973],[-54.60954050699993,-27.510420478999954],[-54.615792062,-27.532240960999985],[-54.63408202899995,-27.546383535999972],[-54.648025104999945,-27.54023437099994],[-54.65674120399992,-27.51321694699996],[-54.67093706499996,-27.504764675999972],[-54.68011597699995,-27.52664102499992],[-54.67166483599996,-27.566416708999917],[-54.680856256,-27.574501410999964],[-54.717234878999946,-27.564889954999984],[-54.74486071,-27.562641351999915],[-54.75872508199997,-27.581503463999958],[-54.78455259199998,-27.578694333999962],[-54.79518662399993,-27.534982850999924],[-54.81714415599994,-27.53555958999995],[-54.831072181999936,-27.56789233999998],[-54.839707499999975,-27.60522831799991],[-54.847722201999915,-27.62131306199992],[-54.86076496799994,-27.629440670999962],[-54.87885857299999,-27.625978689999954],[-54.903167035,-27.63638768999993],[-54.90498155599994,-27.656223966999924],[-54.902198207999945,-27.702488684999928],[-54.90663861199991,-27.729786940999958],[-54.949424177,-27.779284550999925],[-54.977662155999965,-27.77086004699992],[-54.99304244699996,-27.775548673999907],[-55.000266176,-27.792356572999978],[-55.02431288699994,-27.794199785999986],[-55.045111850999916,-27.77253416599997],[-55.057912294999966,-27.76808582899998],[-55.083868998999925,-27.78412844799997],[-55.082710592999916,-27.79685831799995],[-55.03426745399997,-27.824663810999937],[-55.02469414799995,-27.835310983999904],[-55.02558208699996,-27.84841918599993],[-55.036383518,-27.857780329999983],[-55.0853092639999,-27.843095745],[-55.11383253999995,-27.848991256000012],[-55.12627616399996,-27.859818425999947],[-55.12400602299998,-27.88148635499997],[-55.13931235099997,-27.895065438999964],[-55.17156035999992,-27.861276037999936],[-55.202682697999904,-27.857859195999936],[-55.23226715,-27.88406866599994],[-55.25012188599991,-27.914213631999964],[-55.266461737999975,-27.929789545999974],[-55.28580092299997,-27.932284259999975],[-55.30937084299998,-27.922249824999902],[-55.32728202599994,-27.926738015],[-55.33998942100002,-27.966526114999958],[-55.34706874999992,-27.972243723],[-55.37715279099997,-27.976525734999903],[-55.38718644999997,-27.986189608999958],[-55.371528578999936,-28.014000796999973],[-55.36939500899997,-28.027260536],[-55.39050884299998,-28.045230668999963],[-55.41396790799997,-28.05464891799995],[-55.447922541999986,-28.097382193999962],[-55.48787845299998,-28.07645506199995],[-55.49940611899997,-28.081062798],[-55.513242860999966,-28.114647761999976],[-55.53058125899996,-28.115458728999933],[-55.54759541599996,-28.136483215999917],[-55.54933306799994,-28.155962884999987],[-55.56416423599997,-28.163505421999936],[-55.58909651899999,-28.14177568699995],[-55.583406221,-28.125173090999986],[-55.59627117099996,-28.115754632],[-55.61073030599994,-28.117455427999936],[-55.620784914,-28.130981388999977],[-55.619682417,-28.15354913399993],[-55.634230876999894,-28.177838153000025],[-55.65301677999994,-28.182101573],[-55.69258004499994,-28.218790284999926],[-55.77124605699996,-28.241454536999967],[-55.78255868099993,-28.25605743699994],[-55.773178581999986,-28.27424007499998],[-55.74306282399989,-28.28145465899997],[-55.70177312699995,-28.311191906000012],[-55.68020235099997,-28.322226258999947],[-55.669150493,-28.340760535999955],[-55.688768903,-28.38815612299991],[-55.690737755000015,-28.41329565199994],[-55.704337022,-28.427556201999913],[-55.71970348499999,-28.41867913899995],[-55.73435247299996,-28.381209512999973],[-55.75656674299998,-28.36943141899996],[-55.82166834199997,-28.36358802599991],[-55.85058490999997,-28.355389967999898],[-55.87108916199998,-28.357262483999932],[-55.900385865999986,-28.39834605899997],[-55.90095038099997,-28.418754442999962],[-55.88260164899996,-28.463838238999948],[-55.884006044999985,-28.479163056999965],[-55.928791315999966,-28.48635201399997],[-55.94929360799991,-28.49459268099995],[-55.98821518199994,-28.498115178],[-56.011224107999986,-28.506893366999954],[-56.02323007699994,-28.52276498],[-56.02089681899997,-28.553196613999944],[-56.00237091699995,-28.578298664999977],[-56.00337327399993,-28.59779843099993],[-56.01767398599995,-28.612943483],[-56.04734602699992,-28.624088439999937],[-56.082004880999946,-28.654199331999983],[-56.119150942999966,-28.68124749000002],[-56.14345355999994,-28.70913198099997],[-56.16566883999995,-28.746581927999912],[-56.19415553899991,-28.775197951999907],[-56.260931113999945,-28.779006809999927],[-56.28911269599996,-28.793721966999954],[-56.2997423689999,-28.808113314],[-56.29728713799997,-28.841420377],[-56.30005407799993,-28.8955608119999],[-56.32164250099996,-28.923304319999907],[-56.34419391799998,-28.94005652299999],[-56.378990174,-28.948029926999972],[-56.406335991999974,-28.972595636999955],[-56.416174188999975,-29.000736419999974],[-56.399117272,-29.017351596],[-56.41000274399996,-29.03865549599992],[-56.413102136,-29.061918482999936],[-56.430420241,-29.07950349],[-56.503025419,-29.08866156599995],[-56.51485552899997,-29.09266198699992],[-56.55013134399997,-29.11665338399999],[-56.567982044,-29.11408349299999],[-56.58875341799991,-29.11981281799992],[-56.594874335,-29.136291125999904],[-56.61692451399995,-29.171069325999945],[-56.645842988999924,-29.200293955999932],[-56.65476063899996,-29.223793976999936],[-56.64920683099999,-29.254956412999945],[-56.66452281299998,-29.294990868999946],[-56.68912011299991,-29.333966399],[-56.699965305,-29.35644089299997],[-56.71296807200001,-29.367352614999973],[-56.758703006999966,-29.370904554999967],[-56.773151616999954,-29.386992742999908],[-56.780361206999984,-29.41628978299994],[-56.77950037199999,-29.437372593999953],[-56.796951478999986,-29.44906693499997],[-56.80821026199993,-29.473111155999966],[-56.822092441999956,-29.4900248],[-56.86081570999992,-29.507346906999977],[-56.90196173399997,-29.533816706999936],[-56.929537201999935,-29.566215131999982],[-56.95091775999998,-29.580687250999972],[-56.96780032600002,-29.601794887],[-56.972084954999964,-29.617300945999915],[-56.971148366,-29.64340640299993],[-57.000923686,-29.65191463799993],[-57.02110457399991,-29.683317320999926],[-57.045475591999946,-29.701585928999975],[-57.099722116999914,-29.748320109999916],[-57.13190535699992,-29.77016005599996],[-57.17202098999998,-29.78068486399993],[-57.22105313899989,-29.776301506999978],[-57.23540015799992,-29.78078838599997],[-57.267752238999954,-29.80945511399998],[-57.28217851099997,-29.817288264],[-57.2978168669999,-29.83472917899995],[-57.324578904999974,-29.8728178489999],[-57.32968801499993,-29.887635368999952],[-57.32407957199996,-29.921729398999965],[-57.32814070699989,-29.972036782999965],[-57.351980679999954,-30.008058556999963],[-57.396332152999925,-30.022794248],[-57.41752164099998,-30.038372563999935],[-57.453761149999956,-30.081558760999947],[-57.464604257999966,-30.11034303400001],[-57.52561470599994,-30.151385454999925],[-57.569608432999985,-30.171763766999916],[-57.594099526,-30.178991579999938],[-57.60336743499998,-30.18967113299992],[-57.55784638899996,-30.213383447999988],[-57.557714505999975,-30.23315066199995],[-57.56797915499991,-30.252230964999924],[-57.5508317109999,-30.272619384999956],[-57.52540879299996,-30.285472189999986],[-57.50027308599989,-30.28885313199995],[-57.49006488699992,-30.269016082999975],[-57.46606214499998,-30.265148360999973],[-57.452295288999906,-30.276037446999972],[-57.42929597599995,-30.274609267999928],[-57.418599253999965,-30.30264410199989],[-57.389300683999984,-30.295741428999946],[-57.378750488999955,-30.27942074599995],[-57.364919144999966,-30.27105032799998],[-57.352036009,-30.284485029999928],[-57.319503981999915,-30.26974244099995],[-57.311355845999955,-30.258103343999977],[-57.28456452099994,-30.293722064999926],[-57.270060978999936,-30.284984512999955],[-57.25855477199994,-30.267169476999953],[-57.25007717499999,-30.289156861999942],[-57.22026138699994,-30.289285371999917],[-57.20420904499994,-30.285142295999954],[-57.19625307699998,-30.264506477999888],[-57.167377310999896,-30.24764440799995],[-57.163252096,-30.227624164999924],[-57.16721491899996,-30.196325912999953],[-57.144777692999966,-30.171612806999946],[-57.12916501999993,-30.140838054999953],[-57.11448328499992,-30.145457402999973],[-57.110970600999984,-30.128745798999965],[-57.115117954999945,-30.11367958799994],[-57.0953443999999,-30.115043633999917],[-57.078281543999964,-30.091516170999952],[-57.044805032999975,-30.105738889999913],[-57.031332092999975,-30.102143844],[-57.02389809899994,-30.08754222099995],[-56.98449758199999,-30.08743416599998],[-56.97742305799995,-30.09755464299998],[-56.955580869999984,-30.10114485599994],[-56.93600971499998,-30.09445615299994],[-56.91777367099996,-30.09620172499995],[-56.90262952099998,-30.112340800999924],[-56.888888814000026,-30.08910849799996],[-56.873650768,-30.092723929999963],[-56.850373825999974,-30.088896145999975],[-56.82416690099991,-30.09564445999994],[-56.804645149999914,-30.105975760999968],[-56.79944976799993,-30.122299666999965],[-56.78027101199998,-30.12663037399991],[-56.78400541699997,-30.151165574999936],[-56.77299924199996,-30.16426293199995],[-56.760913272999964,-30.160445270999915],[-56.7297855969999,-30.171704146999957],[-56.708394643999966,-30.188132118999945],[-56.69625032899994,-30.205054395999973],[-56.66080190199995,-30.198338543999945],[-56.64116333499997,-30.234818912999962],[-56.62495373599994,-30.245494004999927],[-56.60723741299993,-30.28135844299996],[-56.59576034199995,-30.295410827999945],[-56.57657744499993,-30.302245227999926],[-56.55575465399993,-30.320304757],[-56.540931177999916,-30.31468911599996],[-56.537023722,-30.33413734],[-56.54969182099993,-30.33914746699994],[-56.54614400799993,-30.360649403],[-56.519431871999984,-30.359803912999936],[-56.505190296999984,-30.37047452999998],[-56.50733458099994,-30.380800473999926],[-56.49136475599994,-30.398109428999888],[-56.462178215999984,-30.384482181999907],[-56.4445371099999,-30.41160757799993],[-56.45394510700001,-30.421342432],[-56.43997848500001,-30.432523655999923],[-56.41514245799996,-30.43280227799997],[-56.39818767,-30.44843929699997],[-56.406236336999896,-30.468610548999976],[-56.38586102899998,-30.49558256099992],[-56.336254597999975,-30.510820370999937],[-56.33128454299998,-30.529352803999963],[-56.30969752699998,-30.531013244999947],[-56.29061414799993,-30.521991861999943],[-56.2890046319999,-30.539924506],[-56.27666937799997,-30.560693429999972],[-56.237961859999984,-30.573428510999946],[-56.235103521,-30.588027182999923],[-56.21409559099996,-30.608464821999938],[-56.18767472199997,-30.604694717000015],[-56.17051150999998,-30.616447644],[-56.182997890999985,-30.626409232999983],[-56.16458129899995,-30.643157676999934],[-56.16669431599998,-30.66341953199997],[-56.151941966,-30.6804522319999],[-56.150100657999964,-30.705492482999972],[-56.130307007999946,-30.716515124999923],[-56.126785334999965,-30.740551674999907],[-56.10733010999997,-30.732001898999926],[-56.095687767999905,-30.754022111999966],[-56.074183609999935,-30.745578425999973],[-56.063186684999984,-30.752760294000012],[-56.065747826999974,-30.769375962],[-56.0351235479999,-30.784566221999974],[-56.02361263099997,-30.78573749199999],[-56.00437570199992,-30.839841080999943],[-55.98968370499995,-30.859868138999914],[-56.006688329999946,-30.891100333999923],[-56.01105146399991,-30.911951936],[-56.01080496499995,-30.978297727],[-56.01763991299997,-31.00302382699992],[-56.014299351999966,-31.021871778999945],[-56.01879439999992,-31.04361810399997],[-56.005310563,-31.08194749299994],[-55.992674471999955,-31.08504725999991],[-55.979298769999914,-31.073199621999915],[-55.93028367399999,-31.086263865999943],[-55.92585345699998,-31.07683464799994],[-55.89086500399995,-31.077148886],[-55.870757714,-31.071570210999923],[-55.855281667,-31.045115723999984],[-55.82977861599991,-31.04369811999993],[-55.80715600199994,-31.01651199699994],[-55.780885106,-31.01714747199994],[-55.767907412999946,-31.003484713999953],[-55.75216004699996,-30.997426921999928],[-55.73385642299995,-30.981372375000017],[-55.72435936100001,-30.96603514799995],[-55.71879411599998,-30.941642513],[-55.70395371599999,-30.9552216669999],[-55.66618638699998,-30.953978470999978],[-55.66326235199998,-30.935523615999973],[-55.64211789599993,-30.911600886],[-55.663148827,-30.871890551999982],[-55.63786140799991,-30.846223419],[-55.62251728199989,-30.84219656899997],[-55.606775377,-30.84965429799992],[-55.57925338199993,-30.840095723999962],[-55.56727747999999,-30.845445602999945],[-55.563560262,-30.868661139999944],[-55.54590850999992,-30.890544093],[-55.510174483999926,-30.90175575799995],[-55.5041596149999,-30.924754309999937],[-55.486432609,-30.92827826900001],[-55.48973884599999,-30.93980845999994],[-55.47835974299994,-30.95384954699997],[-55.45730841199996,-30.951375192999965],[-55.42457982499995,-30.985628925999954],[-55.43704950799999,-31.00471581999994],[-55.40668972199995,-31.01874868899991],[-55.37129368699995,-31.02341378899999],[-55.362570570999935,-31.03899545299994],[-55.348829172,-31.042869079999903],[-55.35858252199992,-31.062577193999953],[-55.338981964999974,-31.085077987999966],[-55.32747430099995,-31.08818006499995],[-55.33845590899997,-31.133687444],[-55.31863269999999,-31.145106764999987],[-55.289698469999955,-31.14527725799997],[-55.29074145000001,-31.162816576999987],[-55.27191441399994,-31.172835543999934],[-55.282717325,-31.193907415999934],[-55.26280545999997,-31.194684122999984],[-55.25010499899993,-31.206008474999937],[-55.24676209599992,-31.252240516999986],[-55.213707840999966,-31.2632037139999],[-55.17419370699994,-31.268174905],[-55.15233846399995,-31.29322734899992],[-55.13651680799995,-31.301347367999956],[-55.10904044799993,-31.30768101099998],[-55.074464301,-31.33208967999993],[-55.06586440999996,-31.330157654999947],[-55.038891087,-31.300519735999956],[-55.03189348399992,-31.269741440999933],[-55.002407698,-31.269215813999963],[-55.001524822999954,-31.281615791],[-54.98565259599994,-31.29243871499995],[-54.98284621899991,-31.31139659699992],[-54.95776669899996,-31.324435270999963],[-54.959208878,-31.35245413899993],[-54.93869631699992,-31.354087348999972],[-54.94107758799995,-31.37925201299995],[-54.932496188999934,-31.385053779000017],[-54.89963401699997,-31.37632851199991],[-54.878385578999925,-31.39807727499996],[-54.85792572799994,-31.408049627999958],[-54.861537158999965,-31.417922112999953],[-54.836455277,-31.441938324999942],[-54.796519292999974,-31.43003050099994],[-54.738847461999924,-31.425615536999953],[-54.72130782799997,-31.437006412],[-54.67666913199995,-31.44782131499998],[-54.670337878999945,-31.454078296999967],[-54.58685264999998,-31.456536351999954],[-54.5774385669999,-31.481028405999968],[-54.56012000699994,-31.49269828599991],[-54.515644166999984,-31.510177384],[-54.49014086399997,-31.551929415999926],[-54.47294071499995,-31.570352972],[-54.46110818599996,-31.625901046999928],[-54.45151156099996,-31.640036236999926],[-54.45622681099992,-31.65170054599994],[-54.17398469299998,-31.86232535299999],[-54.14267072299996,-31.884307439999894],[-54.13806737100002,-31.896407761000013],[-54.11058298099995,-31.90786040300001],[-54.095794515,-31.929690725999972],[-54.081337794999946,-31.929646611999964],[-54.03897043699992,-31.89736119499994],[-54.01541411999997,-31.90245696799995],[-54.004381155999965,-31.91462990899995],[-53.96326146499996,-31.92196026799993],[-53.97220453399997,-31.936135864999983],[-53.96609550399997,-31.949933934999976],[-53.94786405899998,-31.95448851999997]]],[[[-45.32603890899997,-23.722816097999967],[-45.339968896999956,-23.72752069899994],[-45.349317136999915,-23.742383483],[-45.34887169800001,-23.765350777999984],[-45.363513080999965,-23.787391895999974],[-45.365731114,-23.809005972999984],[-45.40226989999995,-23.84218210399999],[-45.417764551,-23.85944562600001],[-45.431821324999895,-23.86195929799989],[-45.460392144999965,-23.890238105999963],[-45.45963658499998,-23.915802465999967],[-45.444322336999946,-23.934145568999966],[-45.43220289699993,-23.939100971999906],[-45.40787246699997,-23.938500429999955],[-45.398148226999986,-23.932604966999946],[-45.35729371099998,-23.92780117399994],[-45.30295901999992,-23.908885478999906],[-45.29063625099995,-23.911083914999907],[-45.2810560839999,-23.926496040999957],[-45.28701212899994,-23.940794086000018],[-45.268987020999965,-23.96498005999993],[-45.25142219799997,-23.967795556999917],[-45.238532074999966,-23.960578833999925],[-45.233439869999984,-23.947989385000014],[-45.237642492,-23.909108505999974],[-45.26061553399991,-23.892729618999965],[-45.27189681499994,-23.89259173100001],[-45.27197775599998,-23.87333754699995],[-45.28885400699993,-23.873698040999933],[-45.28879598000001,-23.857008251999957],[-45.26998938799995,-23.83730104199998],[-45.23263901699998,-23.8356179579999],[-45.242324362999945,-23.810762238999907],[-45.23268895599994,-23.784971240999973],[-45.242439737,-23.76392712299996],[-45.25759854999995,-23.76218457399993],[-45.26327390299995,-23.741523619],[-45.2830398419999,-23.73431851999991],[-45.30762678499995,-23.73191034899996],[-45.32603890899997,-23.722816097999967]]],[[[-45.137711692,-23.790334419],[-45.15791847599992,-23.803303141999933],[-45.14412130399991,-23.816712023999962],[-45.11599962399996,-23.8029013189999],[-45.136954036999924,-23.798209232999987],[-45.137711692,-23.790334419]]],[[[-45.07830274400001,-23.528564406999983],[-45.081239135999965,-23.55649917499992],[-45.06521631699993,-23.555511457999913],[-45.039262731999955,-23.534301872999976],[-45.058508182,-23.526772591999965],[-45.07830274400001,-23.528564406999983]]]]},"properties":{"CD_MUN":"3500105","NM_MUN":"Adamantina","SIGLA":"SP","AREA_KM2":411.987,"auxiliary_":null,"auxiliar_1":null,"REGIAO_MAR":"SP","BASE_RC":null,"ALLCON_TOT":8}}
]}