{"type":"FeatureCollection", "features": [
{"type":"Feature","geometry":{"type":"Polygon","coordinates":[[[-48.53041071999995,-1.699321773999927],[-48.702123995,-1.680666461999941],[-48.837408279999934,-1.521444237000011],[-48.94760677999994,-1.550960568999891],[-49.15454735599997,-1.701759702999937],[-48.90576803999995,-1.95658216899993],[-48.53041071999995,-1.699321773999927]]]},"properties":{"CD_MUN":"1500107","NM_MUN":"Abaetetuba","SIGLA":"PA","AREA_KM2":1610.654,"auxiliary_":null,"auxiliar_1":null,"REGIAO_MAR":"PA","BASE_RC":null,"ALLCON_TOT":0}},
{"type":"Feature","geometry":{"type":"Polygon","coordinates":[[[-48.194630685999954,-4.911016334999957],[-48.612933898999984,-4.813807446999938],[-48.45193575299993,-5.112245489999943],[-48.194630685999954,-4.911016334999957]]]},"properties":{"CD_MUN":"1500131","NM_MUN":"Abel Figueiredo","SIGLA":"PA","AREA_KM2":614.131,"auxiliary_":null,"auxiliar_1":null,"REGIAO_MAR":"PA","BASE_RC":null,"ALLCON_TOT":2}},
{"type":"Feature","geometry":{"type":"Polygon","coordinates":[[[-48.29301705299997,-1.470539621999976],[-48.33175107199993,-1.466945971],[-48.50626851999992,-1.526584746],[-48.44149095099992,-1.655833709999982],[-48.464957199999965,-1.875618046999925],[-48.63085278199996,-2.156246199999906],[-48.85926743299997,-2.391703854999925],[-48.82823703499996,-2.601528159999908],[-48.75484570600001,-2.430762121999983],[-48.49537732100002,-2.55895183699991],[-48.44151589499994,-2.29517090199996],[-48.05378419399997,-2.084478483999916],[-48.0782774479999,-1.829707560999921],[-48.22782141200001,-1.69420358799993],[-48.29301705299997,-1.470539621999976]]]},"properties":{"CD_MUN":"1500206","NM_MUN":"Acará","SIGLA":"PA","AREA_KM2":4344.384,"auxiliary_":null,"auxiliar_1":null,"REGIAO_MAR":"PA","BASE_RC":null,"ALLCON_TOT":2}},
{"type":"Feature","geometry":{"type":"Polygon","coordinates":[[[-50.10721909199997,-0.470861645999904],[-50.195977640999985,-0.213524256999925],[-50.43288008099991,0.149561829000028],[-50.59966797399993,0.249357407000019],[-51.216362859,-0.118612786000014],[-51.43247918399993,-0.473342514],[-51.15505118799996,-0.40245784899998],[-51.09445516199999,-0.66155511999991],[-50.76583866699995,-0.50712887599996],[-50.47676213699994,-0.723834630999903],[-50.32739593899997,-0.633144342999934],[-50.23364067599998,-0.312785946999981],[-50.10721909199997,-0.470861645999904]]]},"properties":{"CD_MUN":"1500305","NM_MUN":"Afuá","SIGLA":"PA","AREA_KM2":8338.438,"auxiliary_":null,"auxiliar_1":null,"REGIAO_MAR":"PA","BASE_RC":null,"ALLCON_TOT":0}},
{"type":"Feature","geometry":{"type":"Polygon","coordinates":[[[-50.48245284499997,-6.51379350199997],[-50.71597523299991,-6.541887760999963],[-50.82664200100002,-6.375862673],[-51.03689635199997,-6.475114171],[-51.012676498999916,-6.636461284999982],[-50.7538164759999,-6.873562396999908],[-50.76482459099998,-6.994896187999942],[-50.56278249199997,-7.076277273999985],[-50.509142567999916,-7.193014353],[-50.37639271299998,-7.252789591999917],[-49.733030019,-6.717454790000019],[-49.72977686599995,-6.714715730999963],[-49.99772791999996,-6.550002809999938],[-50.23185878899998,-6.576571120999972],[-50.48245284499997,-6.51379350199997]]]},"properties":{"CD_MUN":"1500347","NM_MUN":"Água Azul do Norte","SIGLA":"PA","AREA_KM2":7113.955,"auxiliary_":null,"auxiliar_1":null,"REGIAO_MAR":"PA","BASE_RC":null,"ALLCON_TOT":10}},
{"type":"Feature","geometry":{"type":"Polygon","coordinates":[[[-54.862115118,0.372521589000065],[-54.860321853999956,0.476453948000035],[-55.06674263999997,0.65357661500002],[-55.02738652199996,0.885956085000075],[-55.216515966999964,1.073419473000072],[-55.24697600099994,1.32889997100007],[-55.41363374899994,1.545671922000075],[-55.41358851800002,-0.373626010999978],[-55.41342416399992,-1.399119459999959],[-55.08136408799997,-1.634407222999954],[-54.93100880499996,-1.838987668999934],[-55.09489570399994,-2.166946103999976],[-54.738803489999924,-2.071511236999918],[-54.51227553699997,-2.109368428999986],[-54.40905053999991,-1.88426732099996],[-54.37713899499991,-1.558064363999954],[-54.64527171699995,-1.429430894999904],[-54.693671034,-1.219529424999926],[-54.61554142599995,-1.008810299999894],[-54.69088949999998,-0.695751254999927],[-54.925666482999986,-0.254023093999898],[-54.85228295999997,0.027500490000016],[-54.925697129999946,0.141785816000031],[-54.862115118,0.372521589000065]]]},"properties":{"CD_MUN":"1500404","NM_MUN":"Alenquer","SIGLA":"PA","AREA_KM2":23645.452,"auxiliary_":null,"auxiliar_1":null,"REGIAO_MAR":"PA","BASE_RC":null,"ALLCON_TOT":36}},
{"type":"Feature","geometry":{"type":"Polygon","coordinates":[[[-51.778399377999946,-1.140412274999974],[-52.055064267999924,-1.176949976999936],[-52.33298792299996,-1.115891486999985],[-52.511074623999946,-0.856659085999972],[-52.53517981299993,-0.574087620999961],[-52.69543632999991,-0.496401734999949],[-52.68417162,-0.314313678],[-52.98338313899997,0.033381189000039],[-53.17531054200002,0.381717180000102],[-53.10574358899995,0.679461516000082],[-53.411494202999975,0.929344151000095],[-53.45915764299997,1.133680416000033],[-53.59521809999991,1.358154077],[-54.02027406099991,1.515763146000054],[-54.351691834999926,1.754072683000047],[-54.744779071999986,1.775800778000075],[-54.803804886999984,2.025822781000066],[-54.76311087599994,2.202319066],[-54.95430669599994,2.583692423000045],[-55.70769686499999,2.40321333],[-55.585714599999946,1.899522684],[-55.46189147099991,1.828099083000048],[-55.41363374899994,1.545671922000075],[-55.24697600099994,1.32889997100007],[-55.216515966999964,1.073419473000072],[-55.02738652199996,0.885956085000075],[-55.06674263999997,0.65357661500002],[-54.860321853999956,0.476453948000035],[-54.862115118,0.372521589000065],[-54.64071993899992,0.13363048],[-54.38790995899991,-0.007926826999913],[-54.39019543699992,-0.252504059999978],[-54.233166555999915,-0.478060832999958],[-54.02924404399993,-0.662193826999911],[-54.12354954799998,-0.827612226999946],[-53.95940258599998,-0.994547030999954],[-53.705940471999924,-0.980872877999914],[-53.632883303,-1.188134554999962],[-53.49520998899992,-1.341785912000013],[-53.3535740789999,-1.748914192000015],[-52.99976702199995,-1.743376160999915],[-52.93918521499991,-1.656317279999939],[-52.251873002999915,-1.504064693999979],[-51.991119211999965,-1.435099968],[-51.778399377999946,-1.140412274999974]]]},"properties":{"CD_MUN":"1500503","NM_MUN":"Almeirim","SIGLA":"PA","AREA_KM2":72954.798,"auxiliary_":null,"auxiliar_1":null,"REGIAO_MAR":"PA","BASE_RC":null,"ALLCON_TOT":0}},
{"type":"Feature","geometry":{"type":"Polygon","coordinates":[[[-51.958123555999975,-3.477043304],[-51.95123275699995,-3.413828269999946],[-52.259434289,-2.98967649399998],[-52.359267572,-3.075509675999974],[-52.49685699799997,-3.263706822999929],[-52.380989324999945,-3.533053112999923],[-52.64931725599997,-3.820689236999947],[-52.86242861199996,-3.820818949999932],[-53.002111684999974,-3.935500213999937],[-53.163606423,-3.858549932999949],[-53.17901974099996,-3.67373651599992],[-53.506329621,-4.055522869999933],[-53.757786959,-4.118587095999935],[-54.02382795799998,-4.266863036999929],[-54.10005796499996,-4.231921166999939],[-54.301668030999934,-4.312349596999937],[-54.450968957,-4.24333587],[-54.581945332999936,-4.393303400999976],[-54.841868806,-4.410236236999907],[-54.98092281999993,-4.591589564999907],[-55.309928148,-4.665165042999902],[-55.497794950999975,-4.62039204499996],[-55.48278061499998,-4.735693099999914],[-55.3572834359999,-5.053560175999969],[-55.59345526199994,-5.196162391],[-55.279888314999965,-5.515554220999924],[-55.212007773999986,-5.737722368999925],[-55.043981715999934,-6.011151019999922],[-55.33528370299996,-6.24919460999994],[-55.167346850999905,-6.685354133],[-55.20409168399995,-6.773716234],[-55.25176119099992,-6.979109959999938],[-55.21037146499996,-7.398277692],[-55.06467394299996,-7.525822655999956],[-55.00697990699994,-7.817240784],[-55.213005043,-8.14258353399989],[-55.176816784999986,-8.701324146999987],[-55.24189753699994,-8.826891253999989],[-55.111566930999984,-9.038067550999926],[-54.874122153999956,-9.063447386999943],[-54.67465007899996,-9.186351040000016],[-54.772342296,-9.30010111599998],[-54.613454077,-9.53582622599992],[-53.13338610199995,-9.645178150999953],[-52.92261022699993,-9.380427646999987],[-53.08480018800001,-9.11612630399997],[-52.992603731999935,-8.850782762999962],[-53.035186705999955,-8.751780027999931],[-52.88832566699996,-8.583268231],[-52.990684747999964,-8.307494543999958],[-52.92527034899994,-8.162624977999897],[-53.03755197299991,-7.930476311999932],[-53.138358680999985,-7.54653805899995],[-53.12007466799999,-7.39550642399994],[-53.31538708099998,-7.202982214999984],[-53.2472519839999,-6.786882653999946],[-53.39491515600001,-6.717625312999914],[-53.29671936099995,-6.45834927899994],[-53.19115816199995,-6.40056534699994],[-53.36896984699992,-6.057955829999933],[-52.975856429,-5.84508132299991],[-52.93937671199995,-5.744026353999985],[-52.690241676999975,-5.653714326999953],[-52.612245849,-5.243072072],[-52.29534755699998,-5.194414865999924],[-52.14829575299993,-5.316098145999923],[-52.05107474199997,-5.151400654999932],[-52.07998450199993,-4.677843945999932],[-51.86365223399997,-4.428470779999977],[-51.840119524999935,-4.215147247999923],[-52.06721053199993,-4.074727181999954],[-52.276789810999986,-4.031982235999948],[-52.30261888999996,-3.750465596],[-52.16811452999998,-3.563963043999912],[-51.958123555999975,-3.477043304]]]},"properties":{"CD_MUN":"1500602","NM_MUN":"Altamira","SIGLA":"PA","AREA_KM2":159533.306,"auxiliary_":null,"auxiliar_1":null,"REGIAO_MAR":"PA","BASE_RC":null,"ALLCON_TOT":34}},
{"type":"Feature","geometry":{"type":"Polygon","coordinates":[[[-50.10721909199997,-0.470861645999904],[-50.23364067599998,-0.312785946999981],[-50.32739593899997,-0.633144342999934],[-50.47676213699994,-0.723834630999903],[-50.40622970999992,-0.971154876],[-50.19377664299995,-1.074213061999934],[-49.93206417899991,-1.095613038],[-49.818916062000014,-1.234078763],[-49.60013429999998,-1.267179422999973],[-49.52663085099991,-1.188043790999913],[-49.524342594999936,-0.970817133999944],[-49.486276207999964,-0.668711232999947],[-49.489263066,-0.667021759999962],[-49.67875058599997,-0.557790808999897],[-49.82055086400001,-0.600305333999934],[-50.10721909199997,-0.470861645999904]]]},"properties":{"CD_MUN":"1500701","NM_MUN":"Anajás","SIGLA":"PA","AREA_KM2":6913.64,"auxiliary_":null,"auxiliar_1":null,"REGIAO_MAR":"PA","BASE_RC":null,"ALLCON_TOT":0}},
{"type":"Feature","geometry":{"type":"Polygon","coordinates":[[[-48.335792219,-1.250347600999966],[-48.35304416099994,-1.221025934999936],[-48.34546725899999,-1.451262012999926],[-48.339922849,-1.329047400999933],[-48.335792219,-1.250347600999966]]]},"properties":{"CD_MUN":"1500800","NM_MUN":"Ananindeua","SIGLA":"PA","AREA_KM2":190.581,"auxiliary_":null,"auxiliar_1":null,"REGIAO_MAR":"PA","BASE_RC":null,"ALLCON_TOT":0}},
{"type":"Feature","geometry":{"type":"Polygon","coordinates":[[[-51.146695582999975,-3.116027618999922],[-51.161232609999914,-3.018651182999982],[-51.398036135,-2.889074466999958],[-51.53303280199994,-2.744235853999974],[-51.74828576199994,-2.845506971999932],[-51.75135371999994,-3.107644868],[-51.70199422199994,-3.249180183999961],[-51.802035388,-3.504473285],[-51.58515177,-3.586256883999944],[-51.59519888999996,-3.779841530999889],[-51.43519914999992,-3.884004949999969],[-51.322398961999944,-4.41156081],[-51.38445523699994,-4.549230290999922],[-51.311980563,-4.715987479999981],[-51.466122049,-4.973508169999938],[-51.44781901799995,-5.150214727999952],[-50.93019628199997,-5.150572940999929],[-50.90045408799996,-4.412341934999958],[-50.99370445700002,-4.271302313999975],[-51.256820755999954,-3.872091759999968],[-51.167397353,-3.448660499999932],[-51.26651106399997,-3.308974724999963],[-51.146695582999975,-3.116027618999922]]]},"properties":{"CD_MUN":"1500859","NM_MUN":"Anapu","SIGLA":"PA","AREA_KM2":11895.27,"auxiliary_":null,"auxiliar_1":null,"REGIAO_MAR":"PA","BASE_RC":null,"ALLCON_TOT":0}},
{"type":"Feature","geometry":{"type":"Polygon","coordinates":[[[-46.33737780799995,-1.02152577499993],[-46.636408538999966,-0.969078538999973],[-46.635236533999986,-1.226405127999946],[-46.54846459099994,-1.335424406999906],[-46.38502354199991,-1.212176578999951],[-46.33737780799995,-1.02152577499993]]]},"properties":{"CD_MUN":"1500909","NM_MUN":"Augusto Corrêa","SIGLA":"PA","AREA_KM2":1099.619,"auxiliary_":null,"auxiliar_1":null,"REGIAO_MAR":"PA","BASE_RC":null,"ALLCON_TOT":0}},
{"type":"Feature","geometry":{"type":"Polygon","coordinates":[[[-47.51098032699998,-2.129979536999969],[-47.58701188499998,-2.000274329999968],[-47.74628750499998,-2.000862752999986],[-47.967083987,-2.22178231099997],[-48.055314286999916,-2.359987303999986],[-47.95203481399996,-2.517058895999966],[-47.93084824899998,-2.326578904999948],[-47.70451155699995,-2.316702945999936],[-47.43925226899998,-2.407423767999944],[-47.51098032699998,-2.129979536999969]]]},"properties":{"CD_MUN":"1500958","NM_MUN":"Aurora do Pará","SIGLA":"PA","AREA_KM2":1811.84,"auxiliary_":null,"auxiliar_1":null,"REGIAO_MAR":"PA","BASE_RC":null,"ALLCON_TOT":0}},
{"type":"Feature","geometry":{"type":"Polygon","coordinates":[[[-55.233869727,-3.241920746],[-56.344628868,-3.264795071],[-56.702401515999966,-3.357492553999961],[-56.76789147799994,-3.242889315999925],[-56.956083387,-3.658627112999966],[-56.877511989,-3.919064930999966],[-56.59115184799994,-4.305119781999927],[-56.468403673999944,-4.128621260999985],[-56.23784681099997,-4.155720331999966],[-56.011288666,-3.854780259999885],[-55.65423161699991,-4.090736983999896],[-55.53189250400001,-4.154228199999963],[-55.317084909999906,-4.077673273999913],[-55.146602414,-3.866080430999972],[-55.16128208199993,-3.630863560999984],[-55.03739844399995,-3.254741078999906],[-55.233869727,-3.241920746]]]},"properties":{"CD_MUN":"1501006","NM_MUN":"Aveiro","SIGLA":"PA","AREA_KM2":17074.053,"auxiliary_":null,"auxiliar_1":null,"REGIAO_MAR":"PA","BASE_RC":null,"ALLCON_TOT":0}},
{"type":"Feature","geometry":{"type":"Polygon","coordinates":[[[-50.2537208209999,-1.806061707999937],[-50.300411765,-1.805534993999963],[-50.45447384799992,-1.931946368999924],[-50.57169697999992,-2.011895153999937],[-50.2759691859999,-2.505595851],[-50.13244527199998,-2.645574618999952],[-50.085917643999984,-3.032329875999956],[-49.97088265699993,-3.162549126999942],[-49.89670834799995,-2.988819174999918],[-49.968777,-2.545898173999959],[-50.109530154999966,-2.410619731999972],[-50.11530124399998,-2.139623069999935],[-50.056692643999966,-1.908610694999929],[-50.13149603299995,-1.81499917799993],[-50.2537208209999,-1.806061707999937]]]},"properties":{"CD_MUN":"1501105","NM_MUN":"Bagre","SIGLA":"PA","AREA_KM2":4397.321,"auxiliary_":null,"auxiliar_1":null,"REGIAO_MAR":"PA","BASE_RC":null,"ALLCON_TOT":0}},
{"type":"Feature","geometry":{"type":"Polygon","coordinates":[[[-49.386512275000015,-2.663973323999933],[-49.73347939299997,-2.666167919999971],[-49.81361593899997,-2.962898970999959],[-49.89670834799995,-2.988819174999918],[-49.97088265699993,-3.162549126999942],[-49.908580217,-3.325674740999901],[-49.805913099,-3.533084365999933],[-49.965526805999986,-3.660950794999934],[-49.597607659999916,-3.513113218999969],[-49.472550309,-3.415252167],[-49.623467296999934,-3.000869768],[-49.45366038199996,-2.891435589000011],[-49.386512275000015,-2.663973323999933]]]},"properties":{"CD_MUN":"1501204","NM_MUN":"Baião","SIGLA":"PA","AREA_KM2":3759.834,"auxiliary_":null,"auxiliar_1":null,"REGIAO_MAR":"PA","BASE_RC":null,"ALLCON_TOT":10}},
{"type":"Feature","geometry":{"type":"Polygon","coordinates":[[[-50.37639271299998,-7.252789591999917],[-50.509142567999916,-7.193014353],[-50.66108874899992,-7.312086032999918],[-50.97200900800003,-7.373454163],[-50.96239822499992,-7.582883945999939],[-50.73522660799991,-7.744095262999959],[-50.511619906,-7.765884854999925],[-50.450114405,-7.714940835999915],[-50.34770032599997,-7.484345943999902],[-50.37639271299998,-7.252789591999917]]]},"properties":{"CD_MUN":"1501253","NM_MUN":"Bannach","SIGLA":"PA","AREA_KM2":2956.649,"auxiliary_":null,"auxiliar_1":null,"REGIAO_MAR":"PA","BASE_RC":null,"ALLCON_TOT":0}},
{"type":"Feature","geometry":{"type":"Polygon","coordinates":[[[-48.44149095099992,-1.655833709999982],[-48.50626851999992,-1.526584746],[-48.624408234,-1.192166763999985],[-48.837408279999934,-1.521444237000011],[-48.702123995,-1.680666461999941],[-48.53041071999995,-1.699321773999927],[-48.44149095099992,-1.655833709999982]]]},"properties":{"CD_MUN":"1501303","NM_MUN":"Barcarena","SIGLA":"PA","AREA_KM2":1310.338,"auxiliary_":null,"auxiliar_1":null,"REGIAO_MAR":"PA","BASE_RC":null,"ALLCON_TOT":0}},
{"type":"Feature","geometry":{"type":"Polygon","coordinates":[[[-48.35304416099994,-1.221025934999936],[-48.301816540999916,-1.106351588999885],[-48.46948365299994,-1.019426733999978],[-48.60751903599996,-1.17210883999995],[-48.624408234,-1.192166763999985],[-48.50626851999992,-1.526584746],[-48.33175107199993,-1.466945971],[-48.34546725899999,-1.451262012999926],[-48.35304416099994,-1.221025934999936]]]},"properties":{"CD_MUN":"1501402","NM_MUN":"Belém","SIGLA":"PA","AREA_KM2":1059.466,"auxiliary_":null,"auxiliar_1":null,"REGIAO_MAR":"PA","BASE_RC":null,"ALLCON_TOT":0}},
{"type":"Feature","geometry":{"type":"Polygon","coordinates":[[[-54.832448930999895,-2.661098092999978],[-55.058390306,-2.549334746999904],[-55.10225876199996,-2.820286336999942],[-55.233869727,-3.241920746],[-55.03739844399995,-3.254741078999906],[-55.16128208199993,-3.630863560999984],[-55.146602414,-3.866080430999972],[-54.94392527599993,-3.8091459],[-54.83373339599994,-3.556127318999955],[-54.832448930999895,-2.661098092999978]]]},"properties":{"CD_MUN":"1501451","NM_MUN":"Belterra","SIGLA":"PA","AREA_KM2":4398.418,"auxiliary_":null,"auxiliar_1":null,"REGIAO_MAR":"PA","BASE_RC":null,"ALLCON_TOT":24}},
{"type":"Feature","geometry":{"type":"Polygon","coordinates":[[[-48.20740999899995,-1.257176987999969],[-48.335792219,-1.250347600999966],[-48.339922849,-1.329047400999933],[-48.29301705299997,-1.470539621999976],[-48.260289314999945,-1.466739347999955],[-48.20740999899995,-1.257176987999969]]]},"properties":{"CD_MUN":"1501501","NM_MUN":"Benevides","SIGLA":"PA","AREA_KM2":187.826,"auxiliary_":null,"auxiliar_1":null,"REGIAO_MAR":"PA","BASE_RC":null,"ALLCON_TOT":0}},
{"type":"Feature","geometry":{"type":"Polygon","coordinates":[[[-48.612933898999984,-4.813807446999938],[-48.860934268999955,-4.74910071399993],[-48.931574585999925,-4.946162595],[-49.02604115699997,-5.044927437999966],[-48.99259774199997,-5.283288669999969],[-48.75515073699994,-5.349165407999976],[-48.45193575299993,-5.112245489999943],[-48.612933898999984,-4.813807446999938]]]},"properties":{"CD_MUN":"1501576","NM_MUN":"Bom Jesus do Tocantins","SIGLA":"PA","AREA_KM2":2816.604,"auxiliary_":null,"auxiliar_1":null,"REGIAO_MAR":"PA","BASE_RC":null,"ALLCON_TOT":0}},
{"type":"Feature","geometry":{"type":"Polygon","coordinates":[[[-47.18740589899994,-1.389392583999935],[-47.20548067599994,-1.224860007999915],[-47.342978222999946,-1.287051168999973],[-47.427536797999906,-1.370047442999983],[-47.418623158999935,-1.495393004999954],[-47.324518896999926,-1.564311953999962],[-47.18762399799996,-1.393916546999968],[-47.18740589899994,-1.389392583999935]]]},"properties":{"CD_MUN":"1501600","NM_MUN":"Bonito","SIGLA":"PA","AREA_KM2":586.976,"auxiliary_":null,"auxiliar_1":null,"REGIAO_MAR":"PA","BASE_RC":null,"ALLCON_TOT":2}},
{"type":"Feature","geometry":{"type":"Polygon","coordinates":[[[-46.636408538999966,-0.969078538999973],[-46.79603534299998,-0.870531412999981],[-46.85714767299995,-1.089877216999966],[-46.997353979,-1.308467068999924],[-46.81831218299994,-1.547625141999958],[-46.54846459099994,-1.335424406999906],[-46.635236533999986,-1.226405127999946],[-46.636408538999966,-0.969078538999973]]]},"properties":{"CD_MUN":"1501709","NM_MUN":"Bragança","SIGLA":"PA","AREA_KM2":2124.734,"auxiliary_":null,"auxiliar_1":null,"REGIAO_MAR":"PA","BASE_RC":null,"ALLCON_TOT":4}},
{"type":"Feature","geometry":{"type":"Polygon","coordinates":[[[-52.27648706299989,-2.830215223999986],[-52.55698743699996,-2.724980863999932],[-52.829463213999986,-2.762088109999944],[-53.00135042399995,-2.671765560999937],[-52.873629316,-2.810751222999968],[-52.88537990499995,-3.060356947999892],[-52.66927134099994,-3.46486906399997],[-52.81871726799993,-3.626747209],[-53.156571787999965,-3.664961613999971],[-53.17901974099996,-3.67373651599992],[-53.163606423,-3.858549932999949],[-53.002111684999974,-3.935500213999937],[-52.86242861199996,-3.820818949999932],[-52.64931725599997,-3.820689236999947],[-52.380989324999945,-3.533053112999923],[-52.49685699799997,-3.263706822999929],[-52.359267572,-3.075509675999974],[-52.27648706299989,-2.830215223999986]]]},"properties":{"CD_MUN":"1501725","NM_MUN":"Brasil Novo","SIGLA":"PA","AREA_KM2":6362.575,"auxiliary_":null,"auxiliar_1":null,"REGIAO_MAR":"PA","BASE_RC":null,"ALLCON_TOT":0}},
{"type":"Feature","geometry":{"type":"Polygon","coordinates":[[[-48.17227702499995,-5.708647920000018],[-48.32808870699996,-5.496632088999981],[-48.461662251999925,-5.600881720999915],[-48.586492669999984,-5.700409848999897],[-48.623267486999936,-5.887490388999922],[-48.53056662099996,-6.0344854269999],[-48.36140032599998,-5.699536467999927],[-48.17227702499995,-5.708647920000018]]]},"properties":{"CD_MUN":"1501758","NM_MUN":"Brejo Grande do Araguaia","SIGLA":"PA","AREA_KM2":1288.477,"auxiliary_":null,"auxiliar_1":null,"REGIAO_MAR":"PA","BASE_RC":null,"ALLCON_TOT":0}},
{"type":"Feature","geometry":{"type":"Polygon","coordinates":[[[-48.92560995699996,-3.412940274999926],[-49.472550309,-3.415252167],[-49.597607659999916,-3.513113218999969],[-49.660359537,-3.684811365000016],[-49.60685459800003,-4.072926873999947],[-49.239407187,-4.077437774999964],[-49.07307303499994,-3.996189397999977],[-49.25712974299998,-3.635167221999907],[-49.029063314,-3.547137182999954],[-48.92560995699996,-3.412940274999926]]]},"properties":{"CD_MUN":"1501782","NM_MUN":"Breu Branco","SIGLA":"PA","AREA_KM2":3941.904,"auxiliary_":null,"auxiliar_1":null,"REGIAO_MAR":"PA","BASE_RC":null,"ALLCON_TOT":0}},
{"type":"Feature","geometry":{"type":"Polygon","coordinates":[[[-50.47676213699994,-0.723834630999903],[-50.76583866699995,-0.50712887599996],[-51.09445516199999,-0.66155511999991],[-51.19264882799996,-0.776181189999967],[-51.216866879999955,-1.107987465999969],[-50.93686192800001,-1.11928727399993],[-50.815086370999936,-1.203273589999974],[-50.89694701099995,-1.397043308999955],[-50.47667252999999,-1.77412950699992],[-50.300411765,-1.805534993999963],[-50.2537208209999,-1.806061707999937],[-50.33286570999992,-1.626161972999945],[-50.28558325899992,-1.401623644999944],[-49.97514242299996,-1.300634308999946],[-49.93206417899991,-1.095613038],[-50.19377664299995,-1.074213061999934],[-50.40622970999992,-0.971154876],[-50.47676213699994,-0.723834630999903]]]},"properties":{"CD_MUN":"1501808","NM_MUN":"Breves","SIGLA":"PA","AREA_KM2":9566.572,"auxiliary_":null,"auxiliar_1":null,"REGIAO_MAR":"PA","BASE_RC":null,"ALLCON_TOT":0}},
{"type":"Feature","geometry":{"type":"Polygon","coordinates":[[[-48.260289314999945,-1.466739347999955],[-48.29301705299997,-1.470539621999976],[-48.22782141200001,-1.69420358799993],[-48.0782774479999,-1.829707560999921],[-47.88942340799995,-1.769737445999958],[-47.85770262599993,-1.629265683999975],[-47.944061833999925,-1.578631312],[-48.101542228999975,-1.539726119],[-48.260289314999945,-1.466739347999955]]]},"properties":{"CD_MUN":"1501907","NM_MUN":"Bujaru","SIGLA":"PA","AREA_KM2":994.691,"auxiliary_":null,"auxiliar_1":null,"REGIAO_MAR":"PA","BASE_RC":null,"ALLCON_TOT":1}},
{"type":"Feature","geometry":{"type":"Polygon","coordinates":[[[-46.315189700999966,-1.741558210999955],[-46.532189029999955,-1.614966135999971],[-46.635319105999976,-1.771851352999896],[-46.581199061999904,-1.94391465099995],[-46.605539265999965,-2.223128672],[-46.43936775399997,-2.413162091999915],[-46.28329692200001,-2.154390115],[-46.21102742899998,-1.831059277999941],[-46.315189700999966,-1.741558210999955]]]},"properties":{"CD_MUN":"1501956","NM_MUN":"Cachoeira do Piriá","SIGLA":"PA","AREA_KM2":2419.6,"auxiliary_":null,"auxiliar_1":null,"REGIAO_MAR":"PA","BASE_RC":null,"ALLCON_TOT":8}},
{"type":"Feature","geometry":{"type":"Polygon","coordinates":[[[-49.00656987299989,-0.445311149999981],[-49.208021264999964,-0.50999264099994],[-49.1918843569999,-0.740433277999983],[-48.96179776499993,-0.980244337999956],[-48.86510270599997,-1.200472440999931],[-48.60751903599996,-1.17210883999995],[-48.46948365299994,-1.019426733999978],[-48.43929577099992,-0.982477595],[-48.43954435799997,-0.978848786999947],[-48.690873267,-0.878477803999949],[-48.75693601399995,-0.751051513999954],[-48.962044943999956,-0.651489041999973],[-49.00656987299989,-0.445311149999981]]]},"properties":{"CD_MUN":"1502004","NM_MUN":"Cachoeira do Arari","SIGLA":"PA","AREA_KM2":3100.261,"auxiliary_":null,"auxiliar_1":null,"REGIAO_MAR":"PA","BASE_RC":null,"ALLCON_TOT":0}},
{"type":"Feature","geometry":{"type":"Polygon","coordinates":[[[-49.31813520599999,-1.994512372],[-49.59401081099994,-1.972376026999939],[-49.70646426,-2.069046264999983],[-49.74486003099996,-2.53539804],[-49.398693683,-2.539545557999965],[-49.29753447599998,-2.450622588999934],[-49.35731282099997,-2.359623739000014],[-49.18953931999994,-2.103641141999951],[-49.31813520599999,-1.994512372]]]},"properties":{"CD_MUN":"1502103","NM_MUN":"Cametá","SIGLA":"PA","AREA_KM2":3081.367,"auxiliary_":null,"auxiliar_1":null,"REGIAO_MAR":"PA","BASE_RC":null,"ALLCON_TOT":0}},
{"type":"Feature","geometry":{"type":"Polygon","coordinates":[[[-49.823248151999984,-6.248643451999989],[-50.56786966199997,-6.249483745999967],[-50.48245284499997,-6.51379350199997],[-50.23185878899998,-6.576571120999972],[-49.99772791999996,-6.550002809999938],[-49.72977686599995,-6.714715730999963],[-49.66418998799995,-6.537700096999949],[-49.823248151999984,-6.248643451999989]]]},"properties":{"CD_MUN":"1502152","NM_MUN":"Canaã dos Carajás","SIGLA":"PA","AREA_KM2":3146.821,"auxiliary_":null,"auxiliar_1":null,"REGIAO_MAR":"PA","BASE_RC":null,"ALLCON_TOT":0}},
{"type":"Feature","geometry":{"type":"Polygon","coordinates":[[[-47.01252794599996,-1.013345518999884],[-47.21168686899998,-1.000854052],[-47.20548067599994,-1.224860007999915],[-47.18740589899994,-1.389392583999935],[-46.97850179699998,-1.104220187999921],[-47.00199809799994,-1.011626292999921],[-47.01252794599996,-1.013345518999884]]]},"properties":{"CD_MUN":"1502202","NM_MUN":"Capanema","SIGLA":"PA","AREA_KM2":621.483,"auxiliary_":null,"auxiliar_1":null,"REGIAO_MAR":"PA","BASE_RC":null,"ALLCON_TOT":4}},
{"type":"Feature","geometry":{"type":"Polygon","coordinates":[[[-46.979678244999974,-1.596506522999924],[-47.07036221799996,-1.539339925999933],[-47.30662776400003,-1.611331032999935],[-47.22178314099993,-1.946097402999989],[-47.39911692299998,-2.078617493999921],[-47.51098032699998,-2.129979536999969],[-47.43925226899998,-2.407423767999944],[-47.33729077100001,-2.576388435999952],[-47.213844631,-2.59327861],[-47.163731077999955,-2.495452266999948],[-47.23871856199999,-2.269309344999968],[-47.16321722699998,-1.931359647999962],[-47.01481072300002,-1.857600654999963],[-46.979678244999974,-1.596506522999924]]]},"properties":{"CD_MUN":"1502301","NM_MUN":"Capitão Poço","SIGLA":"PA","AREA_KM2":2901.026,"auxiliary_":null,"auxiliar_1":null,"REGIAO_MAR":"PA","BASE_RC":null,"ALLCON_TOT":8}},
{"type":"Feature","geometry":{"type":"Polygon","coordinates":[[[-47.81119854799993,-1.065696778999978],[-47.943064529999916,-1.038791899999985],[-48.02148495399996,-1.133806487],[-48.03604315599996,-1.208430220999951],[-47.98614608299998,-1.422232594999926],[-47.76001055899998,-1.452589538999987],[-47.65306565899998,-1.43112990299997],[-47.63843560799998,-1.374769021999938],[-47.845478893999896,-1.286639344],[-47.81119854799993,-1.065696778999978]]]},"properties":{"CD_MUN":"1502400","NM_MUN":"Castanhal","SIGLA":"PA","AREA_KM2":1029.3,"auxiliary_":null,"auxiliar_1":null,"REGIAO_MAR":"PA","BASE_RC":null,"ALLCON_TOT":4}},
{"type":"Feature","geometry":{"type":"Polygon","coordinates":[[[-48.91790104200002,-0.229553710999895],[-49.01688844999994,-0.160232962999949],[-49.422189244999984,-0.168446939999939],[-49.39700901999997,0.062159081000104],[-49.69957838499994,0.1505051],[-49.533978526999896,0.289204672000082],[-49.58192337,0.418674009000014],[-49.80778668199994,0.332050425999988],[-50.16781888499999,0.340290841000041],[-50.036412975999966,0.534178401],[-50.22608573899998,0.696237153000062],[-50.436546896999985,0.600107025000035],[-50.59966797399993,0.249357407000019],[-50.43288008099991,0.149561829000028],[-50.195977640999985,-0.213524256999925],[-50.10721909199997,-0.470861645999904],[-49.82055086400001,-0.600305333999934],[-49.67875058599997,-0.557790808999897],[-49.489263066,-0.667021759999962],[-49.393747331000014,-0.377474585999913],[-49.208021264999964,-0.50999264099994],[-49.00656987299989,-0.445311149999981],[-48.91790104200002,-0.229553710999895]]]},"properties":{"CD_MUN":"1502509","NM_MUN":"Chaves","SIGLA":"PA","AREA_KM2":12534.995,"auxiliary_":null,"auxiliar_1":null,"REGIAO_MAR":"PA","BASE_RC":null,"ALLCON_TOT":0}},
{"type":"Feature","geometry":{"type":"Polygon","coordinates":[[[-48.213825516,-1.006845672999965],[-48.17157197799997,-0.816439287],[-48.40956583499995,-0.905751782999928],[-48.43954435799997,-0.978848786999947],[-48.43929577099992,-0.982477595],[-48.213825516,-1.006845672999965]]]},"properties":{"CD_MUN":"1502608","NM_MUN":"Colares","SIGLA":"PA","AREA_KM2":384.068,"auxiliary_":null,"auxiliar_1":null,"REGIAO_MAR":"PA","BASE_RC":null,"ALLCON_TOT":0}},
{"type":"Feature","geometry":{"type":"Polygon","coordinates":[[[-49.48177754399998,-8.6737310679999],[-49.21585399399994,-8.194211697999929],[-49.16074007299997,-7.791368960999954],[-49.360967951999974,-7.614939799999974],[-49.51885876699997,-7.844151856999968],[-49.826898775999965,-7.968031142999941],[-49.905252591,-8.055760839999913],[-49.826780607999964,-8.331815731999956],[-49.65905488399997,-8.286027236999924],[-49.65932870099998,-8.50046419099991],[-49.77753198899998,-8.573068842999962],[-49.70252827099994,-8.760941044999946],[-49.48177754399998,-8.6737310679999]]]},"properties":{"CD_MUN":"1502707","NM_MUN":"Conceição do Araguaia","SIGLA":"PA","AREA_KM2":5829.482,"auxiliary_":null,"auxiliar_1":null,"REGIAO_MAR":"PA","BASE_RC":null,"ALLCON_TOT":0}},
{"type":"Feature","geometry":{"type":"Polygon","coordinates":[[[-47.88942340799995,-1.769737445999958],[-48.0782774479999,-1.829707560999921],[-48.05378419399997,-2.084478483999916],[-47.98856640999995,-2.096627147999946],[-47.88942340799995,-1.769737445999958]]]},"properties":{"CD_MUN":"1502756","NM_MUN":"Concórdia do Pará","SIGLA":"PA","AREA_KM2":700.59,"auxiliary_":null,"auxiliar_1":null,"REGIAO_MAR":"PA","BASE_RC":null,"ALLCON_TOT":2}},
{"type":"Feature","geometry":{"type":"Polygon","coordinates":[[[-50.97200900800003,-7.373454163],[-51.23023596499998,-7.403858433999986],[-51.21337139199993,-7.677046536999974],[-51.13620472499997,-7.769134443999945],[-51.25162214899996,-7.956346650999944],[-51.44218010099994,-8.028297874999932],[-51.546625562,-8.206946982],[-51.86609412799996,-8.244412548],[-51.78171297599994,-8.379681326999986],[-51.779458357,-8.72515755299995],[-51.858397496999956,-8.905852312],[-51.59487312100001,-9.088716606999956],[-51.43559878499994,-9.47037927299995],[-51.28539665399991,-9.698891042999911],[-51.087618211999896,-9.483714238999905],[-51.027092814999904,-8.731594539],[-50.867394690999944,-8.336700352],[-50.599620573,-8.191312414999938],[-50.52556211699992,-8.098146163999917],[-50.57245545599997,-7.868519469999988],[-50.511619906,-7.765884854999925],[-50.73522660799991,-7.744095262999959],[-50.96239822499992,-7.582883945999939],[-50.97200900800003,-7.373454163]]]},"properties":{"CD_MUN":"1502764","NM_MUN":"Cumaru do Norte","SIGLA":"PA","AREA_KM2":17085.001,"auxiliary_":null,"auxiliar_1":null,"REGIAO_MAR":"PA","BASE_RC":null,"ALLCON_TOT":4}},
{"type":"Feature","geometry":{"type":"Polygon","coordinates":[[[-49.45747098299995,-5.901574763999982],[-49.71877202799996,-5.945982440999984],[-49.825914578999985,-5.855666001999943],[-49.823248151999984,-6.248643451999989],[-49.66418998799995,-6.537700096999949],[-49.72977686599995,-6.714715730999963],[-49.63782153799993,-6.63695366299995],[-49.41127728899996,-6.445272853999967],[-49.57335857399993,-6.259693141999954],[-49.45747098299995,-5.901574763999982]]]},"properties":{"CD_MUN":"1502772","NM_MUN":"Curionópolis","SIGLA":"PA","AREA_KM2":2369.096,"auxiliary_":null,"auxiliar_1":null,"REGIAO_MAR":"PA","BASE_RC":null,"ALLCON_TOT":6}},
{"type":"Feature","geometry":{"type":"Polygon","coordinates":[[[-49.60777513599999,-1.760397392999963],[-49.710550772,-1.601727785000016],[-49.72391071299997,-1.37066355799989],[-49.97514242299996,-1.300634308999946],[-50.28558325899992,-1.401623644999944],[-50.33286570999992,-1.626161972999945],[-50.2537208209999,-1.806061707999937],[-50.13149603299995,-1.81499917799993],[-49.718189831999936,-1.835600899999932],[-49.60777513599999,-1.760397392999963]]]},"properties":{"CD_MUN":"1502806","NM_MUN":"Curralinho","SIGLA":"PA","AREA_KM2":3617.252,"auxiliary_":null,"auxiliar_1":null,"REGIAO_MAR":"PA","BASE_RC":null,"ALLCON_TOT":0}},
{"type":"Feature","geometry":{"type":"Polygon","coordinates":[[[-55.09489570399994,-2.166946103999976],[-54.93100880499996,-1.838987668999934],[-55.08136408799997,-1.634407222999954],[-55.41342416399992,-1.399119459999959],[-55.174024757,-1.679288719999903],[-55.18481035399995,-2.046959491999942],[-55.09489570399994,-2.166946103999976]]]},"properties":{"CD_MUN":"1502855","NM_MUN":"Curuá","SIGLA":"PA","AREA_KM2":1431.134,"auxiliary_":null,"auxiliar_1":null,"REGIAO_MAR":"PA","BASE_RC":null,"ALLCON_TOT":0}},
{"type":"Feature","geometry":{"type":"Polygon","coordinates":[[[-47.756191946999955,-0.606314744999956],[-47.977010952999976,-0.686185506999912],[-47.951898403999955,-0.776768863999919],[-47.90096047299991,-0.931489587999984],[-47.814750288,-0.922007549999968],[-47.756191946999955,-0.606314744999956]]]},"properties":{"CD_MUN":"1502905","NM_MUN":"Curuçá","SIGLA":"PA","AREA_KM2":676.322,"auxiliary_":null,"auxiliar_1":null,"REGIAO_MAR":"PA","BASE_RC":null,"ALLCON_TOT":0}},
{"type":"Feature","geometry":{"type":"Polygon","coordinates":[[[-48.032373408,-3.822229972999978],[-48.388742690999926,-3.837308032999914],[-48.387905136,-4.017415268000022],[-48.2695161629999,-4.215255553],[-48.16091229699994,-4.200996047999936],[-47.816153021999966,-4.614728475999961],[-47.58356680999995,-4.522960067999954],[-47.34715708799994,-4.108688458],[-47.85234431099995,-4.046670146999936],[-48.032373408,-3.822229972999978]]]},"properties":{"CD_MUN":"1502939","NM_MUN":"Dom Eliseu","SIGLA":"PA","AREA_KM2":5268.809,"auxiliary_":null,"auxiliar_1":null,"REGIAO_MAR":"PA","BASE_RC":null,"ALLCON_TOT":20}},
{"type":"Feature","geometry":{"type":"Polygon","coordinates":[[[-48.85224267599996,-5.965137839999954],[-48.95827268299995,-5.855751471],[-49.23385228900001,-5.795579641999957],[-49.45747098299995,-5.901574763999982],[-49.57335857399993,-6.259693141999954],[-49.41127728899996,-6.445272853999967],[-49.199120911999934,-6.264225202999945],[-48.85224267599996,-5.965137839999954]]]},"properties":{"CD_MUN":"1502954","NM_MUN":"Eldorado do Carajás","SIGLA":"PA","AREA_KM2":2956.691,"auxiliary_":null,"auxiliar_1":null,"REGIAO_MAR":"PA","BASE_RC":null,"ALLCON_TOT":0}},
{"type":"Feature","geometry":{"type":"Polygon","coordinates":[[[-56.74901607499996,-1.651948988],[-56.918070401,-1.647672278999984],[-57.32879634999996,-1.339538423999947],[-57.42857411599991,-1.347633278999943],[-57.65215552399995,-1.095275422999947],[-57.99996391599997,-0.792052145999961],[-58.22315859799991,-0.738743848],[-58.346271667999986,-0.481799044],[-58.52194131399992,-0.433333621999985],[-58.71506013199996,-0.066077446999962],[-58.89503592100002,-0.010962858999939],[-58.86947930499994,-0.347483569999923],[-58.72528236499994,-0.438319143999927],[-58.706518682999956,-0.679645564999959],[-58.43418876199992,-0.892182778999967],[-58.42837397499993,-1.024609427999984],[-58.16304378799997,-1.230139340999919],[-57.35338358899995,-1.736807107999958],[-57.0792823579999,-1.802570767999931],[-57.02841518899994,-1.918023782999931],[-56.72138219799996,-2.059174440999954],[-56.585622233,-2.176527293999939],[-56.598287985999924,-1.876669604999975],[-56.74901607499996,-1.651948988]]]},"properties":{"CD_MUN":"1503002","NM_MUN":"Faro","SIGLA":"PA","AREA_KM2":11771.669,"auxiliary_":null,"auxiliar_1":null,"REGIAO_MAR":"PA","BASE_RC":null,"ALLCON_TOT":1}},
{"type":"Feature","geometry":{"type":"Polygon","coordinates":[[[-49.360967951999974,-7.614939799999974],[-49.37799741,-7.496445757999979],[-49.18528417599994,-7.235171785999981],[-49.19379595799997,-7.129814726],[-49.422639756999956,-7.274942248999903],[-49.82797023799998,-7.371583378999933],[-49.82813809600002,-7.700053747999966],[-49.85644071099992,-7.97273070599994],[-49.826898775999965,-7.968031142999941],[-49.51885876699997,-7.844151856999968],[-49.360967951999974,-7.614939799999974]]]},"properties":{"CD_MUN":"1503044","NM_MUN":"Floresta do Araguaia","SIGLA":"PA","AREA_KM2":3444.285,"auxiliary_":null,"auxiliar_1":null,"REGIAO_MAR":"PA","BASE_RC":null,"ALLCON_TOT":1}},
{"type":"Feature","geometry":{"type":"Polygon","coordinates":[[[-47.01481072300002,-1.857600654999963],[-47.16321722699998,-1.931359647999962],[-47.23871856199999,-2.269309344999968],[-47.163731077999955,-2.495452266999948],[-47.213844631,-2.59327861],[-47.104475027,-2.552224293999892],[-47.08047125399998,-2.325416671999974],[-46.90471040899997,-2.15646513],[-47.01481072300002,-1.857600654999963]]]},"properties":{"CD_MUN":"1503077","NM_MUN":"Garrafão do Norte","SIGLA":"PA","AREA_KM2":1608.014,"auxiliary_":null,"auxiliar_1":null,"REGIAO_MAR":"PA","BASE_RC":null,"ALLCON_TOT":6}},
{"type":"Feature","geometry":{"type":"Polygon","coordinates":[[[-49.029063314,-3.547137182999954],[-49.25712974299998,-3.635167221999907],[-49.07307303499994,-3.996189397999977],[-49.239407187,-4.077437774999964],[-49.60685459800003,-4.072926873999947],[-49.49677535799994,-4.500327026000015],[-49.322602003,-4.500700181999981],[-49.109300537,-4.323453347999937],[-49.0170243699999,-4.368284215999957],[-48.845742312,-4.307596503999953],[-48.74584965499997,-4.145600309],[-48.387905136,-4.017415268000022],[-48.388742690999926,-3.837308032999914],[-48.81610688199995,-3.712670482999911],[-48.88389412399994,-3.567954498999946],[-49.029063314,-3.547137182999954]]]},"properties":{"CD_MUN":"1503093","NM_MUN":"Goianésia do Pará","SIGLA":"PA","AREA_KM2":7023.948,"auxiliary_":null,"auxiliar_1":null,"REGIAO_MAR":"PA","BASE_RC":null,"ALLCON_TOT":0}},
{"type":"Feature","geometry":{"type":"Polygon","coordinates":[[[-51.09445516199999,-0.66155511999991],[-51.15505118799996,-0.40245784899998],[-51.43247918399993,-0.473342514],[-51.68344859699998,-0.794029418999962],[-51.700426963999945,-1.063210867999906],[-51.778399377999946,-1.140412274999974],[-51.991119211999965,-1.435099968],[-52.251873002999915,-1.504064693999979],[-52.199822441,-1.604226769999926],[-51.952036636999935,-1.646590622999931],[-51.963525314999984,-1.825572777999938],[-51.45811745000002,-1.64280109],[-51.209059685999954,-1.226659802999968],[-51.216866879999955,-1.107987465999969],[-51.19264882799996,-0.776181189999967],[-51.09445516199999,-0.66155511999991]]]},"properties":{"CD_MUN":"1503101","NM_MUN":"Gurupá","SIGLA":"PA","AREA_KM2":8570.286,"auxiliary_":null,"auxiliar_1":null,"REGIAO_MAR":"PA","BASE_RC":null,"ALLCON_TOT":0}},
{"type":"Feature","geometry":{"type":"Polygon","coordinates":[[[-47.49595511799997,-1.236898944999929],[-47.402924520999896,-0.977175628999888],[-47.41289744899994,-0.976649863],[-47.61040102699995,-1.031514890999979],[-47.706566990999924,-1.057344445999902],[-47.638386404,-1.374687100999914],[-47.49595511799997,-1.236898944999929]]]},"properties":{"CD_MUN":"1503200","NM_MUN":"Igarapé-Açu","SIGLA":"PA","AREA_KM2":785.983,"auxiliary_":null,"auxiliar_1":null,"REGIAO_MAR":"PA","BASE_RC":null,"ALLCON_TOT":2}},
{"type":"Feature","geometry":{"type":"Polygon","coordinates":[[[-48.90576803999995,-1.95658216899993],[-49.15454735599997,-1.701759702999937],[-49.171686749999935,-1.716122929999884],[-49.31813520599999,-1.994512372],[-49.18953931999994,-2.103641141999951],[-49.35731282099997,-2.359623739000014],[-49.29753447599998,-2.450622588999934],[-49.23188538399998,-2.413347928999926],[-48.96015521199992,-2.156923413999984],[-48.90576803999995,-1.95658216899993]]]},"properties":{"CD_MUN":"1503309","NM_MUN":"Igarapé-Miri","SIGLA":"PA","AREA_KM2":1996.79,"auxiliary_":null,"auxiliar_1":null,"REGIAO_MAR":"PA","BASE_RC":null,"ALLCON_TOT":0}},
{"type":"Feature","geometry":{"type":"Polygon","coordinates":[[[-47.76001055899998,-1.452589538999987],[-47.98614608299998,-1.422232594999926],[-48.101542228999975,-1.539726119],[-47.944061833999925,-1.578631312],[-47.76001055899998,-1.452589538999987]]]},"properties":{"CD_MUN":"1503408","NM_MUN":"Inhangapi","SIGLA":"PA","AREA_KM2":472.605,"auxiliary_":null,"auxiliar_1":null,"REGIAO_MAR":"PA","BASE_RC":null,"ALLCON_TOT":2}},
{"type":"Feature","geometry":{"type":"Polygon","coordinates":[[[-47.43925226899998,-2.407423767999944],[-47.70451155699995,-2.316702945999936],[-47.93084824899998,-2.326578904999948],[-47.95203481399996,-2.517058895999966],[-48.047449937999986,-2.648287644999897],[-48.091028954999985,-2.8998629989999],[-48.33236774099998,-3.197525105999915],[-48.53056857199995,-3.195670686999961],[-48.92590551099991,-3.407045140999948],[-48.92560995699996,-3.412940274999926],[-49.029063314,-3.547137182999954],[-48.88389412399994,-3.567954498999946],[-48.760932072999914,-3.395226501999957],[-48.502846712999954,-3.25970238299989],[-48.11217963499993,-3.208903698],[-48.055683415,-3.105291230999946],[-47.79875253199998,-2.978910456999948],[-47.89945890899993,-2.670093675999979],[-47.39196530899996,-2.889745336999958],[-47.33729077100001,-2.576388435999952],[-47.43925226899998,-2.407423767999944]]]},"properties":{"CD_MUN":"1503457","NM_MUN":"Ipixuna do Pará","SIGLA":"PA","AREA_KM2":5215.555,"auxiliary_":null,"auxiliar_1":null,"REGIAO_MAR":"PA","BASE_RC":null,"ALLCON_TOT":4}},
{"type":"Feature","geometry":{"type":"Polygon","coordinates":[[[-47.32813854200001,-1.605901687999953],[-47.62025390499993,-1.631906493999985],[-47.58942278999997,-1.877460718999977],[-47.39911692299998,-2.078617493999921],[-47.22178314099993,-1.946097402999989],[-47.30662776400003,-1.611331032999935],[-47.32813854200001,-1.605901687999953]]]},"properties":{"CD_MUN":"1503507","NM_MUN":"Irituia","SIGLA":"PA","AREA_KM2":1385.209,"auxiliary_":null,"auxiliar_1":null,"REGIAO_MAR":"PA","BASE_RC":null,"ALLCON_TOT":0}},
{"type":"Feature","geometry":{"type":"Polygon","coordinates":[[[-55.65423161699991,-4.090736983999896],[-56.011288666,-3.854780259999885],[-56.23784681099997,-4.155720331999966],[-56.468403673999944,-4.128621260999985],[-56.59115184799994,-4.305119781999927],[-56.877511989,-3.919064930999966],[-56.956083387,-3.658627112999966],[-57.35020081499995,-4.501781466999915],[-57.860634917999946,-5.600724136999929],[-57.64482787400002,-5.636579052999977],[-57.444716479999975,-5.558093363999959],[-57.269215070999934,-5.813252122999884],[-56.96541095899994,-5.932387054999971],[-56.72768252299997,-5.965675604999952],[-56.72373939999994,-6.300562146999908],[-56.88421289599994,-6.66858025899991],[-56.89246256999995,-6.990900685999932],[-57.13319255899993,-7.265723188999971],[-57.19505122999992,-7.496690603999987],[-57.03805561900001,-7.591417538],[-56.883742984999955,-7.801708926999904],[-56.894770906,-8.024354775999907],[-56.59238127399996,-8.26701980999994],[-56.36783009999996,-8.244693695],[-56.15960011,-8.405580813999922],[-56.064989386999926,-7.937201062999986],[-56.156905410999975,-7.753425567999948],[-56.22945747399994,-7.421095647999962],[-56.227455193,-7.027239277999939],[-56.14796504399992,-6.729985438999947],[-55.89092527199996,-6.53654355],[-55.741619327,-6.328707236999925],[-55.414952429999985,-6.471553141999969],[-55.19031524999997,-6.694871302999914],[-55.20409168399995,-6.773716234],[-55.167346850999905,-6.685354133],[-55.33528370299996,-6.24919460999994],[-55.043981715999934,-6.011151019999922],[-55.212007773999986,-5.737722368999925],[-55.279888314999965,-5.515554220999924],[-55.74948247299993,-5.488622386999928],[-56.05709099899993,-5.651841636],[-56.594877161999975,-5.544827713999965],[-56.66404440900001,-5.289506595000013],[-56.44407220799998,-5.041334849999899],[-56.439956324999955,-4.761857513999921],[-56.260899308999974,-4.567114854],[-56.09151216500001,-4.620643199999961],[-55.973896419999946,-4.536581592999909],[-55.48278061499998,-4.735693099999914],[-55.497794950999975,-4.62039204499996],[-55.651061554999984,-4.518397278999906],[-55.65423161699991,-4.090736983999896]]]},"properties":{"CD_MUN":"1503606","NM_MUN":"Itaituba","SIGLA":"PA","AREA_KM2":62042.472,"auxiliary_":null,"auxiliar_1":null,"REGIAO_MAR":"PA","BASE_RC":null,"ALLCON_TOT":0}},
{"type":"Feature","geometry":{"type":"Polygon","coordinates":[[[-49.31144861899998,-5.193256510999916],[-49.405047355,-4.903266886999944],[-49.41799792399994,-4.68717770699994],[-49.42553773599993,-4.696548010999955],[-49.50043682099994,-4.783722175999969],[-50.31555862899994,-4.827516740999954],[-50.479284482999915,-4.964704252999979],[-50.51564790899994,-5.17842061199994],[-50.476834696,-5.276876540999936],[-50.05670073600001,-5.429354215999957],[-49.84980407799996,-5.39208993999992],[-49.421271158999964,-5.449839691999934],[-49.31144861899998,-5.193256510999916]]]},"properties":{"CD_MUN":"1503705","NM_MUN":"Itupiranga","SIGLA":"PA","AREA_KM2":7880.109,"auxiliary_":null,"auxiliar_1":null,"REGIAO_MAR":"PA","BASE_RC":null,"ALLCON_TOT":0}},
{"type":"Feature","geometry":{"type":"Polygon","coordinates":[[[-56.15960011,-8.405580813999922],[-56.36783009999996,-8.244693695],[-56.59238127399996,-8.26701980999994],[-56.894770906,-8.024354775999907],[-56.883742984999955,-7.801708926999904],[-57.03805561900001,-7.591417538],[-57.19505122999992,-7.496690603999987],[-57.13319255899993,-7.265723188999971],[-56.89246256999995,-6.990900685999932],[-56.88421289599994,-6.66858025899991],[-56.72373939999994,-6.300562146999908],[-56.72768252299997,-5.965675604999952],[-56.96541095899994,-5.932387054999971],[-57.269215070999934,-5.813252122999884],[-57.444716479999975,-5.558093363999959],[-57.64482787400002,-5.636579052999977],[-57.860634917999946,-5.600724136999929],[-58.26672285899994,-6.475560521999988],[-58.42730575499992,-6.616167480999962],[-58.434555931999924,-6.908806512999952],[-58.18099582400002,-7.181736708999917],[-57.896749021999945,-7.677884549999945],[-57.83186459899998,-7.961515910999903],[-57.64166889599995,-8.21988153299996],[-57.68655768999997,-8.407007846999957],[-57.592938920999984,-8.75647697199998],[-57.20377417500002,-8.920819818999934],[-56.995549344999944,-9.233842562999914],[-56.820108799999964,-9.246340380999971],[-56.67188268199992,-9.367396943999982],[-56.15652195699995,-9.410397772999932],[-56.15960011,-8.405580813999922]]]},"properties":{"CD_MUN":"1503754","NM_MUN":"Jacareacanga","SIGLA":"PA","AREA_KM2":53304.563,"auxiliary_":null,"auxiliar_1":null,"REGIAO_MAR":"PA","BASE_RC":null,"ALLCON_TOT":0}},
{"type":"Feature","geometry":{"type":"Polygon","coordinates":[[[-49.0170243699999,-4.368284215999957],[-49.109300537,-4.323453347999937],[-49.322602003,-4.500700181999981],[-49.49677535799994,-4.500327026000015],[-49.42553773599993,-4.696548010999955],[-49.41799792399994,-4.68717770699994],[-49.225826464999955,-4.826661045999941],[-49.00046564699993,-4.832991798],[-49.0170243699999,-4.368284215999957]]]},"properties":{"CD_MUN":"1503804","NM_MUN":"Jacundá","SIGLA":"PA","AREA_KM2":2008.315,"auxiliary_":null,"auxiliar_1":null,"REGIAO_MAR":"PA","BASE_RC":null,"ALLCON_TOT":0}},
{"type":"Feature","geometry":{"type":"Polygon","coordinates":[[[-55.621640934999945,-2.158307394999923],[-55.76887108200001,-2.002450871999933],[-55.902533094999924,-1.998656968],[-56.08917857899993,-1.978331255999919],[-56.098650514,-2.026944633],[-56.20376967799993,-2.183080194999981],[-56.38431574000002,-2.270475354999988],[-56.40210718599994,-2.456516762999925],[-56.76789147799994,-3.242889315999925],[-56.702401515999966,-3.357492553999961],[-56.344628868,-3.264795071],[-55.77395695099991,-2.297574836999914],[-55.621640934999945,-2.158307394999923]]]},"properties":{"CD_MUN":"1503903","NM_MUN":"Juruti","SIGLA":"PA","AREA_KM2":8305.454,"auxiliary_":null,"auxiliar_1":null,"REGIAO_MAR":"PA","BASE_RC":null,"ALLCON_TOT":10}},
{"type":"Feature","geometry":{"type":"Polygon","coordinates":[[[-49.171686749999935,-1.716122929999884],[-49.415852967999925,-1.718868936999982],[-49.60777513599999,-1.760397392999963],[-49.718189831999936,-1.835600899999932],[-49.70646426,-2.069046264999983],[-49.59401081099994,-1.972376026999939],[-49.31813520599999,-1.994512372],[-49.171686749999935,-1.716122929999884]]]},"properties":{"CD_MUN":"1504000","NM_MUN":"Limoeiro do Ajuru","SIGLA":"PA","AREA_KM2":1490.186,"auxiliary_":null,"auxiliar_1":null,"REGIAO_MAR":"PA","BASE_RC":null,"ALLCON_TOT":0}},
{"type":"Feature","geometry":{"type":"Polygon","coordinates":[[[-47.39911692299998,-2.078617493999921],[-47.58942278999997,-1.877460718999977],[-47.58701188499998,-2.000274329999968],[-47.51098032699998,-2.129979536999969],[-47.39911692299998,-2.078617493999921]]]},"properties":{"CD_MUN":"1504059","NM_MUN":"Mãe do Rio","SIGLA":"PA","AREA_KM2":469.341,"auxiliary_":null,"auxiliar_1":null,"REGIAO_MAR":"PA","BASE_RC":null,"ALLCON_TOT":0}},
{"type":"Feature","geometry":{"type":"Polygon","coordinates":[[[-47.58582224099996,-0.948329091999916],[-47.60805847899993,-0.697768728999968],[-47.63149277799991,-0.706258891999894],[-47.71178608099992,-0.86181151599996],[-47.58582224099996,-0.948329091999916]]]},"properties":{"CD_MUN":"1504109","NM_MUN":"Magalhães Barata","SIGLA":"PA","AREA_KM2":323.984,"auxiliary_":null,"auxiliar_1":null,"REGIAO_MAR":"PA","BASE_RC":null,"ALLCON_TOT":0}},
{"type":"Feature","geometry":{"type":"Polygon","coordinates":[[[-48.99259774199997,-5.283288669999969],[-49.02604115699997,-5.044927437999966],[-48.931574585999925,-4.946162595],[-49.000421773999946,-4.833073457999909],[-49.14235867099991,-5.077652448999942],[-49.31144861899998,-5.193256510999916],[-49.421271158999964,-5.449839691999934],[-49.84980407799996,-5.39208993999992],[-50.05670073600001,-5.429354215999957],[-50.476834696,-5.276876540999936],[-50.51564790899994,-5.17842061199994],[-50.720203853999934,-5.174657757],[-50.78686839899993,-5.399654848999944],[-50.947397596,-5.525828197999921],[-50.94615544299998,-5.803749713999956],[-51.263673703999956,-5.99496067999997],[-51.148776777999956,-6.216684257999958],[-50.977701251,-5.988953113999926],[-50.34383650399994,-5.864264885],[-50.01747160399994,-5.945406464999934],[-49.825914578999985,-5.855666001999943],[-49.71877202799996,-5.945982440999984],[-49.45747098299995,-5.901574763999982],[-49.23385228900001,-5.795579641999957],[-48.95827268299995,-5.855751471],[-48.85224267599996,-5.965137839999954],[-48.731209731999954,-5.860050475999984],[-48.933515272,-5.653792768999963],[-48.94465749299998,-5.552856874999939],[-48.99259774199997,-5.283288669999969]]]},"properties":{"CD_MUN":"1504208","NM_MUN":"Marabá","SIGLA":"PA","AREA_KM2":15128.058,"auxiliary_":null,"auxiliar_1":null,"REGIAO_MAR":"PA","BASE_RC":"FABRICIO","ALLCON_TOT":0}},
{"type":"Feature","geometry":{"type":"Polygon","coordinates":[[[-47.42597119699995,-0.657268631999983],[-47.60805847899993,-0.697768728999968],[-47.58582224099996,-0.948329091999916],[-47.61040102699995,-1.031514890999979],[-47.41289744899994,-0.976649863],[-47.38113935299994,-0.836527567999973],[-47.37725629999991,-0.822595089999965],[-47.42597119699995,-0.657268631999983]]]},"properties":{"CD_MUN":"1504307","NM_MUN":"Maracanã","SIGLA":"PA","AREA_KM2":807.628,"auxiliary_":null,"auxiliar_1":null,"REGIAO_MAR":"PA","BASE_RC":null,"ALLCON_TOT":0}},
{"type":"Feature","geometry":{"type":"Polygon","coordinates":[[[-47.63149277799991,-0.706258891999894],[-47.756191946999955,-0.606314744999956],[-47.814750288,-0.922007549999968],[-47.77795293999995,-1.060680836999914],[-47.706566990999924,-1.057344445999902],[-47.61040102699995,-1.031514890999979],[-47.58582224099996,-0.948329091999916],[-47.71178608099992,-0.86181151599996],[-47.63149277799991,-0.706258891999894]]]},"properties":{"CD_MUN":"1504406","NM_MUN":"Marapanim","SIGLA":"PA","AREA_KM2":804.625,"auxiliary_":null,"auxiliar_1":null,"REGIAO_MAR":"PA","BASE_RC":null,"ALLCON_TOT":0}},
{"type":"Feature","geometry":{"type":"Polygon","coordinates":[[[-48.29301705299997,-1.470539621999976],[-48.339922849,-1.329047400999933],[-48.34546725899999,-1.451262012999926],[-48.33175107199993,-1.466945971],[-48.29301705299997,-1.470539621999976]]]},"properties":{"CD_MUN":"1504422","NM_MUN":"Marituba","SIGLA":"PA","AREA_KM2":103.214,"auxiliary_":null,"auxiliar_1":null,"REGIAO_MAR":"PA","BASE_RC":null,"ALLCON_TOT":0}},
{"type":"Feature","geometry":{"type":"Polygon","coordinates":[[[-53.00152950399994,-2.671615607999961],[-53.14640935099996,-2.665272599999966],[-53.60838260899989,-2.865150757999984],[-53.85541223099992,-2.887467519999959],[-53.66475028599994,-3.041803830999932],[-53.50887917999991,-3.278350555],[-53.49868811299993,-3.515885726999954],[-53.26399417499996,-3.49614868],[-53.156571787999965,-3.664961613999971],[-52.81871726799993,-3.626747209],[-52.66927134099994,-3.46486906399997],[-52.88537990499995,-3.060356947999892],[-52.873629316,-2.810751222999968],[-53.00135042399995,-2.671765560999937],[-53.00152950399994,-2.671615607999961]]]},"properties":{"CD_MUN":"1504455","NM_MUN":"Medicilândia","SIGLA":"PA","AREA_KM2":8272.629,"auxiliary_":null,"auxiliar_1":null,"REGIAO_MAR":"PA","BASE_RC":null,"ALLCON_TOT":0}},
{"type":"Feature","geometry":{"type":"Polygon","coordinates":[[[-50.300411765,-1.805534993999963],[-50.47667252999999,-1.77412950699992],[-50.89694701099995,-1.397043308999955],[-50.815086370999936,-1.203273589999974],[-50.93686192800001,-1.11928727399993],[-51.216866879999955,-1.107987465999969],[-51.209059685999954,-1.226659802999968],[-51.45811745000002,-1.64280109],[-51.963525314999984,-1.825572777999938],[-51.87464971699997,-1.944570278999933],[-51.755400142,-1.938132885999941],[-51.301142579999954,-1.747598665999966],[-50.798281894999974,-1.913036103999985],[-50.67550773799995,-1.795715620999921],[-50.45447384799992,-1.931946368999924],[-50.300411765,-1.805534993999963]]]},"properties":{"CD_MUN":"1504505","NM_MUN":"Melgaço","SIGLA":"PA","AREA_KM2":6774.065,"auxiliary_":null,"auxiliar_1":null,"REGIAO_MAR":"PA","BASE_RC":null,"ALLCON_TOT":0}},
{"type":"Feature","geometry":{"type":"Polygon","coordinates":[[[-49.386512275000015,-2.663973323999933],[-49.23188538399998,-2.413347928999926],[-49.29753447599998,-2.450622588999934],[-49.398693683,-2.539545557999965],[-49.74486003099996,-2.53539804],[-49.73347939299997,-2.666167919999971],[-49.386512275000015,-2.663973323999933]]]},"properties":{"CD_MUN":"1504604","NM_MUN":"Mocajuba","SIGLA":"PA","AREA_KM2":871.171,"auxiliary_":null,"auxiliar_1":null,"REGIAO_MAR":"PA","BASE_RC":null,"ALLCON_TOT":0}},
{"type":"Feature","geometry":{"type":"Polygon","coordinates":[[[-48.82823703499996,-2.601528159999908],[-48.85926743299997,-2.391703854999925],[-48.63085278199996,-2.156246199999906],[-48.464957199999965,-1.875618046999925],[-48.44149095099992,-1.655833709999982],[-48.53041071999995,-1.699321773999927],[-48.90576803999995,-1.95658216899993],[-48.96015521199992,-2.156923413999984],[-49.23188538399998,-2.413347928999926],[-49.386512275000015,-2.663973323999933],[-49.45366038199996,-2.891435589000011],[-49.623467296999934,-3.000869768],[-49.472550309,-3.415252167],[-48.92560995699996,-3.412940274999926],[-48.92590551099991,-3.407045140999948],[-49.032217143999915,-2.857711758999898],[-48.82823703499996,-2.601528159999908]]]},"properties":{"CD_MUN":"1504703","NM_MUN":"Moju","SIGLA":"PA","AREA_KM2":9094.139,"auxiliary_":null,"auxiliar_1":null,"REGIAO_MAR":"PA","BASE_RC":null,"ALLCON_TOT":6}},
{"type":"Feature","geometry":{"type":"Polygon","coordinates":[[[-54.24892875499998,-3.266521452999932],[-54.25000037099991,-2.952222274999947],[-54.36666672599994,-2.787500419999986],[-54.625,-2.620832442999941],[-54.832448930999895,-2.661098092999978],[-54.83373339599994,-3.556127318999955],[-54.54339319499992,-3.359879616999933],[-54.285982554,-3.40237524199992],[-54.24892875499998,-3.266521452999932]]]},"properties":{"CD_MUN":"1504752","NM_MUN":"Mojuí dos Campos","SIGLA":"PA","AREA_KM2":4988.236,"auxiliary_":null,"auxiliar_1":null,"REGIAO_MAR":"PA","BASE_RC":null,"ALLCON_TOT":46}},
{"type":"Feature","geometry":{"type":"Polygon","coordinates":[[[-53.95940258599998,-0.994547030999954],[-54.12354954799998,-0.827612226999946],[-54.02924404399993,-0.662193826999911],[-54.233166555999915,-0.478060832999958],[-54.39019543699992,-0.252504059999978],[-54.38790995899991,-0.007926826999913],[-54.64071993899992,0.13363048],[-54.862115118,0.372521589000065],[-54.925697129999946,0.141785816000031],[-54.85228295999997,0.027500490000016],[-54.925666482999986,-0.254023093999898],[-54.69088949999998,-0.695751254999927],[-54.61554142599995,-1.008810299999894],[-54.693671034,-1.219529424999926],[-54.64527171699995,-1.429430894999904],[-54.37713899499991,-1.558064363999954],[-54.40905053999991,-1.88426732099996],[-54.51227553699997,-2.109368428999986],[-54.26591582399995,-2.415412939999989],[-54.04916436299995,-2.23349518],[-54.03614671999996,-2.112597251999979],[-53.791037272,-1.724311020999956],[-53.885110611999934,-1.507492595999921],[-53.902444471999914,-1.048331308999956],[-53.95940258599998,-0.994547030999954]]]},"properties":{"CD_MUN":"1504802","NM_MUN":"Monte Alegre","SIGLA":"PA","AREA_KM2":18152.559,"auxiliary_":null,"auxiliar_1":null,"REGIAO_MAR":"PA","BASE_RC":null,"ALLCON_TOT":2}},
{"type":"Feature","geometry":{"type":"Polygon","coordinates":[[[-48.94760677999994,-1.550960568999891],[-49.102408866,-1.403937654999915],[-49.08893517099992,-1.280468839999976],[-49.22008044399996,-1.000397488999965],[-49.436470743000015,-0.913536650999944],[-49.524342594999936,-0.970817133999944],[-49.52663085099991,-1.188043790999913],[-49.496435432999974,-1.617756798999942],[-49.415852967999925,-1.718868936999982],[-49.171686749999935,-1.716122929999884],[-49.15454735599997,-1.701759702999937],[-48.94760677999994,-1.550960568999891]]]},"properties":{"CD_MUN":"1504901","NM_MUN":"Muaná","SIGLA":"PA","AREA_KM2":3763.337,"auxiliary_":null,"auxiliar_1":null,"REGIAO_MAR":"PA","BASE_RC":null,"ALLCON_TOT":0}},
{"type":"Feature","geometry":{"type":"Polygon","coordinates":[[[-46.605539265999965,-2.223128672],[-46.84441683199997,-1.899801929999931],[-46.90471040899997,-2.15646513],[-47.08047125399998,-2.325416671999974],[-47.104475027,-2.552224293999892],[-47.213844631,-2.59327861],[-47.33729077100001,-2.576388435999952],[-47.39196530899996,-2.889745336999958],[-47.05727998299995,-2.618838624],[-46.90925263199991,-2.422273750999935],[-46.43584956399992,-2.470915413999961],[-46.43936775399997,-2.413162091999915],[-46.605539265999965,-2.223128672]]]},"properties":{"CD_MUN":"1504950","NM_MUN":"Nova Esperança do Piriá","SIGLA":"PA","AREA_KM2":2808.195,"auxiliary_":null,"auxiliar_1":null,"REGIAO_MAR":"PA","BASE_RC":null,"ALLCON_TOT":4}},
{"type":"Feature","geometry":{"type":"Polygon","coordinates":[[[-49.00046564699993,-4.832991798],[-49.225826464999955,-4.826661045999941],[-49.41799792399994,-4.68717770699994],[-49.405047355,-4.903266886999944],[-49.31144861899998,-5.193256510999916],[-49.14235867099991,-5.077652448999942],[-49.000421773999946,-4.833073457999909],[-49.00046564699993,-4.832991798]]]},"properties":{"CD_MUN":"1504976","NM_MUN":"Nova Ipixuna","SIGLA":"PA","AREA_KM2":1564.184,"auxiliary_":null,"auxiliar_1":null,"REGIAO_MAR":"PA","BASE_RC":null,"ALLCON_TOT":0}},
{"type":"Feature","geometry":{"type":"Polygon","coordinates":[[[-47.342978222999946,-1.287051168999973],[-47.294395347,-0.969003926999932],[-47.402924520999896,-0.977175628999888],[-47.49595511799997,-1.236898944999929],[-47.427536797999906,-1.370047442999983],[-47.342978222999946,-1.287051168999973]]]},"properties":{"CD_MUN":"1505007","NM_MUN":"Nova Timboteua","SIGLA":"PA","AREA_KM2":489.853,"auxiliary_":null,"auxiliar_1":null,"REGIAO_MAR":"PA","BASE_RC":null,"ALLCON_TOT":2}},
{"type":"Feature","geometry":{"type":"Polygon","coordinates":[[[-55.20409168399995,-6.773716234],[-55.19031524999997,-6.694871302999914],[-55.414952429999985,-6.471553141999969],[-55.741619327,-6.328707236999925],[-55.89092527199996,-6.53654355],[-56.14796504399992,-6.729985438999947],[-56.227455193,-7.027239277999939],[-56.22945747399994,-7.421095647999962],[-56.156905410999975,-7.753425567999948],[-56.064989386999926,-7.937201062999986],[-56.15960011,-8.405580813999922],[-56.15652195699995,-9.410397772999932],[-54.613454077,-9.53582622599992],[-54.772342296,-9.30010111599998],[-54.67465007899996,-9.186351040000016],[-54.874122153999956,-9.063447386999943],[-55.111566930999984,-9.038067550999926],[-55.24189753699994,-8.826891253999989],[-55.176816784999986,-8.701324146999987],[-55.213005043,-8.14258353399989],[-55.00697990699994,-7.817240784],[-55.06467394299996,-7.525822655999956],[-55.21037146499996,-7.398277692],[-55.25176119099992,-6.979109959999938],[-55.20409168399995,-6.773716234]]]},"properties":{"CD_MUN":"1505031","NM_MUN":"Novo Progresso","SIGLA":"PA","AREA_KM2":38162.002,"auxiliary_":null,"auxiliar_1":null,"REGIAO_MAR":"PA","BASE_RC":null,"ALLCON_TOT":12}},
{"type":"Feature","geometry":{"type":"Polygon","coordinates":[[[-49.60685459800003,-4.072926873999947],[-50.108499976,-4.077977724999968],[-50.881447951,-3.853567670999922],[-50.67328631299992,-4.208730569999958],[-50.81841704899992,-4.294946995999958],[-50.99370445700002,-4.271302313999975],[-50.90045408799996,-4.412341934999958],[-50.93019628199997,-5.150572940999929],[-50.720203853999934,-5.174657757],[-50.51564790899994,-5.17842061199994],[-50.479284482999915,-4.964704252999979],[-50.31555862899994,-4.827516740999954],[-49.50043682099994,-4.783722175999969],[-49.42553773599993,-4.696548010999955],[-49.49677535799994,-4.500327026000015],[-49.60685459800003,-4.072926873999947]]]},"properties":{"CD_MUN":"1505064","NM_MUN":"Novo Repartimento","SIGLA":"PA","AREA_KM2":15398.723,"auxiliary_":null,"auxiliar_1":null,"REGIAO_MAR":"PA","BASE_RC":null,"ALLCON_TOT":0}},
{"type":"Feature","geometry":{"type":"Polygon","coordinates":[[[-55.71795604899991,2.402098485000032],[-55.94664338099992,2.33146843900002],[-55.83906196100001,1.76206795800006],[-55.73195241599997,1.465411619000037],[-55.59047476899998,1.331286955000039],[-55.794901847999974,0.82024582],[-55.948257318999964,0.718603173000027],[-55.97699729899992,0.557816618000068],[-56.17478953599992,0.205098115000041],[-56.02809432699998,-0.086929001999941],[-56.04267688999995,-0.402830379999983],[-56.199345606,-0.545374506999927],[-56.266872217999904,-0.752067319999981],[-56.04151399099992,-1.072193149999961],[-56.0089765,-1.289319856999924],[-55.69956658999999,-1.356036240999941],[-55.671728609999974,-1.785288224999931],[-55.902533094999924,-1.998656968],[-55.76887108200001,-2.002450871999933],[-55.621640934999945,-2.158307394999923],[-55.09489570399994,-2.166946103999976],[-55.18481035399995,-2.046959491999942],[-55.174024757,-1.679288719999903],[-55.41342416399992,-1.399119459999959],[-55.41358851800002,-0.373626010999978],[-55.41363374899994,1.545671922000075],[-55.46189147099991,1.828099083000048],[-55.585714599999946,1.899522684],[-55.70769686499999,2.40321333],[-55.71795604899991,2.402098485000032]]]},"properties":{"CD_MUN":"1505106","NM_MUN":"Óbidos","SIGLA":"PA","AREA_KM2":28011.041,"auxiliary_":null,"auxiliar_1":null,"REGIAO_MAR":"PA","BASE_RC":null,"ALLCON_TOT":32}},
{"type":"Feature","geometry":{"type":"Polygon","coordinates":[[[-49.718189831999936,-1.835600899999932],[-50.13149603299995,-1.81499917799993],[-50.056692643999966,-1.908610694999929],[-50.11530124399998,-2.139623069999935],[-50.109530154999966,-2.410619731999972],[-49.968777,-2.545898173999959],[-49.89670834799995,-2.988819174999918],[-49.81361593899997,-2.962898970999959],[-49.73347939299997,-2.666167919999971],[-49.74486003099996,-2.53539804],[-49.70646426,-2.069046264999983],[-49.718189831999936,-1.835600899999932]]]},"properties":{"CD_MUN":"1505205","NM_MUN":"Oeiras do Pará","SIGLA":"PA","AREA_KM2":3852.291,"auxiliary_":null,"auxiliar_1":null,"REGIAO_MAR":"PA","BASE_RC":null,"ALLCON_TOT":0}},
{"type":"Feature","geometry":{"type":"Polygon","coordinates":[[[-55.71795604899991,2.402098485000032],[-55.934678164999966,2.533540095000077],[-56.13253912999998,2.263749738000023],[-55.90212193199992,2.029403770000066],[-55.99903856799992,1.831363713999984],[-56.43709692599998,1.951786728000066],[-56.80151756999996,1.87415509],[-57.00079115899996,1.907369782],[-57.08676531499998,2.026519274000051],[-57.433520764,1.90604825],[-57.53427051599991,1.708255218000012],[-57.98112795399996,1.65941024900004],[-58.12952470399992,1.498953837000045],[-58.33247670399999,1.590733379],[-58.49632722599998,1.268015326000111],[-58.710496902999964,1.289948661000068],[-58.89549808199998,1.228781424],[-58.89503592100002,-0.010962858999939],[-58.71506013199996,-0.066077446999962],[-58.52194131399992,-0.433333621999985],[-58.346271667999986,-0.481799044],[-58.22315859799991,-0.738743848],[-57.99996391599997,-0.792052145999961],[-57.65215552399995,-1.095275422999947],[-57.42857411599991,-1.347633278999943],[-57.32879634999996,-1.339538423999947],[-56.918070401,-1.647672278999984],[-56.74901607499996,-1.651948988],[-56.08917857899993,-1.978331255999919],[-55.902533094999924,-1.998656968],[-55.671728609999974,-1.785288224999931],[-55.69956658999999,-1.356036240999941],[-56.0089765,-1.289319856999924],[-56.04151399099992,-1.072193149999961],[-56.266872217999904,-0.752067319999981],[-56.199345606,-0.545374506999927],[-56.04267688999995,-0.402830379999983],[-56.02809432699998,-0.086929001999941],[-56.17478953599992,0.205098115000041],[-55.97699729899992,0.557816618000068],[-55.948257318999964,0.718603173000027],[-55.794901847999974,0.82024582],[-55.59047476899998,1.331286955000039],[-55.73195241599997,1.465411619000037],[-55.83906196100001,1.76206795800006],[-55.94664338099992,2.33146843900002],[-55.71795604899991,2.402098485000032]]]},"properties":{"CD_MUN":"1505304","NM_MUN":"Oriximiná","SIGLA":"PA","AREA_KM2":107613.838,"auxiliary_":null,"auxiliar_1":null,"REGIAO_MAR":"PA","BASE_RC":null,"ALLCON_TOT":22}},
{"type":"Feature","geometry":{"type":"Polygon","coordinates":[[[-46.979678244999974,-1.596506522999924],[-47.153092649,-1.365218479999939],[-47.18762399799996,-1.393916546999968],[-47.324518896999926,-1.564311953999962],[-47.32813854200001,-1.605901687999953],[-47.30662776400003,-1.611331032999935],[-47.07036221799996,-1.539339925999933],[-46.979678244999974,-1.596506522999924]]]},"properties":{"CD_MUN":"1505403","NM_MUN":"Ourém","SIGLA":"PA","AREA_KM2":561.71,"auxiliary_":null,"auxiliar_1":null,"REGIAO_MAR":"PA","BASE_RC":null,"ALLCON_TOT":2}},
{"type":"Feature","geometry":{"type":"Polygon","coordinates":[[[-51.03689635199997,-6.475114171],[-51.18348037599995,-6.467203327999954],[-51.12525749599996,-6.62384441899993],[-51.10261925199994,-6.878305908],[-51.333454885999984,-7.044142624],[-51.683875492999945,-7.022596836999959],[-51.66129467499998,-7.190679183999968],[-51.86707076199994,-7.530321112999925],[-51.88248275599997,-7.7020560029999],[-52.145623611,-7.813584225999968],[-52.16365411799997,-8.03350265999999],[-52.077937511999934,-8.3135889119999],[-51.937902812999965,-8.440847254999948],[-51.78171297599994,-8.379681326999986],[-51.86609412799996,-8.244412548],[-51.546625562,-8.206946982],[-51.44218010099994,-8.028297874999932],[-51.25162214899996,-7.956346650999944],[-51.13620472499997,-7.769134443999945],[-51.21337139199993,-7.677046536999974],[-51.23023596499998,-7.403858433999986],[-50.97200900800003,-7.373454163],[-50.66108874899992,-7.312086032999918],[-50.509142567999916,-7.193014353],[-50.56278249199997,-7.076277273999985],[-50.76482459099998,-6.994896187999942],[-50.7538164759999,-6.873562396999908],[-51.012676498999916,-6.636461284999982],[-51.03689635199997,-6.475114171]]]},"properties":{"CD_MUN":"1505437","NM_MUN":"Ourilândia do Norte","SIGLA":"PA","AREA_KM2":14410.567,"auxiliary_":null,"auxiliar_1":null,"REGIAO_MAR":"PA","BASE_RC":null,"ALLCON_TOT":0}},
{"type":"Feature","geometry":{"type":"Polygon","coordinates":[[[-49.908580217,-3.325674740999901],[-50.209633431000015,-3.23754847499989],[-50.48592213099995,-3.458325441999897],[-50.80895056799994,-3.495038773],[-50.85022636999998,-3.29415611],[-50.9751731809999,-3.122351422999934],[-51.146695582999975,-3.116027618999922],[-51.26651106399997,-3.308974724999963],[-51.167397353,-3.448660499999932],[-51.256820755999954,-3.872091759999968],[-50.99370445700002,-4.271302313999975],[-50.81841704899992,-4.294946995999958],[-50.67328631299992,-4.208730569999958],[-50.881447951,-3.853567670999922],[-50.108499976,-4.077977724999968],[-49.95799952499997,-3.78769517099991],[-49.965526805999986,-3.660950794999934],[-49.805913099,-3.533084365999933],[-49.908580217,-3.325674740999901]]]},"properties":{"CD_MUN":"1505486","NM_MUN":"Pacajá","SIGLA":"PA","AREA_KM2":11832.323,"auxiliary_":null,"auxiliar_1":null,"REGIAO_MAR":"PA","BASE_RC":null,"ALLCON_TOT":0}},
{"type":"Feature","geometry":{"type":"Polygon","coordinates":[[[-48.17227702499995,-5.708647920000018],[-48.36140032599998,-5.699536467999927],[-48.53056662099996,-6.0344854269999],[-48.39129293799991,-6.146703478999932],[-48.230125335999944,-5.922518408999942],[-48.17227702499995,-5.708647920000018]]]},"properties":{"CD_MUN":"1505494","NM_MUN":"Palestina do Pará","SIGLA":"PA","AREA_KM2":984.362,"auxiliary_":null,"auxiliar_1":null,"REGIAO_MAR":"PA","BASE_RC":null,"ALLCON_TOT":0}},
{"type":"Feature","geometry":{"type":"Polygon","coordinates":[[[-46.43584956399992,-2.470915413999961],[-46.90925263199991,-2.422273750999935],[-47.05727998299995,-2.618838624],[-47.39196530899996,-2.889745336999958],[-47.89945890899993,-2.670093675999979],[-47.79875253199998,-2.978910456999948],[-48.055683415,-3.105291230999946],[-48.11217963499993,-3.208903698],[-48.502846712999954,-3.25970238299989],[-48.760932072999914,-3.395226501999957],[-48.88389412399994,-3.567954498999946],[-48.81610688199995,-3.712670482999911],[-48.388742690999926,-3.837308032999914],[-48.032373408,-3.822229972999978],[-47.73679030699995,-3.699243653999901],[-47.659931623,-3.583919948999942],[-47.35264560399994,-3.472941166999952],[-47.14694973599995,-3.619460260999979],[-47.03825258099991,-3.56429824699994],[-46.814861276999956,-3.311465858999938],[-46.647429620999965,-2.969811841999942],[-46.622264787999974,-2.644941061999937],[-46.43584956399992,-2.470915413999961]]]},"properties":{"CD_MUN":"1505502","NM_MUN":"Paragominas","SIGLA":"PA","AREA_KM2":19342.565,"auxiliary_":-52.755432787574165,"auxiliar_1":-3.484840950717238,"REGIAO_MAR":"PA","BASE_RC":"RICARDO","ALLCON_TOT":34}},
{"type":"Feature","geometry":{"type":"Polygon","coordinates":[[[-49.825914578999985,-5.855666001999943],[-50.01747160399994,-5.945406464999934],[-50.34383650399994,-5.864264885],[-50.977701251,-5.988953113999926],[-51.148776777999956,-6.216684257999958],[-51.18348037599995,-6.467203327999954],[-51.03689635199997,-6.475114171],[-50.82664200100002,-6.375862673],[-50.71597523299991,-6.541887760999963],[-50.48245284499997,-6.51379350199997],[-50.56786966199997,-6.249483745999967],[-49.823248151999984,-6.248643451999989],[-49.825914578999985,-5.855666001999943]]]},"properties":{"CD_MUN":"1505536","NM_MUN":"Parauapebas","SIGLA":"PA","AREA_KM2":6885.794,"auxiliary_":null,"auxiliar_1":null,"REGIAO_MAR":"PA","BASE_RC":null,"ALLCON_TOT":10}},
{"type":"Feature","geometry":{"type":"Polygon","coordinates":[[[-49.82813809600002,-7.700053747999966],[-50.08961450299998,-7.683719873999948],[-50.34770032599997,-7.484345943999902],[-50.450114405,-7.714940835999915],[-50.23620482799995,-7.880743519999953],[-50.114608771999976,-7.81268743499993],[-49.85644071099992,-7.97273070599994],[-49.82813809600002,-7.700053747999966]]]},"properties":{"CD_MUN":"1505551","NM_MUN":"Pau D'Arco","SIGLA":"PA","AREA_KM2":1671.419,"auxiliary_":null,"auxiliar_1":null,"REGIAO_MAR":"PA","BASE_RC":null,"ALLCON_TOT":0}},
{"type":"Feature","geometry":{"type":"Polygon","coordinates":[[[-47.21168686899998,-1.000854052],[-47.224698790999945,-0.963754561],[-47.294395347,-0.969003926999932],[-47.342978222999946,-1.287051168999973],[-47.20548067599994,-1.224860007999915],[-47.21168686899998,-1.000854052]]]},"properties":{"CD_MUN":"1505601","NM_MUN":"Peixe-Boi","SIGLA":"PA","AREA_KM2":450.224,"auxiliary_":null,"auxiliar_1":null,"REGIAO_MAR":"PA","BASE_RC":null,"ALLCON_TOT":2}},
{"type":"Feature","geometry":{"type":"Polygon","coordinates":[[[-49.199120911999934,-6.264225202999945],[-49.41127728899996,-6.445272853999967],[-49.08341334700001,-6.843250975999968],[-48.76909815799994,-6.730701561999958],[-48.6260794799999,-6.478509805999941],[-48.74985317599993,-6.378456376000017],[-49.199120911999934,-6.264225202999945]]]},"properties":{"CD_MUN":"1505635","NM_MUN":"Piçarra","SIGLA":"PA","AREA_KM2":3312.708,"auxiliary_":null,"auxiliar_1":null,"REGIAO_MAR":"PA","BASE_RC":null,"ALLCON_TOT":4}},
{"type":"Feature","geometry":{"type":"Polygon","coordinates":[[[-54.285982554,-3.40237524199992],[-54.54339319499992,-3.359879616999933],[-54.83373339599994,-3.556127318999955],[-54.94392527599993,-3.8091459],[-54.74684019999991,-3.886683503],[-54.841868806,-4.410236236999907],[-54.581945332999936,-4.393303400999976],[-54.450968957,-4.24333587],[-54.301668030999934,-4.312349596999937],[-54.10005796499996,-4.231921166999939],[-54.110054898999955,-3.825574768999971],[-54.254362315999956,-3.692882401],[-54.285982554,-3.40237524199992]]]},"properties":{"CD_MUN":"1505650","NM_MUN":"Placas","SIGLA":"PA","AREA_KM2":7173.194,"auxiliary_":null,"auxiliar_1":null,"REGIAO_MAR":"PA","BASE_RC":null,"ALLCON_TOT":0}},
{"type":"Feature","geometry":{"type":"Polygon","coordinates":[[[-49.486276207999964,-0.668711232999947],[-49.524342594999936,-0.970817133999944],[-49.436470743000015,-0.913536650999944],[-49.22008044399996,-1.000397488999965],[-49.08893517099992,-1.280468839999976],[-49.102408866,-1.403937654999915],[-48.94760677999994,-1.550960568999891],[-48.837408279999934,-1.521444237000011],[-48.624408234,-1.192166763999985],[-48.60751903599996,-1.17210883999995],[-48.86510270599997,-1.200472440999931],[-48.96179776499993,-0.980244337999956],[-49.1918843569999,-0.740433277999983],[-49.486276207999964,-0.668711232999947]]]},"properties":{"CD_MUN":"1505700","NM_MUN":"Ponta de Pedras","SIGLA":"PA","AREA_KM2":3363.749,"auxiliary_":null,"auxiliar_1":null,"REGIAO_MAR":"PA","BASE_RC":null,"ALLCON_TOT":0}},
{"type":"Feature","geometry":{"type":"Polygon","coordinates":[[[-50.45447384799992,-1.931946368999924],[-50.67550773799995,-1.795715620999921],[-50.798281894999974,-1.913036103999985],[-51.301142579999954,-1.747598665999966],[-51.755400142,-1.938132885999941],[-51.87464971699997,-1.944570278999933],[-51.939625053,-2.107736341999953],[-51.85445304199991,-2.552475741],[-51.74828576199994,-2.845506971999932],[-51.53303280199994,-2.744235853999974],[-51.398036135,-2.889074466999958],[-51.161232609999914,-3.018651182999982],[-51.146695582999975,-3.116027618999922],[-50.9751731809999,-3.122351422999934],[-50.85022636999998,-3.29415611],[-50.80895056799994,-3.495038773],[-50.48592213099995,-3.458325441999897],[-50.209633431000015,-3.23754847499989],[-49.908580217,-3.325674740999901],[-49.97088265699993,-3.162549126999942],[-50.085917643999984,-3.032329875999956],[-50.13244527199998,-2.645574618999952],[-50.2759691859999,-2.505595851],[-50.57169697999992,-2.011895153999937],[-50.45447384799992,-1.931946368999924]]]},"properties":{"CD_MUN":"1505809","NM_MUN":"Portel","SIGLA":"PA","AREA_KM2":25384.96,"auxiliary_":null,"auxiliar_1":null,"REGIAO_MAR":"PA","BASE_RC":null,"ALLCON_TOT":2}},
{"type":"Feature","geometry":{"type":"Polygon","coordinates":[[[-51.963525314999984,-1.825572777999938],[-51.952036636999935,-1.646590622999931],[-52.199822441,-1.604226769999926],[-52.251873002999915,-1.504064693999979],[-52.93918521499991,-1.656317279999939],[-52.99976702199995,-1.743376160999915],[-53.06046623299993,-1.881547580999907],[-53.276689753999946,-2.087876085999923],[-53.225699895999966,-2.365294232999965],[-53.384270875999924,-2.50498402399991],[-53.00152950399994,-2.671615607999961],[-53.00135042399995,-2.671765560999937],[-52.829463213999986,-2.762088109999944],[-52.55698743699996,-2.724980863999932],[-52.27648706299989,-2.830215223999986],[-52.04385391399999,-2.792505901999981],[-52.05493039999995,-2.686243971999907],[-51.85445304199991,-2.552475741],[-51.939625053,-2.107736341999953],[-51.87464971699997,-1.944570278999933],[-51.963525314999984,-1.825572777999938]]]},"properties":{"CD_MUN":"1505908","NM_MUN":"Porto de Moz","SIGLA":"PA","AREA_KM2":17423.017,"auxiliary_":null,"auxiliar_1":null,"REGIAO_MAR":"PA","BASE_RC":null,"ALLCON_TOT":0}},
{"type":"Feature","geometry":{"type":"Polygon","coordinates":[[[-52.99976702199995,-1.743376160999915],[-53.3535740789999,-1.748914192000015],[-53.49520998899992,-1.341785912000013],[-53.632883303,-1.188134554999962],[-53.705940471999924,-0.980872877999914],[-53.95940258599998,-0.994547030999954],[-53.902444471999914,-1.048331308999956],[-53.885110611999934,-1.507492595999921],[-53.791037272,-1.724311020999956],[-54.03614671999996,-2.112597251999979],[-54.04916436299995,-2.23349518],[-54.26591582399995,-2.415412939999989],[-54.254578840999926,-2.578487670999912],[-54.10302411499998,-2.886533355999937],[-53.85541223099992,-2.887467519999959],[-53.60838260899989,-2.865150757999984],[-53.14640935099996,-2.665272599999966],[-53.00152950399994,-2.671615607999961],[-53.384270875999924,-2.50498402399991],[-53.225699895999966,-2.365294232999965],[-53.276689753999946,-2.087876085999923],[-53.06046623299993,-1.881547580999907],[-52.99976702199995,-1.743376160999915]]]},"properties":{"CD_MUN":"1506005","NM_MUN":"Prainha","SIGLA":"PA","AREA_KM2":14786.953,"auxiliary_":null,"auxiliar_1":null,"REGIAO_MAR":"PA","BASE_RC":null,"ALLCON_TOT":6}},
{"type":"Feature","geometry":{"type":"Polygon","coordinates":[[[-47.01252794599996,-1.013345518999884],[-47.08393894399993,-0.83200252599994],[-47.24278148399998,-0.91884935799996],[-47.224698790999945,-0.963754561],[-47.21168686899998,-1.000854052],[-47.01252794599996,-1.013345518999884]]]},"properties":{"CD_MUN":"1506104","NM_MUN":"Primavera","SIGLA":"PA","AREA_KM2":258.6,"auxiliary_":null,"auxiliar_1":null,"REGIAO_MAR":"PA","BASE_RC":null,"ALLCON_TOT":0}},
{"type":"Feature","geometry":{"type":"Polygon","coordinates":[[[-46.9425821309999,-0.859277834999936],[-47.063738786999934,-0.794634110999901],[-47.08393894399993,-0.83200252599994],[-47.01252794599996,-1.013345518999884],[-47.00199809799994,-1.011626292999921],[-46.9425821309999,-0.859277834999936]]]},"properties":{"CD_MUN":"1506112","NM_MUN":"Quatipuru","SIGLA":"PA","AREA_KM2":302.939,"auxiliary_":null,"auxiliar_1":null,"REGIAO_MAR":"PA","BASE_RC":null,"ALLCON_TOT":0}},
{"type":"Feature","geometry":{"type":"Polygon","coordinates":[[[-49.85644071099992,-7.97273070599994],[-50.114608771999976,-7.81268743499993],[-50.23620482799995,-7.880743519999953],[-50.450114405,-7.714940835999915],[-50.511619906,-7.765884854999925],[-50.57245545599997,-7.868519469999988],[-50.52556211699992,-8.098146163999917],[-50.599620573,-8.191312414999938],[-50.34556465500002,-8.186138462999946],[-50.163006268999965,-8.346381515999965],[-49.99605826999993,-8.396135881999953],[-49.826780607999964,-8.331815731999956],[-49.905252591,-8.055760839999913],[-49.826898775999965,-7.968031142999941],[-49.85644071099992,-7.97273070599994]]]},"properties":{"CD_MUN":"1506138","NM_MUN":"Redenção","SIGLA":"PA","AREA_KM2":3823.809,"auxiliary_":null,"auxiliar_1":null,"REGIAO_MAR":"PA","BASE_RC":null,"ALLCON_TOT":14}},
{"type":"Feature","geometry":{"type":"Polygon","coordinates":[[[-49.82813809600002,-7.700053747999966],[-49.82797023799998,-7.371583378999933],[-49.422639756999956,-7.274942248999903],[-49.19379595799997,-7.129814726],[-49.19352529899996,-7.040701942999892],[-50.37639271299998,-7.252789591999917],[-50.34770032599997,-7.484345943999902],[-50.08961450299998,-7.683719873999948],[-49.82813809600002,-7.700053747999966]]]},"properties":{"CD_MUN":"1506161","NM_MUN":"Rio Maria","SIGLA":"PA","AREA_KM2":4114.627,"auxiliary_":null,"auxiliar_1":null,"REGIAO_MAR":"PA","BASE_RC":null,"ALLCON_TOT":0}},
{"type":"Feature","geometry":{"type":"Polygon","coordinates":[[[-47.816153021999966,-4.614728475999961],[-48.16091229699994,-4.200996047999936],[-48.2695161629999,-4.215255553],[-48.387905136,-4.017415268000022],[-48.74584965499997,-4.145600309],[-48.845742312,-4.307596503999953],[-49.0170243699999,-4.368284215999957],[-49.00046564699993,-4.832991798],[-49.000421773999946,-4.833073457999909],[-48.931574585999925,-4.946162595],[-48.860934268999955,-4.74910071399993],[-48.612933898999984,-4.813807446999938],[-48.194630685999954,-4.911016334999957],[-47.816153021999966,-4.614728475999961]]]},"properties":{"CD_MUN":"1506187","NM_MUN":"Rondon do Pará","SIGLA":"PA","AREA_KM2":8246.394,"auxiliary_":null,"auxiliar_1":null,"REGIAO_MAR":"PA","BASE_RC":null,"ALLCON_TOT":14}},
{"type":"Feature","geometry":{"type":"Polygon","coordinates":[[[-54.841868806,-4.410236236999907],[-54.74684019999991,-3.886683503],[-54.94392527599993,-3.8091459],[-55.146602414,-3.866080430999972],[-55.317084909999906,-4.077673273999913],[-55.53189250400001,-4.154228199999963],[-55.65423161699991,-4.090736983999896],[-55.651061554999984,-4.518397278999906],[-55.497794950999975,-4.62039204499996],[-55.309928148,-4.665165042999902],[-54.98092281999993,-4.591589564999907],[-54.841868806,-4.410236236999907]]]},"properties":{"CD_MUN":"1506195","NM_MUN":"Rurópolis","SIGLA":"PA","AREA_KM2":7021.321,"auxiliary_":null,"auxiliar_1":null,"REGIAO_MAR":"PA","BASE_RC":null,"ALLCON_TOT":8}},
{"type":"Feature","geometry":{"type":"Polygon","coordinates":[[[-47.261872173000015,-0.647756636999972],[-47.42597119699995,-0.657268631999983],[-47.37725629999991,-0.822595089999965],[-47.261872173000015,-0.647756636999972]]]},"properties":{"CD_MUN":"1506203","NM_MUN":"Salinópolis","SIGLA":"PA","AREA_KM2":226.12,"auxiliary_":null,"auxiliar_1":null,"REGIAO_MAR":"PA","BASE_RC":null,"ALLCON_TOT":0}},
{"type":"Feature","geometry":{"type":"Polygon","coordinates":[[[-48.506106764999956,-0.750891113999913],[-48.57249762699995,-0.680537730999973],[-48.962044943999956,-0.651489041999973],[-48.75693601399995,-0.751051513999954],[-48.690873267,-0.878477803999949],[-48.43954435799997,-0.978848786999947],[-48.40956583499995,-0.905751782999928],[-48.506106764999956,-0.750891113999913]]]},"properties":{"CD_MUN":"1506302","NM_MUN":"Salvaterra","SIGLA":"PA","AREA_KM2":918.563,"auxiliary_":null,"auxiliar_1":null,"REGIAO_MAR":"PA","BASE_RC":null,"ALLCON_TOT":0}},
{"type":"Feature","geometry":{"type":"Polygon","coordinates":[[[-48.13749073499995,-1.199925710999899],[-48.301816540999916,-1.106351588999885],[-48.35304416099994,-1.221025934999936],[-48.335792219,-1.250347600999966],[-48.20740999899995,-1.257176987999969],[-48.13749073499995,-1.199925710999899]]]},"properties":{"CD_MUN":"1506351","NM_MUN":"Santa Bárbara do Pará","SIGLA":"PA","AREA_KM2":278.154,"auxiliary_":null,"auxiliar_1":null,"REGIAO_MAR":"PA","BASE_RC":null,"ALLCON_TOT":0}},
{"type":"Feature","geometry":{"type":"Polygon","coordinates":[[[-49.208021264999964,-0.50999264099994],[-49.393747331000014,-0.377474585999913],[-49.489263066,-0.667021759999962],[-49.486276207999964,-0.668711232999947],[-49.1918843569999,-0.740433277999983],[-49.208021264999964,-0.50999264099994]]]},"properties":{"CD_MUN":"1506401","NM_MUN":"Santa Cruz do Arari","SIGLA":"PA","AREA_KM2":1076.652,"auxiliary_":null,"auxiliar_1":null,"REGIAO_MAR":"PA","BASE_RC":null,"ALLCON_TOT":0}},
{"type":"Feature","geometry":{"type":"Polygon","coordinates":[[[-48.03604315599996,-1.208430220999951],[-48.13749073499995,-1.199925710999899],[-48.20740999899995,-1.257176987999969],[-48.260289314999945,-1.466739347999955],[-48.101542228999975,-1.539726119],[-47.98614608299998,-1.422232594999926],[-48.03604315599996,-1.208430220999951]]]},"properties":{"CD_MUN":"1506500","NM_MUN":"Santa Izabel do Pará","SIGLA":"PA","AREA_KM2":717.662,"auxiliary_":null,"auxiliar_1":null,"REGIAO_MAR":"PA","BASE_RC":null,"ALLCON_TOT":0}},
{"type":"Feature","geometry":{"type":"Polygon","coordinates":[[[-46.81831218299994,-1.547625141999958],[-46.997353979,-1.308467068999924],[-47.153092649,-1.365218479999939],[-46.979678244999974,-1.596506522999924],[-47.01481072300002,-1.857600654999963],[-46.90471040899997,-2.15646513],[-46.84441683199997,-1.899801929999931],[-46.81831218299994,-1.547625141999958]]]},"properties":{"CD_MUN":"1506559","NM_MUN":"Santa Luzia do Pará","SIGLA":"PA","AREA_KM2":1346.502,"auxiliary_":null,"auxiliar_1":null,"REGIAO_MAR":"PA","BASE_RC":null,"ALLCON_TOT":0}},
{"type":"Feature","geometry":{"type":"Polygon","coordinates":[[[-49.826780607999964,-8.331815731999956],[-49.99605826999993,-8.396135881999953],[-50.163006268999965,-8.346381515999965],[-50.34556465500002,-8.186138462999946],[-50.599620573,-8.191312414999938],[-50.867394690999944,-8.336700352],[-51.027092814999904,-8.731594539],[-50.87640196799994,-8.953866549999887],[-50.52003441499997,-8.972980186999955],[-50.25533987499992,-8.921589334999922],[-49.86263834699997,-9.081498674999953],[-49.48177754399998,-8.6737310679999],[-49.70252827099994,-8.760941044999946],[-49.77753198899998,-8.573068842999962],[-49.65932870099998,-8.50046419099991],[-49.65905488399997,-8.286027236999924],[-49.826780607999964,-8.331815731999956]]]},"properties":{"CD_MUN":"1506583","NM_MUN":"Santa Maria das Barreiras","SIGLA":"PA","AREA_KM2":10330.214,"auxiliary_":null,"auxiliar_1":null,"REGIAO_MAR":"PA","BASE_RC":null,"ALLCON_TOT":20}},
{"type":"Feature","geometry":{"type":"Polygon","coordinates":[[[-47.427536797999906,-1.370047442999983],[-47.49595511799997,-1.236898944999929],[-47.638386404,-1.374687100999914],[-47.63843560799998,-1.374769021999938],[-47.65306565899998,-1.43112990299997],[-47.418623158999935,-1.495393004999954],[-47.427536797999906,-1.370047442999983]]]},"properties":{"CD_MUN":"1506609","NM_MUN":"Santa Maria do Pará","SIGLA":"PA","AREA_KM2":457.724,"auxiliary_":null,"auxiliar_1":null,"REGIAO_MAR":"PA","BASE_RC":null,"ALLCON_TOT":2}},
{"type":"Feature","geometry":{"type":"Polygon","coordinates":[[[-49.86263834699997,-9.081498674999953],[-50.25533987499992,-8.921589334999922],[-50.52003441499997,-8.972980186999955],[-50.87640196799994,-8.953866549999887],[-51.027092814999904,-8.731594539],[-51.087618211999896,-9.483714238999905],[-51.28539665399991,-9.698891042999911],[-51.30428726799991,-9.772859970999956],[-50.224806381999905,-9.841153477],[-50.089562276,-9.54569293899997],[-50.037784898999966,-9.289405381999902],[-49.86263834699997,-9.081498674999953]]]},"properties":{"CD_MUN":"1506708","NM_MUN":"Santana do Araguaia","SIGLA":"PA","AREA_KM2":11591.441,"auxiliary_":null,"auxiliar_1":null,"REGIAO_MAR":"PA","BASE_RC":null,"ALLCON_TOT":20}},
{"type":"Feature","geometry":{"type":"Polygon","coordinates":[[[-54.51227553699997,-2.109368428999986],[-54.738803489999924,-2.071511236999918],[-55.09489570399994,-2.166946103999976],[-55.621640934999945,-2.158307394999923],[-55.77395695099991,-2.297574836999914],[-56.344628868,-3.264795071],[-55.233869727,-3.241920746],[-55.10225876199996,-2.820286336999942],[-55.058390306,-2.549334746999904],[-54.832448930999895,-2.661098092999978],[-54.625,-2.620832442999941],[-54.36666672599994,-2.787500419999986],[-54.25000037099991,-2.952222274999947],[-54.24892875499998,-3.266521452999932],[-54.10986155999994,-3.170409309999975],[-54.10302411499998,-2.886533355999937],[-54.254578840999926,-2.578487670999912],[-54.26591582399995,-2.415412939999989],[-54.51227553699997,-2.109368428999986]]]},"properties":{"CD_MUN":"1506807","NM_MUN":"Santarém","SIGLA":"PA","AREA_KM2":17898.389,"auxiliary_":null,"auxiliar_1":null,"REGIAO_MAR":"PA","BASE_RC":null,"ALLCON_TOT":32}},
{"type":"Feature","geometry":{"type":"Polygon","coordinates":[[[-47.24278148399998,-0.91884935799996],[-47.38113935299994,-0.836527567999973],[-47.41289744899994,-0.976649863],[-47.402924520999896,-0.977175628999888],[-47.294395347,-0.969003926999932],[-47.224698790999945,-0.963754561],[-47.24278148399998,-0.91884935799996]]]},"properties":{"CD_MUN":"1506906","NM_MUN":"Santarém Novo","SIGLA":"PA","AREA_KM2":229.51,"auxiliary_":null,"auxiliar_1":null,"REGIAO_MAR":"PA","BASE_RC":null,"ALLCON_TOT":0}},
{"type":"Feature","geometry":{"type":"Polygon","coordinates":[[[-48.213825516,-1.006845672999965],[-48.43929577099992,-0.982477595],[-48.46948365299994,-1.019426733999978],[-48.301816540999916,-1.106351588999885],[-48.13749073499995,-1.199925710999899],[-48.03604315599996,-1.208430220999951],[-48.02148495399996,-1.133806487],[-48.213825516,-1.006845672999965]]]},"properties":{"CD_MUN":"1507003","NM_MUN":"Santo Antônio do Tauá","SIGLA":"PA","AREA_KM2":537.618,"auxiliary_":null,"auxiliar_1":null,"REGIAO_MAR":"PA","BASE_RC":null,"ALLCON_TOT":2}},
{"type":"Feature","geometry":{"type":"Polygon","coordinates":[[[-47.977010952999976,-0.686185506999912],[-48.14163213299995,-0.754214937999947],[-48.06086036299996,-0.799034913999961],[-48.072113846,-1.064997106],[-47.943064529999916,-1.038791899999985],[-47.91945440599996,-0.973115696999969],[-47.951898403999955,-0.776768863999919],[-47.977010952999976,-0.686185506999912]]]},"properties":{"CD_MUN":"1507102","NM_MUN":"São Caetano de Odivelas","SIGLA":"PA","AREA_KM2":464.166,"auxiliary_":null,"auxiliar_1":null,"REGIAO_MAR":"PA","BASE_RC":null,"ALLCON_TOT":0}},
{"type":"Feature","geometry":{"type":"Polygon","coordinates":[[[-48.461662251999925,-5.600881720999915],[-48.85277335099991,-5.480385002999952],[-48.94465749299998,-5.552856874999939],[-48.933515272,-5.653792768999963],[-48.731209731999954,-5.860050475999984],[-48.623267486999936,-5.887490388999922],[-48.586492669999984,-5.700409848999897],[-48.461662251999925,-5.600881720999915]]]},"properties":{"CD_MUN":"1507151","NM_MUN":"São Domingos do Araguaia","SIGLA":"PA","AREA_KM2":1392.464,"auxiliary_":null,"auxiliar_1":null,"REGIAO_MAR":"PA","BASE_RC":null,"ALLCON_TOT":0}},
{"type":"Feature","geometry":{"type":"Polygon","coordinates":[[[-47.62025390499993,-1.631906493999985],[-47.85770262599993,-1.629265683999975],[-47.88942340799995,-1.769737445999958],[-47.98856640999995,-2.096627147999946],[-47.967083987,-2.22178231099997],[-47.74628750499998,-2.000862752999986],[-47.58701188499998,-2.000274329999968],[-47.58942278999997,-1.877460718999977],[-47.62025390499993,-1.631906493999985]]]},"properties":{"CD_MUN":"1507201","NM_MUN":"São Domingos do Capim","SIGLA":"PA","AREA_KM2":1686.765,"auxiliary_":null,"auxiliar_1":null,"REGIAO_MAR":"PA","BASE_RC":null,"ALLCON_TOT":2}},
{"type":"Feature","geometry":{"type":"Polygon","coordinates":[[[-50.720203853999934,-5.174657757],[-50.93019628199997,-5.150572940999929],[-51.44781901799995,-5.150214727999952],[-52.05107474199997,-5.151400654999932],[-52.14829575299993,-5.316098145999923],[-52.29534755699998,-5.194414865999924],[-52.612245849,-5.243072072],[-52.690241676999975,-5.653714326999953],[-52.93937671199995,-5.744026353999985],[-52.975856429,-5.84508132299991],[-53.36896984699992,-6.057955829999933],[-53.19115816199995,-6.40056534699994],[-53.29671936099995,-6.45834927899994],[-53.39491515600001,-6.717625312999914],[-53.2472519839999,-6.786882653999946],[-53.31538708099998,-7.202982214999984],[-53.12007466799999,-7.39550642399994],[-53.138358680999985,-7.54653805899995],[-53.03755197299991,-7.930476311999932],[-52.92527034899994,-8.162624977999897],[-52.990684747999964,-8.307494543999958],[-52.88832566699996,-8.583268231],[-53.035186705999955,-8.751780027999931],[-52.992603731999935,-8.850782762999962],[-53.08480018800001,-9.11612630399997],[-52.92261022699993,-9.380427646999987],[-53.13338610199995,-9.645178150999953],[-51.30428726799991,-9.772859970999956],[-51.28539665399991,-9.698891042999911],[-51.43559878499994,-9.47037927299995],[-51.59487312100001,-9.088716606999956],[-51.858397496999956,-8.905852312],[-51.779458357,-8.72515755299995],[-51.78171297599994,-8.379681326999986],[-51.937902812999965,-8.440847254999948],[-52.077937511999934,-8.3135889119999],[-52.16365411799997,-8.03350265999999],[-52.145623611,-7.813584225999968],[-51.88248275599997,-7.7020560029999],[-51.86707076199994,-7.530321112999925],[-51.66129467499998,-7.190679183999968],[-51.683875492999945,-7.022596836999959],[-51.69418293199996,-6.851808353999953],[-51.50612577299995,-6.64631762199997],[-51.311481370999985,-6.57406314899994],[-51.12525749599996,-6.62384441899993],[-51.18348037599995,-6.467203327999954],[-51.148776777999956,-6.216684257999958],[-51.263673703999956,-5.99496067999997],[-50.94615544299998,-5.803749713999956],[-50.947397596,-5.525828197999921],[-50.78686839899993,-5.399654848999944],[-50.720203853999934,-5.174657757]]]},"properties":{"CD_MUN":"1507300","NM_MUN":"São Félix do Xingu","SIGLA":"PA","AREA_KM2":84212.903,"auxiliary_":null,"auxiliar_1":null,"REGIAO_MAR":"PA","BASE_RC":null,"ALLCON_TOT":0}},
{"type":"Feature","geometry":{"type":"Polygon","coordinates":[[[-47.706566990999924,-1.057344445999902],[-47.77795293999995,-1.060680836999914],[-47.81119854799993,-1.065696778999978],[-47.845478893999896,-1.286639344],[-47.63843560799998,-1.374769021999938],[-47.638386404,-1.374687100999914],[-47.706566990999924,-1.057344445999902]]]},"properties":{"CD_MUN":"1507409","NM_MUN":"São Francisco do Pará","SIGLA":"PA","AREA_KM2":479.441,"auxiliary_":null,"auxiliar_1":null,"REGIAO_MAR":"PA","BASE_RC":null,"ALLCON_TOT":2}},
{"type":"Feature","geometry":{"type":"Polygon","coordinates":[[[-48.623267486999936,-5.887490388999922],[-48.731209731999954,-5.860050475999984],[-48.85224267599996,-5.965137839999954],[-49.199120911999934,-6.264225202999945],[-48.74985317599993,-6.378456376000017],[-48.6260794799999,-6.478509805999941],[-48.41712259599993,-6.298586625999967],[-48.39129293799991,-6.146703478999932],[-48.53056662099996,-6.0344854269999],[-48.623267486999936,-5.887490388999922]]]},"properties":{"CD_MUN":"1507458","NM_MUN":"São Geraldo do Araguaia","SIGLA":"PA","AREA_KM2":3168.384,"auxiliary_":null,"auxiliar_1":null,"REGIAO_MAR":"PA","BASE_RC":null,"ALLCON_TOT":12}},
{"type":"Feature","geometry":{"type":"Polygon","coordinates":[[[-47.951898403999955,-0.776768863999919],[-47.91945440599996,-0.973115696999969],[-47.90096047299991,-0.931489587999984],[-47.951898403999955,-0.776768863999919]]]},"properties":{"CD_MUN":"1507466","NM_MUN":"São João da Ponta","SIGLA":"PA","AREA_KM2":195.918,"auxiliary_":null,"auxiliar_1":null,"REGIAO_MAR":"PA","BASE_RC":null,"ALLCON_TOT":0}},
{"type":"Feature","geometry":{"type":"Polygon","coordinates":[[[-47.063738786999934,-0.794634110999901],[-47.261872173000015,-0.647756636999972],[-47.37725629999991,-0.822595089999965],[-47.38113935299994,-0.836527567999973],[-47.24278148399998,-0.91884935799996],[-47.08393894399993,-0.83200252599994],[-47.063738786999934,-0.794634110999901]]]},"properties":{"CD_MUN":"1507474","NM_MUN":"São João de Pirabas","SIGLA":"PA","AREA_KM2":668.434,"auxiliary_":null,"auxiliar_1":null,"REGIAO_MAR":"PA","BASE_RC":null,"ALLCON_TOT":0}},
{"type":"Feature","geometry":{"type":"Polygon","coordinates":[[[-48.75515073699994,-5.349165407999976],[-48.99259774199997,-5.283288669999969],[-48.94465749299998,-5.552856874999939],[-48.85277335099991,-5.480385002999952],[-48.461662251999925,-5.600881720999915],[-48.32808870699996,-5.496632088999981],[-48.39351038299996,-5.394212592999956],[-48.59673339899999,-5.422544371999969],[-48.75515073699994,-5.349165407999976]]]},"properties":{"CD_MUN":"1507508","NM_MUN":"São João do Araguaia","SIGLA":"PA","AREA_KM2":1279.889,"auxiliary_":null,"auxiliar_1":null,"REGIAO_MAR":"PA","BASE_RC":null,"ALLCON_TOT":0}},
{"type":"Feature","geometry":{"type":"Polygon","coordinates":[[[-47.418623158999935,-1.495393004999954],[-47.65306565899998,-1.43112990299997],[-47.76001055899998,-1.452589538999987],[-47.944061833999925,-1.578631312],[-47.85770262599993,-1.629265683999975],[-47.62025390499993,-1.631906493999985],[-47.32813854200001,-1.605901687999953],[-47.324518896999926,-1.564311953999962],[-47.418623158999935,-1.495393004999954]]]},"properties":{"CD_MUN":"1507607","NM_MUN":"São Miguel do Guamá","SIGLA":"PA","AREA_KM2":1094.564,"auxiliary_":null,"auxiliar_1":null,"REGIAO_MAR":"PA","BASE_RC":null,"ALLCON_TOT":4}},
{"type":"Feature","geometry":{"type":"Polygon","coordinates":[[[-49.52663085099991,-1.188043790999913],[-49.60013429999998,-1.267179422999973],[-49.818916062000014,-1.234078763],[-49.93206417899991,-1.095613038],[-49.97514242299996,-1.300634308999946],[-49.72391071299997,-1.37066355799989],[-49.710550772,-1.601727785000016],[-49.60777513599999,-1.760397392999963],[-49.415852967999925,-1.718868936999982],[-49.496435432999974,-1.617756798999942],[-49.52663085099991,-1.188043790999913]]]},"properties":{"CD_MUN":"1507706","NM_MUN":"São Sebastião da Boa Vista","SIGLA":"PA","AREA_KM2":1632.251,"auxiliary_":null,"auxiliar_1":null,"REGIAO_MAR":"PA","BASE_RC":null,"ALLCON_TOT":0}},
{"type":"Feature","geometry":{"type":"Polygon","coordinates":[[[-49.733030019,-6.717454790000019],[-49.734407222,-7.016342367999915],[-49.444815675,-6.927092608999939],[-49.337733608999926,-6.729923496999973],[-49.54292280899992,-6.727291328999968],[-49.63782153799993,-6.63695366299995],[-49.72977686599995,-6.714715730999963],[-49.733030019,-6.717454790000019]]]},"properties":{"CD_MUN":"1507755","NM_MUN":"Sapucaia","SIGLA":"PA","AREA_KM2":1298.19,"auxiliary_":null,"auxiliar_1":null,"REGIAO_MAR":"PA","BASE_RC":null,"ALLCON_TOT":0}},
{"type":"Feature","geometry":{"type":"MultiPolygon","coordinates":[[[[-51.802035388,-3.504473285],[-51.958123555999975,-3.477043304],[-52.16811452999998,-3.563963043999912],[-52.30261888999996,-3.750465596],[-52.276789810999986,-4.031982235999948],[-52.06721053199993,-4.074727181999954],[-51.840119524999935,-4.215147247999923],[-51.86365223399997,-4.428470779999977],[-52.07998450199993,-4.677843945999932],[-52.05107474199997,-5.151400654999932],[-51.44781901799995,-5.150214727999952],[-51.466122049,-4.973508169999938],[-51.311980563,-4.715987479999981],[-51.38445523699994,-4.549230290999922],[-51.322398961999944,-4.41156081],[-51.43519914999992,-3.884004949999969],[-51.59519888999996,-3.779841530999889],[-51.58515177,-3.586256883999944],[-51.802035388,-3.504473285]]],[[[-51.85445304199991,-2.552475741],[-52.05493039999995,-2.686243971999907],[-52.04385391399999,-2.792505901999981],[-51.75135371999994,-3.107644868],[-51.74828576199994,-2.845506971999932],[-51.85445304199991,-2.552475741]]]]},"properties":{"CD_MUN":"1507805","NM_MUN":"Senador José Porfírio","SIGLA":"PA","AREA_KM2":14419.916,"auxiliary_":null,"auxiliar_1":null,"REGIAO_MAR":"PA","BASE_RC":null,"ALLCON_TOT":0}},
{"type":"Feature","geometry":{"type":"Polygon","coordinates":[[[-48.506106764999956,-0.750891113999913],[-48.428806725999976,-0.227166937999939],[-48.91790104200002,-0.229553710999895],[-49.00656987299989,-0.445311149999981],[-48.962044943999956,-0.651489041999973],[-48.57249762699995,-0.680537730999973],[-48.506106764999956,-0.750891113999913]]]},"properties":{"CD_MUN":"1507904","NM_MUN":"Soure","SIGLA":"PA","AREA_KM2":2857.349,"auxiliary_":null,"auxiliar_1":null,"REGIAO_MAR":"PA","BASE_RC":null,"ALLCON_TOT":0}},
{"type":"Feature","geometry":{"type":"Polygon","coordinates":[[[-48.49537732100002,-2.55895183699991],[-48.75484570600001,-2.430762121999983],[-48.82823703499996,-2.601528159999908],[-49.032217143999915,-2.857711758999898],[-48.92590551099991,-3.407045140999948],[-48.53056857199995,-3.195670686999961],[-48.55731867799992,-2.962285488],[-48.45485240499993,-2.68856471],[-48.49537732100002,-2.55895183699991]]]},"properties":{"CD_MUN":"1507953","NM_MUN":"Tailândia","SIGLA":"PA","AREA_KM2":4430.477,"auxiliary_":null,"auxiliar_1":null,"REGIAO_MAR":"PA","BASE_RC":null,"ALLCON_TOT":12}},
{"type":"Feature","geometry":{"type":"Polygon","coordinates":[[[-47.77795293999995,-1.060680836999914],[-47.814750288,-0.922007549999968],[-47.90096047299991,-0.931489587999984],[-47.91945440599996,-0.973115696999969],[-47.943064529999916,-1.038791899999985],[-47.81119854799993,-1.065696778999978],[-47.77795293999995,-1.060680836999914]]]},"properties":{"CD_MUN":"1507961","NM_MUN":"Terra Alta","SIGLA":"PA","AREA_KM2":204.97,"auxiliary_":null,"auxiliar_1":null,"REGIAO_MAR":"PA","BASE_RC":null,"ALLCON_TOT":0}},
{"type":"Feature","geometry":{"type":"Polygon","coordinates":[[[-56.08917857899993,-1.978331255999919],[-56.74901607499996,-1.651948988],[-56.598287985999924,-1.876669604999975],[-56.585622233,-2.176527293999939],[-56.41388279499992,-2.175949603999925],[-56.098650514,-2.026944633],[-56.08917857899993,-1.978331255999919]]]},"properties":{"CD_MUN":"1507979","NM_MUN":"Terra Santa","SIGLA":"PA","AREA_KM2":1895.883,"auxiliary_":null,"auxiliar_1":null,"REGIAO_MAR":"PA","BASE_RC":null,"ALLCON_TOT":0}},
{"type":"Feature","geometry":{"type":"Polygon","coordinates":[[[-47.98856640999995,-2.096627147999946],[-48.05378419399997,-2.084478483999916],[-48.44151589499994,-2.29517090199996],[-48.49537732100002,-2.55895183699991],[-48.45485240499993,-2.68856471],[-48.55731867799992,-2.962285488],[-48.53056857199995,-3.195670686999961],[-48.33236774099998,-3.197525105999915],[-48.091028954999985,-2.8998629989999],[-48.047449937999986,-2.648287644999897],[-47.95203481399996,-2.517058895999966],[-48.055314286999916,-2.359987303999986],[-47.967083987,-2.22178231099997],[-47.98856640999995,-2.096627147999946]]]},"properties":{"CD_MUN":"1508001","NM_MUN":"Tomé-Açu","SIGLA":"PA","AREA_KM2":5145.361,"auxiliary_":null,"auxiliar_1":null,"REGIAO_MAR":"PA","BASE_RC":null,"ALLCON_TOT":0}},
{"type":"Feature","geometry":{"type":"Polygon","coordinates":[[[-46.79603534299998,-0.870531412999981],[-46.9425821309999,-0.859277834999936],[-47.00199809799994,-1.011626292999921],[-46.97850179699998,-1.104220187999921],[-47.18740589899994,-1.389392583999935],[-47.18762399799996,-1.393916546999968],[-47.153092649,-1.365218479999939],[-46.997353979,-1.308467068999924],[-46.85714767299995,-1.089877216999966],[-46.79603534299998,-0.870531412999981]]]},"properties":{"CD_MUN":"1508035","NM_MUN":"Tracuateua","SIGLA":"PA","AREA_KM2":868.025,"auxiliary_":null,"auxiliar_1":null,"REGIAO_MAR":"PA","BASE_RC":null,"ALLCON_TOT":6}},
{"type":"Feature","geometry":{"type":"Polygon","coordinates":[[[-55.48278061499998,-4.735693099999914],[-55.973896419999946,-4.536581592999909],[-56.09151216500001,-4.620643199999961],[-56.260899308999974,-4.567114854],[-56.439956324999955,-4.761857513999921],[-56.44407220799998,-5.041334849999899],[-56.66404440900001,-5.289506595000013],[-56.594877161999975,-5.544827713999965],[-56.05709099899993,-5.651841636],[-55.74948247299993,-5.488622386999928],[-55.279888314999965,-5.515554220999924],[-55.59345526199994,-5.196162391],[-55.3572834359999,-5.053560175999969],[-55.48278061499998,-4.735693099999914]]]},"properties":{"CD_MUN":"1508050","NM_MUN":"Trairão","SIGLA":"PA","AREA_KM2":11991.085,"auxiliary_":null,"auxiliar_1":null,"REGIAO_MAR":"PA","BASE_RC":null,"ALLCON_TOT":10}},
{"type":"Feature","geometry":{"type":"Polygon","coordinates":[[[-51.12525749599996,-6.62384441899993],[-51.311481370999985,-6.57406314899994],[-51.50612577299995,-6.64631762199997],[-51.69418293199996,-6.851808353999953],[-51.683875492999945,-7.022596836999959],[-51.333454885999984,-7.044142624],[-51.10261925199994,-6.878305908],[-51.12525749599996,-6.62384441899993]]]},"properties":{"CD_MUN":"1508084","NM_MUN":"Tucumã","SIGLA":"PA","AREA_KM2":2512.594,"auxiliary_":null,"auxiliar_1":null,"REGIAO_MAR":"PA","BASE_RC":null,"ALLCON_TOT":0}},
{"type":"Feature","geometry":{"type":"Polygon","coordinates":[[[-49.597607659999916,-3.513113218999969],[-49.965526805999986,-3.660950794999934],[-49.95799952499997,-3.78769517099991],[-50.108499976,-4.077977724999968],[-49.60685459800003,-4.072926873999947],[-49.660359537,-3.684811365000016],[-49.597607659999916,-3.513113218999969]]]},"properties":{"CD_MUN":"1508100","NM_MUN":"Tucuruí","SIGLA":"PA","AREA_KM2":2084.289,"auxiliary_":null,"auxiliar_1":null,"REGIAO_MAR":"PA","BASE_RC":null,"ALLCON_TOT":0}},
{"type":"Feature","geometry":{"type":"Polygon","coordinates":[[[-47.03825258099991,-3.56429824699994],[-47.14694973599995,-3.619460260999979],[-47.35264560399994,-3.472941166999952],[-47.659931623,-3.583919948999942],[-47.73679030699995,-3.699243653999901],[-48.032373408,-3.822229972999978],[-47.85234431099995,-4.046670146999936],[-47.34715708799994,-4.108688458],[-47.08520511699989,-3.856640015999929],[-47.03825258099991,-3.56429824699994]]]},"properties":{"CD_MUN":"1508126","NM_MUN":"Ulianópolis","SIGLA":"PA","AREA_KM2":5088.468,"auxiliary_":null,"auxiliar_1":null,"REGIAO_MAR":"PA","BASE_RC":null,"ALLCON_TOT":40}},
{"type":"Feature","geometry":{"type":"Polygon","coordinates":[[[-53.156571787999965,-3.664961613999971],[-53.26399417499996,-3.49614868],[-53.49868811299993,-3.515885726999954],[-53.50887917999991,-3.278350555],[-53.66475028599994,-3.041803830999932],[-53.85541223099992,-2.887467519999959],[-54.10302411499998,-2.886533355999937],[-54.10986155999994,-3.170409309999975],[-54.24892875499998,-3.266521452999932],[-54.285982554,-3.40237524199992],[-54.254362315999956,-3.692882401],[-54.110054898999955,-3.825574768999971],[-54.10005796499996,-4.231921166999939],[-54.02382795799998,-4.266863036999929],[-53.757786959,-4.118587095999935],[-53.506329621,-4.055522869999933],[-53.17901974099996,-3.67373651599992],[-53.156571787999965,-3.664961613999971]]]},"properties":{"CD_MUN":"1508159","NM_MUN":"Uruará","SIGLA":"PA","AREA_KM2":10791.406,"auxiliary_":null,"auxiliar_1":null,"REGIAO_MAR":"PA","BASE_RC":null,"ALLCON_TOT":3}},
{"type":"Feature","geometry":{"type":"Polygon","coordinates":[[[-47.943064529999916,-1.038791899999985],[-48.072113846,-1.064997106],[-48.06086036299996,-0.799034913999961],[-48.14163213299995,-0.754214937999947],[-48.17157197799997,-0.816439287],[-48.213825516,-1.006845672999965],[-48.02148495399996,-1.133806487],[-47.943064529999916,-1.038791899999985]]]},"properties":{"CD_MUN":"1508209","NM_MUN":"Vigia","SIGLA":"PA","AREA_KM2":401.589,"auxiliary_":null,"auxiliar_1":null,"REGIAO_MAR":"PA","BASE_RC":null,"ALLCON_TOT":0}},
{"type":"Feature","geometry":{"type":"Polygon","coordinates":[[[-46.315189700999966,-1.741558210999955],[-46.155322747999975,-1.675403441999954],[-46.16157730899994,-1.281888887999969],[-46.06340914299995,-1.10618872],[-46.33737780799995,-1.02152577499993],[-46.38502354199991,-1.212176578999951],[-46.54846459099994,-1.335424406999906],[-46.81831218299994,-1.547625141999958],[-46.84441683199997,-1.899801929999931],[-46.605539265999965,-2.223128672],[-46.581199061999904,-1.94391465099995],[-46.635319105999976,-1.771851352999896],[-46.532189029999955,-1.614966135999971],[-46.315189700999966,-1.741558210999955]]]},"properties":{"CD_MUN":"1508308","NM_MUN":"Viseu","SIGLA":"PA","AREA_KM2":4972.897,"auxiliary_":null,"auxiliar_1":null,"REGIAO_MAR":"PA","BASE_RC":null,"ALLCON_TOT":12}},
{"type":"Feature","geometry":{"type":"Polygon","coordinates":[[[-52.04385391399999,-2.792505901999981],[-52.27648706299989,-2.830215223999986],[-52.359267572,-3.075509675999974],[-52.259434289,-2.98967649399998],[-51.95123275699995,-3.413828269999946],[-51.958123555999975,-3.477043304],[-51.802035388,-3.504473285],[-51.70199422199994,-3.249180183999961],[-51.75135371999994,-3.107644868],[-52.04385391399999,-2.792505901999981]]]},"properties":{"CD_MUN":"1508357","NM_MUN":"Vitória do Xingu","SIGLA":"PA","AREA_KM2":3089.537,"auxiliary_":null,"auxiliar_1":null,"REGIAO_MAR":"PA","BASE_RC":null,"ALLCON_TOT":0}},
{"type":"Feature","geometry":{"type":"Polygon","coordinates":[[[-49.08341334700001,-6.843250975999968],[-49.41127728899996,-6.445272853999967],[-49.63782153799993,-6.63695366299995],[-49.54292280899992,-6.727291328999968],[-49.337733608999926,-6.729923496999973],[-49.444815675,-6.927092608999939],[-49.734407222,-7.016342367999915],[-49.733030019,-6.717454790000019],[-50.37639271299998,-7.252789591999917],[-49.19352529899996,-7.040701942999892],[-49.08341334700001,-6.843250975999968]]]},"properties":{"CD_MUN":"1508407","NM_MUN":"Xinguara","SIGLA":"PA","AREA_KM2":3779.348,"auxiliary_":null,"auxiliar_1":null,"REGIAO_MAR":"PA","BASE_RC":null,"ALLCON_TOT":0}}
]}