{"type":"FeatureCollection", "features": [
{"type":"Feature","geometry":{"type":"Polygon","coordinates":[[[-50.993014557999956,-21.43710703399991],[-51.05875571999994,-21.398550927000013],[-51.10868525399994,-21.529339685999958],[-51.080197498,-21.61489506999997],[-51.177310667,-21.692428280999962],[-51.09227791299997,-21.765810088999924],[-51.03427336899992,-21.649708355999984],[-50.97839512899995,-21.590844385999972],[-50.9655904169999,-21.483827048999924],[-50.993014557999956,-21.43710703399991]]]},"properties":{"CD_MUN":"3500105","NM_MUN":"Adamantina","SIGLA":"SP","AREA_KM2":411.987}},
{"type":"Feature","geometry":{"type":"Polygon","coordinates":[[[-49.572434065,-21.27110883599995],[-49.60950105199997,-21.208263370999934],[-49.68396649099997,-21.20406587199991],[-49.7460949059999,-21.29679022399996],[-49.69699518799999,-21.36267740299994],[-49.628421804999974,-21.354433734999887],[-49.572434065,-21.27110883599995]]]},"properties":{"CD_MUN":"3500204","NM_MUN":"Adolfo","SIGLA":"SP","AREA_KM2":211.055}},
{"type":"Feature","geometry":{"type":"Polygon","coordinates":[[[-46.93972553999998,-21.978092589],[-46.982156177,-21.967687692999913],[-47.037806216999925,-21.99058569199993],[-47.19548911799995,-21.973734850999946],[-47.216210850000024,-21.975977837999903],[-47.197488914999944,-22.098716873999944],[-47.10047640799992,-22.067324985999957],[-47.04620593199992,-22.115642278999967],[-46.937049306999974,-22.146408676999982],[-46.87485035199998,-22.113137791999957],[-46.89206600799995,-22.086022503999967],[-46.861195601999945,-22.05042662899995],[-46.93972553999998,-21.978092589]]]},"properties":{"CD_MUN":"3500303","NM_MUN":"Aguaí","SIGLA":"SP","AREA_KM2":474.554}},
{"type":"Feature","geometry":{"type":"Polygon","coordinates":[[[-46.69071449199997,-21.837634903999934],[-46.75051503799993,-21.83417130499988],[-46.758107472999924,-21.84730034499994],[-46.734871267,-21.930303191999965],[-46.64992008499997,-22.009548187999926],[-46.69071449199997,-21.837634903999934]]]},"properties":{"CD_MUN":"3500402","NM_MUN":"Águas da Prata","SIGLA":"SP","AREA_KM2":142.673}},
{"type":"Feature","geometry":{"type":"Polygon","coordinates":[[[-46.549864843999984,-22.469548948999982],[-46.616302752999964,-22.438634156999946],[-46.658259088,-22.473108099999948],[-46.59897392999996,-22.51501118600002],[-46.549864843999984,-22.469548948999982]]]},"properties":{"CD_MUN":"3500501","NM_MUN":"Águas de Lindóia","SIGLA":"SP","AREA_KM2":60.126}},
{"type":"Feature","geometry":{"type":"Polygon","coordinates":[[[-49.18299122099994,-22.72417763899993],[-49.22752824699998,-22.760098906999957],[-49.37589085099995,-22.77745187299992],[-49.369586049999924,-22.883432451999987],[-49.30367550099996,-22.952736637999983],[-49.22203782,-23.03648070699996],[-49.172145252999954,-22.9397060539999],[-49.18299122099994,-22.72417763899993]]]},"properties":{"CD_MUN":"3500550","NM_MUN":"Águas de Santa Bárbara","SIGLA":"SP","AREA_KM2":404.463}},
{"type":"Feature","geometry":null,"properties":{"CD_MUN":"3500600","NM_MUN":"Águas de São Pedro","SIGLA":"SP","AREA_KM2":3.612}},
{"type":"Feature","geometry":{"type":"Polygon","coordinates":[[[-48.86104585599995,-22.484074701999965],[-48.85469188900002,-22.409142842999916],[-48.93415898999997,-22.340790128999952],[-49.079907122999984,-22.417185198],[-49.09894561399996,-22.50827392899991],[-49.15098590699991,-22.519653659999914],[-49.17917907299991,-22.578810998999952],[-49.27566294799989,-22.59574327300001],[-49.351007028999945,-22.642557496999913],[-49.37981220799996,-22.733927891999937],[-49.37589085099995,-22.77745187299992],[-49.22752824699998,-22.760098906999957],[-49.18299122099994,-22.72417763899993],[-49.095332817,-22.666890813999938],[-49.01628363599998,-22.630451115999914],[-49.00212210799994,-22.546845060999896],[-48.93211259999994,-22.530097885999965],[-48.86104585599995,-22.484074701999965]]]},"properties":{"CD_MUN":"3500709","NM_MUN":"Agudos","SIGLA":"SP","AREA_KM2":966.708}},
{"type":"Feature","geometry":{"type":"Polygon","coordinates":[[[-47.807214331999965,-23.488696194999967],[-47.96670987199995,-23.52205876699994],[-47.910376767999914,-23.605828784999936],[-47.8096835659999,-23.586762615999888],[-47.77985161999993,-23.532138713999963],[-47.807214331999965,-23.488696194999967]]]},"properties":{"CD_MUN":"3500758","NM_MUN":"Alambari","SIGLA":"SP","AREA_KM2":159.6}},
{"type":"Feature","geometry":{"type":"Polygon","coordinates":[[[-51.392595893,-22.001414616999924],[-51.32616114099992,-21.87224354499998],[-51.423900673999974,-21.877184451999963],[-51.467712732999985,-21.958716803],[-51.392595893,-22.001414616999924]]]},"properties":{"CD_MUN":"3500808","NM_MUN":"Alfredo Marcondes","SIGLA":"SP","AREA_KM2":118.915}},
{"type":"Feature","geometry":{"type":"Polygon","coordinates":[[[-49.08895944299998,-20.41898129499998],[-49.12381953099995,-20.457858001999938],[-49.219606774999946,-20.471894900999885],[-49.20014511299995,-20.535709905],[-49.1306514249999,-20.59458151699994],[-49.11887156999992,-20.604417590999944],[-49.01482749199994,-20.649811336],[-48.99011338999994,-20.58172844699989],[-49.01093724199994,-20.51196848499993],[-49.08895944299998,-20.41898129499998]]]},"properties":{"CD_MUN":"3500907","NM_MUN":"Altair","SIGLA":"SP","AREA_KM2":313.007}},
{"type":"Feature","geometry":{"type":"Polygon","coordinates":[[[-47.41211524199997,-20.809143085999935],[-47.43953205699995,-20.960453242999986],[-47.54063849399996,-21.034553415999966],[-47.518114,-21.097932998999944],[-47.628204,-21.14831699899998],[-47.527762861,-21.200544821999898],[-47.50185730299991,-21.20789360499998],[-47.478283647999945,-21.205332142999964],[-47.30875237199996,-21.101874169999988],[-47.23208811999992,-21.07883325899996],[-47.246995711999965,-20.986588652],[-47.181276174999915,-20.953810105999935],[-47.227359549,-20.856471636999938],[-47.41211524199997,-20.809143085999935]]]},"properties":{"CD_MUN":"3501004","NM_MUN":"Altinópolis","SIGLA":"SP","AREA_KM2":928.956}},
{"type":"Feature","geometry":{"type":"Polygon","coordinates":[[[-50.060853435999974,-21.583941498999923],[-50.14716910899992,-21.527748834999958],[-50.274231454999914,-21.559167640999952],[-50.30002383799996,-21.624664915],[-50.24589624499997,-21.696749201999985],[-50.10774115799991,-21.683929766999963],[-50.060853435999974,-21.583941498999923]]]},"properties":{"CD_MUN":"3501103","NM_MUN":"Alto Alegre","SIGLA":"SP","AREA_KM2":318.574}},
{"type":"Feature","geometry":{"type":"Polygon","coordinates":[[[-47.27727461099997,-23.59718945299992],[-47.23000611899996,-23.513397897999923],[-47.316967,-23.463438998999976],[-47.307463252999966,-23.561006634999927],[-47.29684671499996,-23.60365436099997],[-47.27727461099997,-23.59718945299992]]]},"properties":{"CD_MUN":"3501152","NM_MUN":"Alumínio","SIGLA":"SP","AREA_KM2":83.619}},
{"type":"Feature","geometry":{"type":"Polygon","coordinates":[[[-49.812450070999965,-20.194725301999892],[-49.92130570999997,-20.214606762999985],[-50.027745242,-20.18165959399992],[-50.007508287999975,-20.33181836899992],[-49.937905320999946,-20.39134548399991],[-49.85227365199993,-20.416651990999988],[-49.803080258,-20.384594843999935],[-49.86702774399998,-20.297010437],[-49.812450070999965,-20.194725301999892]]]},"properties":{"CD_MUN":"3501202","NM_MUN":"Álvares Florence","SIGLA":"SP","AREA_KM2":362.411}},
{"type":"Feature","geometry":{"type":"Polygon","coordinates":[[[-51.467712732999985,-21.958716803],[-51.527614678,-22.08960548699995],[-51.60513758499994,-22.151898004999957],[-51.62066263899991,-22.28458913099992],[-51.60023398199993,-22.28112631599993],[-51.51326143999999,-22.25060066399994],[-51.476189535999964,-22.197797307],[-51.48380798299998,-22.123858094999935],[-51.412260959999955,-22.06730402899991],[-51.392595893,-22.001414616999924],[-51.467712732999985,-21.958716803]]]},"properties":{"CD_MUN":"3501301","NM_MUN":"Álvares Machado","SIGLA":"SP","AREA_KM2":347.647}},
{"type":"Feature","geometry":{"type":"Polygon","coordinates":[[[-49.695517916999975,-22.04450116099995],[-49.740682420999974,-22.026211235999913],[-49.76826850500002,-22.04671516],[-49.84951922499994,-22.09736989699996],[-49.82473609899991,-22.11245032399992],[-49.70737860199998,-22.141932406999985],[-49.633629198999984,-22.07596907600001],[-49.695517916999975,-22.04450116099995]]]},"properties":{"CD_MUN":"3501400","NM_MUN":"Álvaro de Carvalho","SIGLA":"SP","AREA_KM2":153.662}},
{"type":"Feature","geometry":{"type":"Polygon","coordinates":[[[-49.70381568499997,-22.439348605],[-49.72899528600003,-22.376559986999975],[-49.73546761099989,-22.382319983999963],[-49.79566393200001,-22.43771065999992],[-49.81760725,-22.526077195],[-49.77200154099998,-22.500646304999936],[-49.70381568499997,-22.439348605]]]},"properties":{"CD_MUN":"3501509","NM_MUN":"Alvinlândia","SIGLA":"SP","AREA_KM2":84.879}},
{"type":"Feature","geometry":{"type":"Polygon","coordinates":[[[-47.194211243,-22.729787377],[-47.27905511599994,-22.663484719999936],[-47.38806208399994,-22.699270358999932],[-47.351201290999896,-22.78503176299994],[-47.21080838099995,-22.742946177999954],[-47.194211243,-22.729787377]]]},"properties":{"CD_MUN":"3501608","NM_MUN":"Americana","SIGLA":"SP","AREA_KM2":133.912}},
{"type":"Feature","geometry":{"type":"Polygon","coordinates":[[[-47.967682372999946,-21.741613184],[-47.909794910999906,-21.67815061299999],[-48.095378075999946,-21.714822528999953],[-48.14583134299994,-21.701569795999962],[-48.10196282099996,-21.770412268999948],[-47.967682372999946,-21.741613184]]]},"properties":{"CD_MUN":"3501707","NM_MUN":"Américo Brasiliense","SIGLA":"SP","AREA_KM2":122.958}},
{"type":"Feature","geometry":{"type":"Polygon","coordinates":[[[-49.68733357599994,-20.20130469199991],[-49.763482017999934,-20.271996036999926],[-49.812450070999965,-20.194725301999892],[-49.86702774399998,-20.297010437],[-49.803080258,-20.384594843999935],[-49.693730827999985,-20.316661639999953],[-49.64827650599999,-20.260010309999963],[-49.68733357599994,-20.20130469199991]]]},"properties":{"CD_MUN":"3501806","NM_MUN":"Américo de Campos","SIGLA":"SP","AREA_KM2":252.876}},
{"type":"Feature","geometry":{"type":"Polygon","coordinates":[[[-46.72767956199994,-22.65494451199995],[-46.79768871999991,-22.541408375999925],[-46.869278736999945,-22.583941812999928],[-46.93070602899995,-22.682118152999973],[-46.88742153399998,-22.685637674999946],[-46.83530187499995,-22.776375976999894],[-46.83713957999995,-22.843391724999904],[-46.76087934299994,-22.847852391999943],[-46.708057593,-22.779496865999924],[-46.683031435999936,-22.737006182999906],[-46.72767956199994,-22.65494451199995]]]},"properties":{"CD_MUN":"3501905","NM_MUN":"Amparo","SIGLA":"SP","AREA_KM2":445.323}},
{"type":"Feature","geometry":{"type":"Polygon","coordinates":[[[-47.626466183999945,-22.043603732999948],[-47.72641712099991,-22.041516347999988],[-47.79976727499992,-22.128151549999906],[-47.71317885399996,-22.240091622999945],[-47.67452614899998,-22.193493323999967],[-47.55033893899993,-22.150800675999935],[-47.578386666999975,-22.08892704099995],[-47.626466183999945,-22.043603732999948]]]},"properties":{"CD_MUN":"3502002","NM_MUN":"Analândia","SIGLA":"SP","AREA_KM2":325.953}},
{"type":"Feature","geometry":{"type":"Polygon","coordinates":[[[-51.14296992,-20.854529249999896],[-51.134868625,-20.794501667999974],[-51.23327618,-20.64627646],[-51.31543026899996,-20.674320437999913],[-51.342769526,-20.68220001499995],[-51.41936432699998,-20.681076557999987],[-51.448184389999895,-20.770670666999944],[-51.475561104999926,-21.04971195],[-51.401972207999975,-21.07538101299996],[-51.305470385000014,-20.97565753599998],[-51.29064611499993,-20.86918024799994],[-51.24213489399995,-20.858058732999982],[-51.14296992,-20.854529249999896]]]},"properties":{"CD_MUN":"3502101","NM_MUN":"Andradina","SIGLA":"SP","AREA_KM2":964.226}},
{"type":"Feature","geometry":{"type":"Polygon","coordinates":[[[-48.360145787,-23.303005253999984],[-48.49153886599994,-23.261133307999913],[-48.64746060499991,-23.329077813999945],[-48.65299033099994,-23.428888018],[-48.60953360400002,-23.581782590999957],[-48.534923390999936,-23.541139164999926],[-48.41415383099996,-23.534878266999968],[-48.37092614199997,-23.63153176999996],[-48.19284268899999,-23.490207212999934],[-48.261636139999915,-23.466745134999968],[-48.356071798999984,-23.375321526999983],[-48.360145787,-23.303005253999984]]]},"properties":{"CD_MUN":"3502200","NM_MUN":"Angatuba","SIGLA":"SP","AREA_KM2":1027.288}},
{"type":"Feature","geometry":{"type":"Polygon","coordinates":[[[-48.08846431599997,-22.651898356999975],[-48.24637764199997,-22.61903872099996],[-48.260348670999974,-22.866477501],[-48.29133747399992,-22.95824912999992],[-48.21802941999992,-22.993477565],[-48.13822261800002,-22.964940411999955],[-48.10476524200002,-22.829467842999982],[-48.04752862899992,-22.831892948999908],[-48.08846431599997,-22.651898356999975]]]},"properties":{"CD_MUN":"3502309","NM_MUN":"Anhembi","SIGLA":"SP","AREA_KM2":736.557}},
{"type":"Feature","geometry":{"type":"Polygon","coordinates":[[[-51.39926700299996,-22.203466159999916],[-51.43403552499991,-22.20546999199998],[-51.49266664399994,-22.36201141699997],[-51.52000931899991,-22.45852742999995],[-51.45275946799998,-22.515665120999948],[-51.413331341999964,-22.47294625899997],[-51.352416215999966,-22.323881704],[-51.39926700299996,-22.203466159999916]]]},"properties":{"CD_MUN":"3502408","NM_MUN":"Anhumas","SIGLA":"SP","AREA_KM2":320.84}},
{"type":"Feature","geometry":{"type":"Polygon","coordinates":[[[-45.23438670399999,-23.001112731999974],[-45.200218794,-22.841080696999917],[-45.2374557159999,-22.82430576799991],[-45.278062677999934,-22.852017810999982],[-45.25774773199995,-23.008000612999936],[-45.23438670399999,-23.001112731999974]]]},"properties":{"CD_MUN":"3502507","NM_MUN":"Aparecida","SIGLA":"SP","AREA_KM2":120.89}},
{"type":"Feature","geometry":{"type":"Polygon","coordinates":[[[-50.843703775999955,-20.41464511699994],[-50.96708257999991,-20.399979811999955],[-50.97039972899992,-20.403267674999945],[-50.990836987,-20.43172303699988],[-50.966284908,-20.54922802699993],[-50.87309821999996,-20.542395316999915],[-50.83854797999996,-20.412071558999987],[-50.843703775999955,-20.41464511699994]]]},"properties":{"CD_MUN":"3502606","NM_MUN":"Aparecida d'Oeste","SIGLA":"SP","AREA_KM2":179.004}},
{"type":"Feature","geometry":{"type":"Polygon","coordinates":[[[-48.986971245999925,-24.312339982999966],[-49.06298470599994,-24.24315594399996],[-49.107858824,-24.250668039999965],[-49.11990121400002,-24.33007114199995],[-49.02320341699992,-24.375872163999958],[-48.951514512999964,-24.453087012999987],[-48.98189174399994,-24.52378271100001],[-48.90134141299997,-24.55648494999997],[-48.78918363599995,-24.558152072999974],[-48.65463397499995,-24.456090912000015],[-48.54956453099996,-24.440458675999963],[-48.51423786699993,-24.338095529999983],[-48.605173333000025,-24.332212199],[-48.645074921999964,-24.332039190999986],[-48.69031833699992,-24.391398805999884],[-48.986971245999925,-24.312339982999966]]]},"properties":{"CD_MUN":"3502705","NM_MUN":"Apiaí","SIGLA":"SP","AREA_KM2":974.322}},
{"type":"Feature","geometry":{"type":"Polygon","coordinates":[[[-47.037523,-23.435568998999976],[-47.04291471200001,-23.352261252999952],[-47.13350239100002,-23.38063247399994],[-47.138373,-23.411530998999964],[-47.120638,-23.480898999],[-46.995036,-23.506992998999955],[-47.037523,-23.435568998999976]]]},"properties":{"CD_MUN":"3502754","NM_MUN":"Araçariguama","SIGLA":"SP","AREA_KM2":145.204}},
{"type":"Feature","geometry":{"type":"Polygon","coordinates":[[[-50.35818976299994,-21.043547729999954],[-50.39497130099992,-21.063030772999944],[-50.526429462999914,-21.033304627999936],[-50.67762131499995,-20.892362122999906],[-50.76338923499996,-20.89198802999995],[-50.866600025999915,-20.830515910999967],[-50.899600768999974,-20.909771384999907],[-50.85018898299991,-20.935912714999958],[-50.79730475899994,-20.98522117899991],[-50.63910145299994,-21.07135068899991],[-50.544895002,-21.252222448999945],[-50.62227111699997,-21.45171894999992],[-50.55378674499995,-21.449887741999927],[-50.46571631899994,-21.307725673999975],[-50.40357188399993,-21.23255783799994],[-50.346979824999956,-21.060273676999905],[-50.35818976299994,-21.043547729999954]]]},"properties":{"CD_MUN":"3502804","NM_MUN":"Araçatuba","SIGLA":"SP","AREA_KM2":1167.126}},
{"type":"Feature","geometry":{"type":"Polygon","coordinates":[[[-47.565001,-23.467872998999937],[-47.65066276999993,-23.45859241199998],[-47.76051155499996,-23.560791989999927],[-47.705969414999956,-23.628924985000012],[-47.62255998399995,-23.571768894999913],[-47.55652693799989,-23.57352290599991],[-47.565001,-23.467872998999937]]]},"properties":{"CD_MUN":"3502903","NM_MUN":"Araçoiaba da Serra","SIGLA":"SP","AREA_KM2":255.305}},
{"type":"Feature","geometry":{"type":"Polygon","coordinates":[[[-47.74164196899992,-20.151744302999894],[-47.784697882999986,-20.069045297999963],[-47.869807788999914,-20.076152256999933],[-47.89939995199994,-20.125674526],[-47.889510463999954,-20.155788935999972],[-47.83652527799999,-20.241915740999925],[-47.74164196899992,-20.151744302999894]]]},"properties":{"CD_MUN":"3503000","NM_MUN":"Aramina","SIGLA":"SP","AREA_KM2":202.829}},
{"type":"Feature","geometry":{"type":"Polygon","coordinates":[[[-49.012634652999964,-23.262184932999972],[-48.979038762999956,-23.143708578999934],[-49.06764387799997,-23.093184326999925],[-49.12190187399992,-23.096745906],[-49.15132056099998,-23.260066124999987],[-49.012634652999964,-23.262184932999972]]]},"properties":{"CD_MUN":"3503109","NM_MUN":"Arandu","SIGLA":"SP","AREA_KM2":285.908}},
{"type":"Feature","geometry":{"type":"Polygon","coordinates":[[[-44.36094640599998,-22.61183265399996],[-44.46620814899999,-22.615688551999966],[-44.508493609,-22.769340922999923],[-44.41261508,-22.724846946999975],[-44.36094640599998,-22.61183265399996]]]},"properties":{"CD_MUN":"3503158","NM_MUN":"Arapeí","SIGLA":"SP","AREA_KM2":156.903}},
{"type":"Feature","geometry":{"type":"Polygon","coordinates":[[[-48.166465913,-21.606017100999928],[-48.25951654999996,-21.539326016999958],[-48.27209572599999,-21.645116352999914],[-48.33082345199992,-21.697300794999972],[-48.39658212399993,-21.854154061999918],[-48.25442678799991,-21.893145129999922],[-48.165975519000014,-21.971789339999912],[-48.06984049100002,-21.952930138999935],[-47.96885385699998,-21.820007868999944],[-47.967682372999946,-21.741613184],[-48.10196282099996,-21.770412268999948],[-48.14583134299994,-21.701569795999962],[-48.170441995,-21.654547472999983],[-48.166465913,-21.606017100999928]]]},"properties":{"CD_MUN":"3503208","NM_MUN":"Araraquara","SIGLA":"SP","AREA_KM2":1003.625}},
{"type":"Feature","geometry":{"type":"Polygon","coordinates":[[[-47.224204519,-22.206333485999927],[-47.40385617899997,-22.265387660999956],[-47.46977955099993,-22.245362510999964],[-47.46727018499996,-22.41326314499995],[-47.46703111399999,-22.418643208999942],[-47.365570444999975,-22.459461637999976],[-47.30220048,-22.444966077999915],[-47.252896683999985,-22.47686236599998],[-47.18890757400002,-22.432671580999983],[-47.20972513699994,-22.321716020999958],[-47.184290774999944,-22.29202008399996],[-47.224204519,-22.206333485999927]]]},"properties":{"CD_MUN":"3503307","NM_MUN":"Araras","SIGLA":"SP","AREA_KM2":644.831}},
{"type":"Feature","geometry":{"type":"Polygon","coordinates":[[[-50.45411945099991,-21.688243738999944],[-50.517062477999914,-21.709925688999885],[-50.539973128,-21.814729263999908],[-50.49463152299991,-21.849042522999937],[-50.42574245699997,-21.804289639999972],[-50.362124809999926,-21.827714882999913],[-50.338038561999916,-21.806518008999962],[-50.30847734599996,-21.714514977],[-50.45411945099991,-21.688243738999944]]]},"properties":{"CD_MUN":"3503356","NM_MUN":"Arco-Íris","SIGLA":"SP","AREA_KM2":264.904}},
{"type":"Feature","geometry":{"type":"Polygon","coordinates":[[[-48.86721311099997,-22.024066347],[-48.90300262199993,-21.933303983],[-49.02356326199994,-22.01579681599993],[-49.134380523999894,-22.049886476999934],[-49.130823012999976,-22.06156356799994],[-49.03434249199991,-22.206968194999952],[-48.992181316999975,-22.21688400399998],[-48.86087272399992,-22.090625715999987],[-48.86721311099997,-22.024066347]]]},"properties":{"CD_MUN":"3503406","NM_MUN":"Arealva","SIGLA":"SP","AREA_KM2":506.226}},
{"type":"Feature","geometry":{"type":"Polygon","coordinates":[[[-44.64585828699993,-22.60390131],[-44.68816037099998,-22.52145618899993],[-44.81670050399995,-22.613684834999912],[-44.76096774699993,-22.647720147999948],[-44.754024956999956,-22.78861329999998],[-44.72375979399993,-22.833307862],[-44.65034807499998,-22.79836752399996],[-44.68598258899991,-22.64084027599994],[-44.64585828699993,-22.60390131]]]},"properties":{"CD_MUN":"3503505","NM_MUN":"Areias","SIGLA":"SP","AREA_KM2":305.227}},
{"type":"Feature","geometry":{"type":"Polygon","coordinates":[[[-48.645105129999976,-22.53709305900001],[-48.65321583299995,-22.532407447999923],[-48.67396213399992,-22.551733176999953],[-48.68867083799994,-22.694342540999966],[-48.608165331999956,-22.656449275999933],[-48.645105129999976,-22.53709305900001]]]},"properties":{"CD_MUN":"3503604","NM_MUN":"Areiópolis","SIGLA":"SP","AREA_KM2":85.907}},
{"type":"Feature","geometry":{"type":"Polygon","coordinates":[[[-48.72874782799991,-21.164888730999962],[-48.774396368999916,-21.109197936999955],[-48.846770802,-21.136474515999968],[-48.84491688199992,-21.21884494699998],[-48.74138319199999,-21.245616672999965],[-48.69554135199998,-21.220914268999955],[-48.706954593,-21.206772945999983],[-48.72874782799991,-21.164888730999962]]]},"properties":{"CD_MUN":"3503703","NM_MUN":"Ariranha","SIGLA":"SP","AREA_KM2":132.624}},
{"type":"Feature","geometry":{"type":"Polygon","coordinates":[[[-47.05478093599994,-22.570681517999933],[-47.08635420199993,-22.47423492400001],[-47.12446735699995,-22.526430180999988],[-47.236573804999985,-22.520592079999933],[-47.22695880599998,-22.56996119599993],[-47.09742050699994,-22.635304063],[-47.05478093599994,-22.570681517999933]]]},"properties":{"CD_MUN":"3503802","NM_MUN":"Artur Nogueira","SIGLA":"SP","AREA_KM2":178.026}},
{"type":"Feature","geometry":{"type":"Polygon","coordinates":[[[-46.247678,-23.405620998999908],[-46.336536,-23.334759998999978],[-46.358421,-23.43727799899998],[-46.27059918899993,-23.42988307599999],[-46.247678,-23.405620998999908]]]},"properties":{"CD_MUN":"3503901","NM_MUN":"Arujá","SIGLA":"SP","AREA_KM2":96.167}},
{"type":"Feature","geometry":{"type":"Polygon","coordinates":[[[-50.68336679199998,-20.19330783299994],[-50.70411055200001,-20.129995208],[-50.744198470999905,-20.135024445999914],[-50.75950408499993,-20.165314641999963],[-50.74854358199998,-20.234338374999936],[-50.68336679199998,-20.19330783299994]]]},"properties":{"CD_MUN":"3503950","NM_MUN":"Aspásia","SIGLA":"SP","AREA_KM2":69.373}},
{"type":"Feature","geometry":{"type":"Polygon","coordinates":[[[-50.34999433399997,-22.478972122999927],[-50.449767083999944,-22.45919224599989],[-50.41397165099994,-22.517545373999912],[-50.51427618999995,-22.603673998000016],[-50.571609485999964,-22.691508273999936],[-50.508241922999915,-22.70248113199994],[-50.40209741399997,-22.70463650299993],[-50.32503092899995,-22.67738646599998],[-50.301260568999965,-22.545748024999988],[-50.34999433399997,-22.478972122999927]]]},"properties":{"CD_MUN":"3504008","NM_MUN":"Assis","SIGLA":"SP","AREA_KM2":460.609}},
{"type":"Feature","geometry":{"type":"Polygon","coordinates":[[[-46.43246888499989,-23.038015448999936],[-46.69567172499997,-23.01074036099996],[-46.67013829199995,-23.20690913399993],[-46.711125181999975,-23.21145730399993],[-46.70406040399994,-23.252124061999936],[-46.638447,-23.257665999],[-46.637107,-23.258079998999968],[-46.51538009399997,-23.23750188999997],[-46.509363,-23.232544999],[-46.543317,-23.20835999899998],[-46.482684,-23.112287998999967],[-46.43246888499989,-23.038015448999936]]]},"properties":{"CD_MUN":"3504107","NM_MUN":"Atibaia","SIGLA":"SP","AREA_KM2":478.521}},
{"type":"Feature","geometry":{"type":"Polygon","coordinates":[[[-50.62492174299999,-20.508061641999973],[-50.65551143899995,-20.516856120999947],[-50.67930696799989,-20.530096062999945],[-50.617117774999905,-20.658953555999968],[-50.685546751999965,-20.707797049999908],[-50.60239495899996,-20.772891405999925],[-50.50558269499989,-20.7616059229999],[-50.476507542,-20.68776609799997],[-50.554147046,-20.52834101599995],[-50.62492174299999,-20.508061641999973]]]},"properties":{"CD_MUN":"3504206","NM_MUN":"Auriflama","SIGLA":"SP","AREA_KM2":434.498}},
{"type":"Feature","geometry":{"type":"Polygon","coordinates":[[[-49.160769814999945,-22.06560750299996],[-49.24968216499998,-22.044057547999927],[-49.354987518999955,-22.08978236899993],[-49.45898110900002,-22.24107293299996],[-49.42280004699999,-22.294202242999948],[-49.28546280099992,-22.344857055],[-49.20610550399991,-22.106849693999973],[-49.160769814999945,-22.06560750299996]]]},"properties":{"CD_MUN":"3504305","NM_MUN":"Avaí","SIGLA":"SP","AREA_KM2":540.689}},
{"type":"Feature","geometry":{"type":"Polygon","coordinates":[[[-49.84320071199992,-21.355330367],[-49.978073107999975,-21.34973947299997],[-49.98716178699995,-21.48674416599997],[-50.060853435999974,-21.583941498999923],[-49.91578238199993,-21.55746011799989],[-49.84320071199992,-21.355330367]]]},"properties":{"CD_MUN":"3504404","NM_MUN":"Avanhandava","SIGLA":"SP","AREA_KM2":338.37}},
{"type":"Feature","geometry":{"type":"Polygon","coordinates":[[[-48.94825347999998,-22.825505853],[-48.98342832299997,-22.84051073399992],[-49.00471454899994,-22.88754409300001],[-49.08057938599992,-23.064286477999886],[-49.06764387799997,-23.093184326999925],[-48.979038762999956,-23.143708578999934],[-49.012634652999964,-23.262184932999972],[-48.984893708999984,-23.287761545999928],[-48.80848206899994,-23.268259236999945],[-48.77399788699998,-23.302420807999944],[-48.74564496499991,-23.251401681999937],[-48.741319021,-23.089897729999954],[-48.77764592200002,-22.965544970999886],[-48.852213052,-22.93172470199997],[-48.802567961,-22.845333694],[-48.94825347999998,-22.825505853]]]},"properties":{"CD_MUN":"3504503","NM_MUN":"Avaré","SIGLA":"SP","AREA_KM2":1213.055}},
{"type":"Feature","geometry":{"type":"Polygon","coordinates":[[[-49.346019,-20.931583998999912],[-49.43666928200001,-20.87925081699998],[-49.506491607999976,-20.944991012999967],[-49.44592526299998,-20.985236707999952],[-49.37503408899994,-20.96029204599997],[-49.346019,-20.931583998999912]]]},"properties":{"CD_MUN":"3504602","NM_MUN":"Bady Bassitt","SIGLA":"SP","AREA_KM2":110.372}},
{"type":"Feature","geometry":{"type":"Polygon","coordinates":[[[-49.285039076999944,-21.860250672999957],[-49.33998261699994,-21.838183579999946],[-49.38805268499992,-21.936411349999982],[-49.31739936599995,-21.937150735999964],[-49.285039076999944,-21.860250672999957]]]},"properties":{"CD_MUN":"3504701","NM_MUN":"Balbinos","SIGLA":"SP","AREA_KM2":91.635}},
{"type":"Feature","geometry":{"type":"Polygon","coordinates":[[[-49.483877632000016,-20.693689981000016],[-49.544308392999895,-20.617548918999926],[-49.60522740599995,-20.70740717999998],[-49.625923104,-20.757736907999966],[-49.57620590099998,-20.78920186899996],[-49.483877632000016,-20.693689981000016]]]},"properties":{"CD_MUN":"3504800","NM_MUN":"Bálsamo","SIGLA":"SP","AREA_KM2":149.881}},
{"type":"Feature","geometry":{"type":"Polygon","coordinates":[[[-44.49464350799996,-22.846786569999956],[-44.381195878999975,-22.858351334],[-44.26760000599998,-22.829018784999953],[-44.25758099099994,-22.76695888499992],[-44.173860836999985,-22.70210796699997],[-44.18427629299996,-22.637299137999953],[-44.34452325499995,-22.587905936999917],[-44.36094640599998,-22.61183265399996],[-44.41261508,-22.724846946999975],[-44.508493609,-22.769340922999923],[-44.49464350799996,-22.846786569999956]]]},"properties":{"CD_MUN":"3504909","NM_MUN":"Bananal","SIGLA":"SP","AREA_KM2":616.429}},
{"type":"Feature","geometry":{"type":"Polygon","coordinates":[[[-49.566674399999954,-23.494164403999974],[-49.59806866699996,-23.45823259199996],[-49.620958322,-23.611113666999962],[-49.574671459999934,-23.676041071999933],[-49.495780455999956,-23.652361985999946],[-49.566674399999954,-23.494164403999974]]]},"properties":{"CD_MUN":"3505005","NM_MUN":"Barão de Antonina","SIGLA":"SP","AREA_KM2":153.142}},
{"type":"Feature","geometry":{"type":"Polygon","coordinates":[[[-49.85648357199992,-21.26031240499998],[-49.99156749199997,-21.22666612399998],[-50.02503721799993,-21.272810402999962],[-49.978073107999975,-21.34973947299997],[-49.84320071199992,-21.355330367],[-49.831628711,-21.27495251999992],[-49.85648357199992,-21.26031240499998]]]},"properties":{"CD_MUN":"3505104","NM_MUN":"Barbosa","SIGLA":"SP","AREA_KM2":205.212}},
{"type":"Feature","geometry":{"type":"Polygon","coordinates":[[[-48.60693095499997,-21.98773628599998],[-48.679396888,-21.928793796999955],[-48.77252790499995,-22.020726277999945],[-48.86721311099997,-22.024066347],[-48.86087272399992,-22.090625715999987],[-48.84412078899995,-22.12905070099996],[-48.714487937999905,-22.18024064099998],[-48.67409991899996,-22.192822171999946],[-48.63250766399993,-22.167398259000013],[-48.60693095499997,-21.98773628599998]]]},"properties":{"CD_MUN":"3505203","NM_MUN":"Bariri","SIGLA":"SP","AREA_KM2":444.405}},
{"type":"Feature","geometry":{"type":"Polygon","coordinates":[[[-48.50967368099994,-22.436118528999902],[-48.58632549699992,-22.41219887999991],[-48.64197580699995,-22.482313629],[-48.62109516499997,-22.501914713],[-48.490330722,-22.54607629199997],[-48.45191245299995,-22.539421621999942],[-48.50967368099994,-22.436118528999902]]]},"properties":{"CD_MUN":"3505302","NM_MUN":"Barra Bonita","SIGLA":"SP","AREA_KM2":150.121}},
{"type":"Feature","geometry":{"type":"Polygon","coordinates":[[[-48.98189174399994,-24.52378271100001],[-48.951514512999964,-24.453087012999987],[-49.02320341699992,-24.375872163999958],[-49.11990121400002,-24.33007114199995],[-49.253500278999965,-24.405038491999917],[-49.25051780499993,-24.445419521],[-49.123446518,-24.495111235999957],[-49.13244069899997,-24.537529974999885],[-49.05476144799998,-24.554204056999893],[-48.98189174399994,-24.52378271100001]]]},"properties":{"CD_MUN":"3505351","NM_MUN":"Barra do Chapéu","SIGLA":"SP","AREA_KM2":405.681}},
{"type":"Feature","geometry":{"type":"Polygon","coordinates":[[[-48.29626732299996,-24.801215593999935],[-48.37829412299996,-24.767482368999936],[-48.464596440999955,-24.65995660899992],[-48.53814459599992,-24.72620182599995],[-48.56737089999996,-24.972266872999924],[-48.60083133199994,-25.01050566599995],[-48.530221544999925,-25.10081974999997],[-48.474049300999965,-25.012552387999918],[-48.41186815799993,-24.98039962599995],[-48.35122777799994,-25.036489392999925],[-48.23969283999993,-24.991417605999956],[-48.21047155199995,-24.956932052999967],[-48.21119690899992,-24.907353660999973],[-48.28280261399993,-24.879128171999966],[-48.29626732299996,-24.801215593999935]]]},"properties":{"CD_MUN":"3505401","NM_MUN":"Barra do Turvo","SIGLA":"SP","AREA_KM2":1007.684}},
{"type":"Feature","geometry":{"type":"Polygon","coordinates":[[[-48.51005629599997,-20.298709360999965],[-48.62205330200002,-20.31972308099995],[-48.681921545,-20.361726236999953],[-48.867063183,-20.398867804999963],[-48.88645793499997,-20.43688908599993],[-48.85223355899992,-20.54479500699996],[-48.845710503999946,-20.625036855999976],[-48.792419062999954,-20.725305017],[-48.75366927899993,-20.742860012999884],[-48.66234744199993,-20.688944933999984],[-48.595218968,-20.69724053899998],[-48.52566376999994,-20.63513593399998],[-48.43230546199992,-20.56110195999997],[-48.34459760399998,-20.57528383700001],[-48.38365494499996,-20.537161397999935],[-48.47790520999997,-20.428081460999934],[-48.51005629599997,-20.298709360999965]]]},"properties":{"CD_MUN":"3505500","NM_MUN":"Barretos","SIGLA":"SP","AREA_KM2":1566.161}},
{"type":"Feature","geometry":{"type":"Polygon","coordinates":[[[-48.04202658899996,-21.20346919900001],[-48.1690163119999,-21.161388859999928],[-48.136030542999926,-21.268298023999908],[-47.99466,-21.304699999],[-48.04202658899996,-21.20346919900001]]]},"properties":{"CD_MUN":"3505609","NM_MUN":"Barrinha","SIGLA":"SP","AREA_KM2":146.025}},
{"type":"Feature","geometry":{"type":"Polygon","coordinates":[[[-46.81739,-23.520716998999944],[-46.799528,-23.47138299899992],[-46.800691,-23.47035599899995],[-46.96453,-23.498650998999935],[-46.929601,-23.513182999],[-46.860628,-23.544836999],[-46.81739,-23.520716998999944]]]},"properties":{"CD_MUN":"3505708","NM_MUN":"Barueri","SIGLA":"SP","AREA_KM2":65.701}},
{"type":"Feature","geometry":{"type":"Polygon","coordinates":[[[-50.66488089899998,-21.935307129999924],[-50.7370964039999,-21.877559690999924],[-50.86466191399996,-21.968986700999924],[-50.71015204099993,-22.015207275999913],[-50.66488089899998,-21.935307129999924]]]},"properties":{"CD_MUN":"3505807","NM_MUN":"Bastos","SIGLA":"SP","AREA_KM2":170.912}},
{"type":"Feature","geometry":{"type":"Polygon","coordinates":[[[-47.50912840599996,-20.72485366199995],[-47.598211306999985,-20.693096790999963],[-47.61249338199997,-20.70025534799994],[-47.65080262699996,-20.72110433199997],[-47.66289508099996,-20.82034650899992],[-47.71815626499995,-20.81534173099989],[-47.779746420000016,-20.894437787999962],[-47.718502784999934,-20.938363004999925],[-47.674505699999976,-20.936406824999985],[-47.54063849399996,-21.034553415999966],[-47.43953205699995,-20.960453242999986],[-47.41211524199997,-20.809143085999935],[-47.452669622,-20.759871034999975],[-47.50912840599996,-20.72485366199995]]]},"properties":{"CD_MUN":"3505906","NM_MUN":"Batatais","SIGLA":"SP","AREA_KM2":849.526}},
{"type":"Feature","geometry":{"type":"Polygon","coordinates":[[[-49.03434249199991,-22.206968194999952],[-49.130823012999976,-22.06156356799994],[-49.160769814999945,-22.06560750299996],[-49.20610550399991,-22.106849693999973],[-49.28546280099992,-22.344857055],[-49.223068535000024,-22.304034199999965],[-49.131055081999904,-22.350793536999944],[-49.079907122999984,-22.417185198],[-48.93415898999997,-22.340790128999952],[-49.036606333999906,-22.273710658],[-49.03434249199991,-22.206968194999952]]]},"properties":{"CD_MUN":"3506003","NM_MUN":"Bauru","SIGLA":"SP","AREA_KM2":667.684}},
{"type":"Feature","geometry":{"type":"Polygon","coordinates":[[[-48.44760954899991,-20.78773661999996],[-48.63601480399994,-20.8189851339999],[-48.589164599,-20.89740858299992],[-48.685996313999986,-21.010246118999962],[-48.56771448899997,-21.075529098999954],[-48.49247032800001,-21.080940023999926],[-48.4581485649999,-21.078342756999966],[-48.433066756999935,-21.037444224999966],[-48.36721944299997,-20.949083599999927],[-48.40934905799996,-20.85425428799997],[-48.44760954899991,-20.78773661999996]]]},"properties":{"CD_MUN":"3506102","NM_MUN":"Bebedouro","SIGLA":"SP","AREA_KM2":683.192}},
{"type":"Feature","geometry":{"type":"Polygon","coordinates":[[[-50.7359521929999,-21.199048065999957],[-50.79500208300003,-21.186962647],[-50.98489926599996,-21.432829497999926],[-50.92414804699993,-21.441876513999922],[-50.819775755999984,-21.37476487099997],[-50.7359521929999,-21.199048065999957]]]},"properties":{"CD_MUN":"3506201","NM_MUN":"Bento de Abreu","SIGLA":"SP","AREA_KM2":301.687}},
{"type":"Feature","geometry":{"type":"Polygon","coordinates":[[[-49.45857210400001,-22.91327832099995],[-49.522625575999975,-22.907470017999962],[-49.55774650399995,-23.000181086999895],[-49.54752443599999,-23.128798442999944],[-49.45665375899992,-23.135627521999922],[-49.41211547499995,-23.051545506999958],[-49.45857210400001,-22.91327832099995]]]},"properties":{"CD_MUN":"3506300","NM_MUN":"Bernardino de Campos","SIGLA":"SP","AREA_KM2":244.158}},
{"type":"Feature","geometry":{"type":"Polygon","coordinates":[[[-45.796058,-23.68297199899999],[-45.844805,-23.64379099899999],[-45.916139,-23.666903998999942],[-46.077424,-23.732625998999936],[-46.100905,-23.718449998999937],[-46.202373,-23.751299998999954],[-46.235507,-23.835971998999973],[-46.177804,-23.888887998999984],[-46.13319401099993,-23.856505929999962],[-46.088679583999976,-23.822120584999915],[-45.84240227799993,-23.758195992999966],[-45.796058,-23.68297199899999]]]},"properties":{"CD_MUN":"3506359","NM_MUN":"Bertioga","SIGLA":"SP","AREA_KM2":491.546}},
{"type":"Feature","geometry":{"type":"Polygon","coordinates":[[[-50.422534157,-21.445668211999944],[-50.46571631899994,-21.307725673999975],[-50.55378674499995,-21.449887741999927],[-50.493312861999954,-21.52188946999992],[-50.44077893099994,-21.488357020999924],[-50.422534157,-21.445668211999944]]]},"properties":{"CD_MUN":"3506409","NM_MUN":"Bilac","SIGLA":"SP","AREA_KM2":158.025}},
{"type":"Feature","geometry":{"type":"Polygon","coordinates":[[[-50.252994947999966,-21.117084806999973],[-50.346979824999956,-21.060273676999905],[-50.40357188399993,-21.23255783799994],[-50.46571631899994,-21.307725673999975],[-50.422534157,-21.445668211999944],[-50.35389395799996,-21.450380437000014],[-50.31219530399993,-21.299229384999894],[-50.24866795599998,-21.213189131],[-50.252994947999966,-21.117084806999973]]]},"properties":{"CD_MUN":"3506508","NM_MUN":"Birigui","SIGLA":"SP","AREA_KM2":530.031}},
{"type":"Feature","geometry":{"type":"Polygon","coordinates":[[[-46.077039,-23.514674998999986],[-46.100905,-23.718449998999937],[-46.077424,-23.732625998999936],[-45.916139,-23.666903998999942],[-45.992664,-23.51991599900002],[-46.077039,-23.514674998999986]]]},"properties":{"CD_MUN":"3506607","NM_MUN":"Biritiba Mirim","SIGLA":"SP","AREA_KM2":317.406}},
{"type":"Feature","geometry":{"type":"Polygon","coordinates":[[[-48.39658212399993,-21.854154061999918],[-48.51658584899995,-21.86931862599991],[-48.59451757899997,-21.845899425999935],[-48.657864799999935,-21.84463723699995],[-48.678904367000015,-21.927797497999943],[-48.679396888,-21.928793796999955],[-48.60693095499997,-21.98773628599998],[-48.44486304999995,-22.063153961],[-48.441325079999956,-22.061085691999924],[-48.29149691699996,-21.989747499999943],[-48.25442678799991,-21.893145129999922],[-48.39658212399993,-21.854154061999918]]]},"properties":{"CD_MUN":"3506706","NM_MUN":"Boa Esperança do Sul","SIGLA":"SP","AREA_KM2":690.748}},
{"type":"Feature","geometry":{"type":"Polygon","coordinates":[[[-48.44486304999995,-22.063153961],[-48.60693095499997,-21.98773628599998],[-48.63250766399993,-22.167398259000013],[-48.50750182099992,-22.19388789699993],[-48.39618913799992,-22.12175134499997],[-48.44486304999995,-22.063153961]]]},"properties":{"CD_MUN":"3506805","NM_MUN":"Bocaina","SIGLA":"SP","AREA_KM2":363.926}},
{"type":"Feature","geometry":{"type":"Polygon","coordinates":[[[-48.13822261800002,-22.964940411999955],[-48.21802941999992,-22.993477565],[-48.29133747399992,-22.95824912999992],[-48.349614491999944,-23.011258444999925],[-48.32600527399997,-23.136246428999975],[-48.428367868999906,-23.203084089],[-48.49153886599994,-23.261133307999913],[-48.360145787,-23.303005253999984],[-48.30035529999998,-23.257878963999943],[-48.24143169499992,-23.280234656999944],[-48.22489968199994,-23.19624965799992],[-48.159471558999925,-23.086654797999948],[-48.13822261800002,-22.964940411999955]]]},"properties":{"CD_MUN":"3506904","NM_MUN":"Bofete","SIGLA":"SP","AREA_KM2":653.541}},
{"type":"Feature","geometry":{"type":"Polygon","coordinates":[[[-47.57802358399996,-23.36371355700001],[-47.62950457399999,-23.191626087],[-47.70399944899994,-23.216025437999974],[-47.772220153,-23.25182323699991],[-47.73703321799997,-23.331548492],[-47.67578939099996,-23.36778302999992],[-47.57802358399996,-23.36371355700001]]]},"properties":{"CD_MUN":"3507001","NM_MUN":"Boituva","SIGLA":"SP","AREA_KM2":248.954}},
{"type":"Feature","geometry":{"type":"Polygon","coordinates":[[[-46.415424,-23.120754998999935],[-46.482684,-23.112287998999967],[-46.543317,-23.20835999899998],[-46.509363,-23.232544999],[-46.439623,-23.198707998999936],[-46.415424,-23.120754998999935]]]},"properties":{"CD_MUN":"3507100","NM_MUN":"Bom Jesus dos Perdões","SIGLA":"SP","AREA_KM2":108.366}},
{"type":"Feature","geometry":{"type":"Polygon","coordinates":[[[-49.107858824,-24.250668039999965],[-49.148460293999925,-24.258385716999932],[-49.254235888,-24.317917518999955],[-49.253500278999965,-24.405038491999917],[-49.11990121400002,-24.33007114199995],[-49.107858824,-24.250668039999965]]]},"properties":{"CD_MUN":"3507159","NM_MUN":"Bom Sucesso de Itararé","SIGLA":"SP","AREA_KM2":133.578}},
{"type":"Feature","geometry":{"type":"Polygon","coordinates":[[[-50.45172942099995,-22.173140169999925],[-50.48524596899996,-22.152160029999965],[-50.551631472999965,-22.233255626999924],[-50.55846774699992,-22.29529037],[-50.465315199999964,-22.315912750999942],[-50.45172942099995,-22.173140169999925]]]},"properties":{"CD_MUN":"3507209","NM_MUN":"Borá","SIGLA":"SP","AREA_KM2":118.951}},
{"type":"Feature","geometry":{"type":"Polygon","coordinates":[[[-48.714487937999905,-22.18024064099998],[-48.84412078899995,-22.12905070099996],[-48.7715397339999,-22.226993278999938],[-48.714487937999905,-22.18024064099998]]]},"properties":{"CD_MUN":"3507308","NM_MUN":"Boracéia","SIGLA":"SP","AREA_KM2":122.11}},
{"type":"Feature","geometry":{"type":"Polygon","coordinates":[[[-48.911524743999934,-21.67420496700002],[-48.97229896399999,-21.66114129999995],[-48.96396193999994,-21.542005671999984],[-48.99137714199996,-21.456203788],[-49.08216445999997,-21.464533719],[-49.15021067499998,-21.530231173999912],[-49.213293162999975,-21.671144399999918],[-49.164202710999945,-21.647369825999938],[-49.1045031699999,-21.7509993799999],[-49.084027044999985,-21.7555948369999],[-49.00514228799999,-21.69867333999994],[-48.911524743999934,-21.67420496700002]]]},"properties":{"CD_MUN":"3507407","NM_MUN":"Borborema","SIGLA":"SP","AREA_KM2":552.256}},
{"type":"Feature","geometry":{"type":"Polygon","coordinates":[[[-48.93211259999994,-22.530097885999965],[-49.00212210799994,-22.546845060999896],[-49.01628363599998,-22.630451115999914],[-49.095332817,-22.666890813999938],[-48.98342832299997,-22.84051073399992],[-48.94825347999998,-22.825505853],[-48.93211259999994,-22.530097885999965]]]},"properties":{"CD_MUN":"3507456","NM_MUN":"Borebi","SIGLA":"SP","AREA_KM2":347.989}},
{"type":"Feature","geometry":{"type":"Polygon","coordinates":[[[-48.24637764199997,-22.61903872099996],[-48.261479889999954,-22.605432154999914],[-48.36538135199994,-22.608871233999892],[-48.474460619999974,-22.773441659999936],[-48.56731490899995,-22.853444712999917],[-48.74271719699996,-22.873383264000026],[-48.802567961,-22.845333694],[-48.852213052,-22.93172470199997],[-48.77764592200002,-22.965544970999886],[-48.645141963,-22.966450103999904],[-48.61710716799996,-23.038742116999934],[-48.47634294799994,-23.081649195999944],[-48.41688757099993,-22.99901409699997],[-48.349614491999944,-23.011258444999925],[-48.29133747399992,-22.95824912999992],[-48.260348670999974,-22.866477501],[-48.24637764199997,-22.61903872099996]]]},"properties":{"CD_MUN":"3507506","NM_MUN":"Botucatu","SIGLA":"SP","AREA_KM2":1482.642}},
{"type":"Feature","geometry":{"type":"Polygon","coordinates":[[[-46.442836916999944,-22.82452808499992],[-46.52749824999997,-22.826870654999944],[-46.624470848999984,-22.832950987999965],[-46.68181646199995,-22.885446450999915],[-46.681600032999896,-22.930223471999923],[-46.71632804299996,-22.977340134999977],[-46.69567172499997,-23.01074036099996],[-46.43246888499989,-23.038015448999936],[-46.41111106399995,-22.980771780999966],[-46.47922182099997,-22.87882778399993],[-46.442836916999944,-22.82452808499992]]]},"properties":{"CD_MUN":"3507605","NM_MUN":"Bragança Paulista","SIGLA":"SP","AREA_KM2":512.584}},
{"type":"Feature","geometry":{"type":"Polygon","coordinates":[[[-50.274231454999914,-21.559167640999952],[-50.25903602099994,-21.494181149999978],[-50.29962572199997,-21.457041202999925],[-50.38453366899997,-21.489711879999938],[-50.424854911,-21.631483626000012],[-50.30002383799996,-21.624664915],[-50.274231454999914,-21.559167640999952]]]},"properties":{"CD_MUN":"3507704","NM_MUN":"Braúna","SIGLA":"SP","AREA_KM2":195.176}},
{"type":"Feature","geometry":{"type":"Polygon","coordinates":[[[-50.15730428399998,-21.136370021999937],[-50.252994947999966,-21.117084806999973],[-50.24866795599998,-21.213189131],[-50.20627710599996,-21.25841444999997],[-50.15730428399998,-21.136370021999937]]]},"properties":{"CD_MUN":"3507753","NM_MUN":"Brejo Alegre","SIGLA":"SP","AREA_KM2":105.689}},
{"type":"Feature","geometry":{"type":"Polygon","coordinates":[[[-47.54063849399996,-21.034553415999966],[-47.674505699999976,-20.936406824999985],[-47.718502784999934,-20.938363004999925],[-47.673984,-21.074750998999967],[-47.719053,-21.120071998999954],[-47.6466820009999,-21.14814999699993],[-47.628204,-21.14831699899998],[-47.518114,-21.097932998999944],[-47.54063849399996,-21.034553415999966]]]},"properties":{"CD_MUN":"3507803","NM_MUN":"Brodowski","SIGLA":"SP","AREA_KM2":278.458}},
{"type":"Feature","geometry":{"type":"Polygon","coordinates":[[[-47.89992803099993,-22.157575813999895],[-48.044872135999945,-22.07322458799995],[-48.04372033399994,-22.128870257999953],[-48.107628844,-22.180249722999932],[-48.25595364099995,-22.154640506999943],[-48.314323158,-22.198734154999986],[-48.23934821499993,-22.367542620999945],[-48.15508499799998,-22.36163702299999],[-48.06328378800002,-22.412006194999954],[-48.04077876900001,-22.505886167999964],[-47.91581395799993,-22.42466025499997],[-47.95404481299991,-22.39814117599993],[-47.88203732799998,-22.200716975],[-47.89992803099993,-22.157575813999895]]]},"properties":{"CD_MUN":"3507902","NM_MUN":"Brotas","SIGLA":"SP","AREA_KM2":1101.373}},
{"type":"Feature","geometry":{"type":"Polygon","coordinates":[[[-48.534923390999936,-23.541139164999926],[-48.60953360400002,-23.581782590999957],[-48.764929092999964,-23.61353122599997],[-48.78095688399996,-23.64280243599991],[-48.723796310999944,-23.78509455599996],[-48.73453182799993,-23.854447119999968],[-48.63181144899997,-23.936183447999916],[-48.551657716999955,-23.934691844999954],[-48.43138063999996,-23.892498191999913],[-48.349061225,-23.83113857099991],[-48.407813275999985,-23.71463529199996],[-48.47818257499991,-23.64733028099991],[-48.534923390999936,-23.541139164999926]]]},"properties":{"CD_MUN":"3508009","NM_MUN":"Buri","SIGLA":"SP","AREA_KM2":1196.463}},
{"type":"Feature","geometry":{"type":"Polygon","coordinates":[[[-50.1799767759999,-20.982384563999954],[-50.29923835199998,-20.999544942999968],[-50.35818976299994,-21.043547729999954],[-50.346979824999956,-21.060273676999905],[-50.252994947999966,-21.117084806999973],[-50.15730428399998,-21.136370021999937],[-50.15131612499994,-21.13988607299998],[-50.05503751599997,-20.997333248999936],[-50.1799767759999,-20.982384563999954]]]},"properties":{"CD_MUN":"3508108","NM_MUN":"Buritama","SIGLA":"SP","AREA_KM2":326.921}},
{"type":"Feature","geometry":{"type":"Polygon","coordinates":[[[-47.60912297799999,-20.15960315],[-47.674948327,-20.12615890300001],[-47.74164196899992,-20.151744302999894],[-47.83652527799999,-20.241915740999925],[-47.73291234299998,-20.249192553999915],[-47.645442214,-20.288264415999944],[-47.61060708699995,-20.277296751999927],[-47.60912297799999,-20.15960315]]]},"properties":{"CD_MUN":"3508207","NM_MUN":"Buritizal","SIGLA":"SP","AREA_KM2":266.42}},
{"type":"Feature","geometry":{"type":"Polygon","coordinates":[[[-49.31703021199995,-22.38879919699995],[-49.484642634999986,-22.50309235],[-49.503016582999955,-22.51384672899995],[-49.4518648869999,-22.576449811999986],[-49.26673793099995,-22.49409854599996],[-49.31703021199995,-22.38879919699995]]]},"properties":{"CD_MUN":"3508306","NM_MUN":"Cabrália Paulista","SIGLA":"SP","AREA_KM2":239.974}},
{"type":"Feature","geometry":{"type":"Polygon","coordinates":[[[-47.028372544,-23.23666852799994],[-47.11281209999997,-23.226034171999963],[-47.11603540099995,-23.2250587039999],[-47.173716134999935,-23.326389904999942],[-47.13350239100002,-23.38063247399994],[-47.04291471200001,-23.352261252999952],[-46.95910918199992,-23.32682905599995],[-47.028372544,-23.23666852799994]]]},"properties":{"CD_MUN":"3508405","NM_MUN":"Cabreúva","SIGLA":"SP","AREA_KM2":260.234}},
{"type":"Feature","geometry":{"type":"Polygon","coordinates":[[[-45.725088035999946,-22.969445781999966],[-45.841785,-23.041191998999956],[-45.760415,-23.12868999899994],[-45.721280011,-23.237949006999926],[-45.64075018799995,-23.19603161299991],[-45.60947942199995,-23.163502706],[-45.63095956899998,-23.081307260999985],[-45.725088035999946,-22.969445781999966]]]},"properties":{"CD_MUN":"3508504","NM_MUN":"Caçapava","SIGLA":"SP","AREA_KM2":368.99}},
{"type":"Feature","geometry":{"type":"Polygon","coordinates":[[[-44.927718872999925,-22.654866087999945],[-45.103862556999914,-22.562698938],[-45.1122482559999,-22.634701292999946],[-45.069209143999984,-22.676331388999902],[-45.02218808399993,-22.69867013299992],[-44.97511897,-22.808039949999923],[-44.89505649499998,-22.844538649999947],[-44.927718872999925,-22.654866087999945]]]},"properties":{"CD_MUN":"3508603","NM_MUN":"Cachoeira Paulista","SIGLA":"SP","AREA_KM2":287.99}},
{"type":"Feature","geometry":{"type":"Polygon","coordinates":[[[-46.614511465,-21.67651633099995],[-46.56463134,-21.678679389999953],[-46.50077666699996,-21.549761130999965],[-46.519052712,-21.44895315599996],[-46.616078177999945,-21.43025112599993],[-46.676752026999964,-21.434119913999936],[-46.70155379699993,-21.50621263899991],[-46.76256937899998,-21.547871239999914],[-46.76012521099999,-21.572234588999937],[-46.64057794199998,-21.602252966999966],[-46.614511465,-21.67651633099995]]]},"properties":{"CD_MUN":"3508702","NM_MUN":"Caconde","SIGLA":"SP","AREA_KM2":468.214}},
{"type":"Feature","geometry":{"type":"Polygon","coordinates":[[[-49.31149266299998,-21.61718247199996],[-49.32854812299993,-21.559037703999948],[-49.44545105899991,-21.524068499999913],[-49.517568765,-21.602315669999914],[-49.56782975099998,-21.62588138099993],[-49.573697675999924,-21.704607000999907],[-49.725880420999964,-21.746139187000022],[-49.77208522699989,-21.804372094999955],[-49.80935515899995,-21.890266265999934],[-49.73417830699997,-21.940553140999928],[-49.65856220799998,-21.860076421999928],[-49.546038927,-21.856471361999983],[-49.43134870799996,-21.779358224999932],[-49.40461976999997,-21.69467784799993],[-49.31149266299998,-21.61718247199996]]]},"properties":{"CD_MUN":"3508801","NM_MUN":"Cafelândia","SIGLA":"SP","AREA_KM2":920.28}},
{"type":"Feature","geometry":{"type":"Polygon","coordinates":[[[-51.15484416999989,-21.86340939599992],[-51.224034964999916,-21.828824404999967],[-51.26481370499995,-21.885706058],[-51.28865565599991,-22.044626786999952],[-51.207786949999985,-22.068249646],[-51.15484416999989,-21.86340939599992]]]},"properties":{"CD_MUN":"3508900","NM_MUN":"Caiabu","SIGLA":"SP","AREA_KM2":253.352}},
{"type":"Feature","geometry":{"type":"Polygon","coordinates":[[[-46.670187,-23.363095998999896],[-46.82367399099993,-23.330977195999893],[-46.82297302800002,-23.401033983999987],[-46.735457,-23.388117998999967],[-46.669751374,-23.41859296399994],[-46.670187,-23.363095998999896]]]},"properties":{"CD_MUN":"3509007","NM_MUN":"Caieiras","SIGLA":"SP","AREA_KM2":97.642}},
{"type":"Feature","geometry":{"type":"Polygon","coordinates":[[[-51.860010529999926,-21.580719905],[-51.941076588999934,-21.547039096999985],[-51.97752,-21.766917998999933],[-52.125974765999956,-21.88145629299992],[-52.143937,-21.998494998999938],[-52.023081285999965,-21.948670120999978],[-51.963473785,-21.90648559699998],[-51.88786558899993,-21.763504721999958],[-51.901491048999944,-21.730517135999925],[-51.84277163399999,-21.612276693999952],[-51.860010529999926,-21.580719905]]]},"properties":{"CD_MUN":"3509106","NM_MUN":"Caiuá","SIGLA":"SP","AREA_KM2":551.159}},
{"type":"Feature","geometry":{"type":"Polygon","coordinates":[[[-46.838064,-23.287843999],[-46.9379437379999,-23.32185331399993],[-46.928830256999916,-23.387537914999932],[-46.82331047199996,-23.422374528000013],[-46.82297302800002,-23.401033983999987],[-46.82367399099993,-23.330977195999893],[-46.838064,-23.287843999]]]},"properties":{"CD_MUN":"3509205","NM_MUN":"Cajamar","SIGLA":"SP","AREA_KM2":131.386}},
{"type":"Feature","geometry":{"type":"Polygon","coordinates":[[[-48.12899480299998,-24.649284046999988],[-48.16160361499995,-24.64257785999996],[-48.30661716399993,-24.73244404299996],[-48.29626732299996,-24.801215593999935],[-48.28280261399993,-24.879128171999966],[-48.21119690899992,-24.907353660999973],[-48.12986059499995,-24.838378015999986],[-48.04805102699998,-24.720353819999964],[-48.12899480299998,-24.649284046999988]]]},"properties":{"CD_MUN":"3509254","NM_MUN":"Cajati","SIGLA":"SP","AREA_KM2":454.436}},
{"type":"Feature","geometry":{"type":"Polygon","coordinates":[[[-48.891703321,-20.823796082999966],[-48.94908624599996,-20.869327354999943],[-48.907115607999984,-20.892289447999932],[-48.79559039099998,-20.935550710999937],[-48.78564348499996,-20.93402085199992],[-48.744793826,-20.839840271999908],[-48.891703321,-20.823796082999966]]]},"properties":{"CD_MUN":"3509304","NM_MUN":"Cajobi","SIGLA":"SP","AREA_KM2":176.929}},
{"type":"Feature","geometry":{"type":"Polygon","coordinates":[[[-47.30875237199996,-21.101874169999988],[-47.478283647999945,-21.205332142999964],[-47.40409399099993,-21.209723019999913],[-47.368461137999965,-21.294248117999945],[-47.415078298,-21.34320928899994],[-47.379748928,-21.3953270499999],[-47.26419542799995,-21.451316429],[-47.24132110099994,-21.443311469],[-47.19185663699996,-21.34801488399992],[-47.189542799,-21.21223033099998],[-47.30875237199996,-21.101874169999988]]]},"properties":{"CD_MUN":"3509403","NM_MUN":"Cajuru","SIGLA":"SP","AREA_KM2":660.088}},
{"type":"Feature","geometry":{"type":"Polygon","coordinates":[[[-48.37092614199997,-23.63153176999996],[-48.41415383099996,-23.534878266999968],[-48.534923390999936,-23.541139164999926],[-48.47818257499991,-23.64733028099991],[-48.407813275999985,-23.71463529199996],[-48.37092614199997,-23.63153176999996]]]},"properties":{"CD_MUN":"3509452","NM_MUN":"Campina do Monte Alegre","SIGLA":"SP","AREA_KM2":184.479}},
{"type":"Feature","geometry":{"type":"Polygon","coordinates":[[[-46.85838502499992,-22.836177209999917],[-46.957425,-22.72922499899993],[-47.10128712399994,-22.750415064999938],[-47.163682,-22.805526998999923],[-47.157707926999954,-22.860892818999957],[-47.246767,-22.909477998999925],[-47.233134,-23.007243998999947],[-47.088319,-23.055536999],[-47.048562,-23.05138199899993],[-47.0643566649999,-22.99200919799992],[-46.9821,-22.904197998999955],[-46.878488946999944,-22.927459719999952],[-46.878454,-22.927068998999957],[-46.85838502499992,-22.836177209999917]]]},"properties":{"CD_MUN":"3509502","NM_MUN":"Campinas","SIGLA":"SP","AREA_KM2":794.571}},
{"type":"Feature","geometry":{"type":"Polygon","coordinates":[[[-46.711125181999975,-23.21145730399993],[-46.78643199499996,-23.153234434999938],[-46.79916,-23.187953998999923],[-46.807257,-23.255090998999925],[-46.802599,-23.257114998999974],[-46.783686,-23.265377998999938],[-46.70406040399994,-23.252124061999936],[-46.711125181999975,-23.21145730399993]]]},"properties":{"CD_MUN":"3509601","NM_MUN":"Campo Limpo Paulista","SIGLA":"SP","AREA_KM2":79.403}},
{"type":"Feature","geometry":{"type":"Polygon","coordinates":[[[-45.39998589999989,-22.653680295999976],[-45.48880049099992,-22.628785222999923],[-45.58040830999996,-22.65290985199991],[-45.67631361499995,-22.787584900999978],[-45.61437176999991,-22.797095759999895],[-45.439128102999966,-22.703407075],[-45.39998589999989,-22.653680295999976]]]},"properties":{"CD_MUN":"3509700","NM_MUN":"Campos do Jordão","SIGLA":"SP","AREA_KM2":289.981}},
{"type":"Feature","geometry":{"type":"Polygon","coordinates":[[[-50.06924269399999,-22.492992608999938],[-50.138773823999934,-22.573941040999976],[-50.10632451699994,-22.680746981999942],[-50.010054784,-22.784304296999967],[-49.97360835399995,-22.68784571199994],[-49.90218700099993,-22.666612028999964],[-49.88785463999996,-22.525469418999897],[-49.9263114619999,-22.540810214],[-50.060725407999946,-22.498902772999916],[-50.06924269399999,-22.492992608999938]]]},"properties":{"CD_MUN":"3509809","NM_MUN":"Campos Novos Paulista","SIGLA":"SP","AREA_KM2":484.199}},
{"type":"Feature","geometry":{"type":"Polygon","coordinates":[[[-47.73436240199997,-24.835684393999955],[-47.83029939499991,-24.75638648299997],[-47.943092931999956,-24.767189177999924],[-47.96768966400002,-24.872111112999974],[-48.02582800599994,-24.943763982999968],[-48.12402748299995,-24.98137525499994],[-48.21047155199995,-24.956932052999967],[-48.23969283999993,-24.991417605999956],[-48.21605429100002,-25.076671558999983],[-48.158501976,-25.149906868],[-48.18252033599998,-25.204998797],[-48.11299959900001,-25.250870526],[-48.02353743499996,-25.230931711999958],[-47.92376062399992,-25.160517491999954],[-47.90952155399994,-25.052946115999895],[-47.89746558599994,-24.973208179],[-47.73436240199997,-24.835684393999955]]]},"properties":{"CD_MUN":"3509908","NM_MUN":"Cananéia","SIGLA":"SP","AREA_KM2":1237.354}},
{"type":"Feature","geometry":{"type":"Polygon","coordinates":[[[-44.97511897,-22.808039949999923],[-45.02218808399993,-22.69867013299992],[-45.069209143999984,-22.676331388999902],[-45.06100317399994,-22.750240644999984],[-44.97511897,-22.808039949999923]]]},"properties":{"CD_MUN":"3509957","NM_MUN":"Canas","SIGLA":"SP","AREA_KM2":53.261}},
{"type":"Feature","geometry":{"type":"Polygon","coordinates":[[[-50.26215354899996,-22.701300961],[-50.32503092899995,-22.67738646599998],[-50.40209741399997,-22.70463650299993],[-50.508241922999915,-22.70248113199994],[-50.55226743699991,-22.84061073999993],[-50.57724281799995,-22.904007095999965],[-50.425712465999894,-22.94418548399998],[-50.359249488999964,-22.916058813999975],[-50.32896833399995,-22.805366564999883],[-50.26215354899996,-22.701300961]]]},"properties":{"CD_MUN":"3510005","NM_MUN":"Cândido Mota","SIGLA":"SP","AREA_KM2":595.811}},
{"type":"Feature","geometry":{"type":"Polygon","coordinates":[[[-48.577325748999925,-21.33974119999996],[-48.619296976999955,-21.286933095999903],[-48.68460587699996,-21.382988298999948],[-48.61019080299995,-21.39429571999992],[-48.577325748999925,-21.33974119999996]]]},"properties":{"CD_MUN":"3510104","NM_MUN":"Cândido Rodrigues","SIGLA":"SP","AREA_KM2":70.892}},
{"type":"Feature","geometry":{"type":"Polygon","coordinates":[[[-49.763447416,-22.969935340999967],[-49.833658578,-23.065942941999893],[-49.819389904999966,-23.076953812999932],[-49.75715013699997,-22.97055118099994],[-49.763447416,-22.969935340999967]]]},"properties":{"CD_MUN":"3510153","NM_MUN":"Canitar","SIGLA":"SP","AREA_KM2":57.459}},
{"type":"Feature","geometry":{"type":"Polygon","coordinates":[[[-48.207461934999984,-23.849510682],[-48.349061225,-23.83113857099991],[-48.43138063999996,-23.892498191999913],[-48.551657716999955,-23.934691844999954],[-48.58186172899998,-23.982904827999953],[-48.56935230199994,-24.090608163999917],[-48.420945923,-24.1801950629999],[-48.4074366089999,-24.086278632999978],[-48.315295741999904,-24.114283106999913],[-48.28096707699993,-24.281912686999938],[-48.20494424599994,-24.263289902999894],[-48.139523431,-24.19437587299994],[-48.04935469599993,-24.137623097999906],[-47.95312777799998,-24.119831783999913],[-48.16688920599994,-23.92224555299999],[-48.207461934999984,-23.849510682]]]},"properties":{"CD_MUN":"3510203","NM_MUN":"Capão Bonito","SIGLA":"SP","AREA_KM2":1640.229}},
{"type":"Feature","geometry":{"type":"Polygon","coordinates":[[[-47.72563214299998,-23.38553681599992],[-47.807214331999965,-23.488696194999967],[-47.77985161999993,-23.532138713999963],[-47.76051155499996,-23.560791989999927],[-47.65066276999993,-23.45859241199998],[-47.72563214299998,-23.38553681599992]]]},"properties":{"CD_MUN":"3510302","NM_MUN":"Capela do Alto","SIGLA":"SP","AREA_KM2":169.89}},
{"type":"Feature","geometry":{"type":"Polygon","coordinates":[[[-47.39620978199996,-22.904528006],[-47.50711161799998,-22.852547688999948],[-47.519342965999925,-22.88706122499994],[-47.52508527599996,-22.963419566999974],[-47.62330635599998,-22.994218594999936],[-47.530473297,-23.00427212399999],[-47.508614489999985,-23.091630295999956],[-47.42821046699996,-23.101092736999952],[-47.445559417999945,-23.022279929999954],[-47.38876558999998,-22.98364414699995],[-47.39620978199996,-22.904528006]]]},"properties":{"CD_MUN":"3510401","NM_MUN":"Capivari","SIGLA":"SP","AREA_KM2":322.878}},
{"type":"Feature","geometry":{"type":"Polygon","coordinates":[[[-45.276684822999975,-23.578337317],[-45.27343520299995,-23.483132949],[-45.34894828299995,-23.547882587999922],[-45.457261301,-23.577102946],[-45.53997541899994,-23.59676819799997],[-45.58053864399991,-23.646541453999923],[-45.702539508999976,-23.636851271999916],[-45.71962387599992,-23.648911738000024],[-45.66399231499993,-23.69932880699995],[-45.50711623199996,-23.729814478],[-45.42704371099992,-23.708417766999958],[-45.40661089399995,-23.623862164999977],[-45.276684822999975,-23.578337317]]]},"properties":{"CD_MUN":"3510500","NM_MUN":"Caraguatatuba","SIGLA":"SP","AREA_KM2":484.947}},
{"type":"Feature","geometry":{"type":"Polygon","coordinates":[[[-46.81739,-23.520716998999944],[-46.860628,-23.544836999],[-46.875956,-23.565279999000012],[-46.81733226899995,-23.58185590399998],[-46.81739,-23.520716998999944]]]},"properties":{"CD_MUN":"3510609","NM_MUN":"Carapicuíba","SIGLA":"SP","AREA_KM2":34.546}},
{"type":"Feature","geometry":{"type":"Polygon","coordinates":[[[-49.9061864409999,-19.937167077999938],[-50.04413151599991,-19.916422495999928],[-50.11106594599994,-20.037807856999965],[-50.03541050599998,-20.084393265999942],[-50.027745242,-20.18165959399992],[-49.92130570999997,-20.214606762999985],[-49.812450070999965,-20.194725301999892],[-49.806389063999944,-20.073746774999943],[-49.89199656999992,-20.036979486999904],[-49.9061864409999,-19.937167077999938]]]},"properties":{"CD_MUN":"3510708","NM_MUN":"Cardoso","SIGLA":"SP","AREA_KM2":639.248}},
{"type":"Feature","geometry":{"type":"Polygon","coordinates":[[[-47.03755648699996,-21.623474947999952],[-47.0974631,-21.56787784299997],[-47.24094854899993,-21.75785375199993],[-47.18659051399989,-21.790424130999906],[-47.19548911799995,-21.973734850999946],[-47.037806216999925,-21.99058569199993],[-46.982156177,-21.967687692999913],[-47.003873860999974,-21.918428047999914],[-46.96267139699996,-21.816716877999962],[-46.979633645999925,-21.700013332999966],[-47.03755648699996,-21.623474947999952]]]},"properties":{"CD_MUN":"3510807","NM_MUN":"Casa Branca","SIGLA":"SP","AREA_KM2":864.225}},
{"type":"Feature","geometry":{"type":"Polygon","coordinates":[[[-47.11852928799997,-21.18592490099994],[-47.189542799,-21.21223033099998],[-47.19185663699996,-21.34801488399992],[-47.04422430399992,-21.267355255999973],[-47.11852928799997,-21.18592490099994]]]},"properties":{"CD_MUN":"3510906","NM_MUN":"Cássia dos Coqueiros","SIGLA":"SP","AREA_KM2":191.683}},
{"type":"Feature","geometry":{"type":"Polygon","coordinates":[[[-51.41936432699998,-20.681076557999987],[-51.57518615699993,-20.62341907499997],[-51.63489922799995,-20.754848353999886],[-51.623587256999954,-20.944432888999884],[-51.713695715999926,-20.971458013999964],[-51.77247643399998,-21.05112126299998],[-51.69798458699992,-21.091701896999968],[-51.681999725,-21.14913363099996],[-51.64000371499996,-21.163204638999975],[-51.59127496400002,-21.08717851199998],[-51.475561104999926,-21.04971195],[-51.448184389999895,-20.770670666999944],[-51.41936432699998,-20.681076557999987]]]},"properties":{"CD_MUN":"3511003","NM_MUN":"Castilho","SIGLA":"SP","AREA_KM2":1065.318}},
{"type":"Feature","geometry":{"type":"Polygon","coordinates":[[[-48.84429346399994,-21.01551506299991],[-48.85957064499992,-21.006077591999937],[-48.94000025899993,-21.059624683999942],[-48.963734769999974,-21.05335544099992],[-49.045647773999974,-21.13549400999993],[-49.09133145599995,-21.221217442],[-49.05909568599995,-21.242166619999967],[-49.01056151999994,-21.253432328999953],[-48.882776192999984,-21.10552247899996],[-48.81937531899993,-21.041603970999976],[-48.84429346399994,-21.01551506299991]]]},"properties":{"CD_MUN":"3511102","NM_MUN":"Catanduva","SIGLA":"SP","AREA_KM2":290.596}},
{"type":"Feature","geometry":{"type":"Polygon","coordinates":[[[-48.963734769999974,-21.05335544099992],[-49.04557635000002,-21.00231422699995],[-49.11107871499995,-21.02709951699998],[-49.13124754800002,-21.070458474999985],[-49.11987455999995,-21.085215197999982],[-49.045647773999974,-21.13549400999993],[-48.963734769999974,-21.05335544099992]]]},"properties":{"CD_MUN":"3511201","NM_MUN":"Catiguá","SIGLA":"SP","AREA_KM2":148.393}},
{"type":"Feature","geometry":{"type":"Polygon","coordinates":[[[-49.141822624999975,-20.82480529299998],[-49.257167,-20.851152998999964],[-49.346019,-20.931583998999912],[-49.37503408899994,-20.96029204599997],[-49.311280183,-21.009041958999983],[-49.257522911,-20.958518096],[-49.141822624999975,-20.82480529299998]]]},"properties":{"CD_MUN":"3511300","NM_MUN":"Cedral","SIGLA":"SP","AREA_KM2":197.838}},
{"type":"Feature","geometry":{"type":"Polygon","coordinates":[[[-49.00471454899994,-22.88754409300001],[-49.172145252999954,-22.9397060539999],[-49.22203782,-23.03648070699996],[-49.245447426999895,-23.144750046999953],[-49.210796151999965,-23.245512262999988],[-49.15132056099998,-23.260066124999987],[-49.12190187399992,-23.096745906],[-49.06764387799997,-23.093184326999925],[-49.08057938599992,-23.064286477999886],[-49.00471454899994,-22.88754409300001]]]},"properties":{"CD_MUN":"3511409","NM_MUN":"Cerqueira César","SIGLA":"SP","AREA_KM2":511.621}},
{"type":"Feature","geometry":{"type":"Polygon","coordinates":[[[-47.70399944899994,-23.216025437999974],[-47.75101465499995,-23.122076618999955],[-47.81891233899992,-23.13245532099991],[-47.81714054199996,-23.15264436799996],[-47.814574379,-23.228279705999952],[-47.772220153,-23.25182323699991],[-47.70399944899994,-23.216025437999974]]]},"properties":{"CD_MUN":"3511508","NM_MUN":"Cerquilho","SIGLA":"SP","AREA_KM2":127.803}},
{"type":"Feature","geometry":{"type":"Polygon","coordinates":[[[-47.81714054199996,-23.15264436799996],[-47.90996389999995,-23.160912529],[-48.00900172399995,-23.22355969899995],[-47.94995488599991,-23.279336177999944],[-47.814574379,-23.228279705999952],[-47.81714054199996,-23.15264436799996]]]},"properties":{"CD_MUN":"3511607","NM_MUN":"Cesário Lange","SIGLA":"SP","AREA_KM2":190.392}},
{"type":"Feature","geometry":{"type":"Polygon","coordinates":[[[-47.669226618999986,-22.53994651999994],[-47.776669819999924,-22.444123573999928],[-47.79292878599996,-22.448189159999963],[-47.803290198,-22.58183166399995],[-47.70505130999993,-22.593328953],[-47.669226618999986,-22.53994651999994]]]},"properties":{"CD_MUN":"3511706","NM_MUN":"Charqueada","SIGLA":"SP","AREA_KM2":175.846}},
{"type":"Feature","geometry":{"type":"Polygon","coordinates":[[[-50.38453366899997,-21.489711879999938],[-50.44077893099994,-21.488357020999924],[-50.493312861999954,-21.52188946999992],[-50.541052632999964,-21.573559079999924],[-50.55646103999989,-21.611243110999965],[-50.467808211,-21.607431022999943],[-50.44527153099995,-21.661519928999926],[-50.424854911,-21.631483626000012],[-50.38453366899997,-21.489711879999938]]]},"properties":{"CD_MUN":"3511904","NM_MUN":"Clementina","SIGLA":"SP","AREA_KM2":168.59}},
{"type":"Feature","geometry":{"type":"Polygon","coordinates":[[[-48.43708192899989,-20.752738637999943],[-48.52566376999994,-20.63513593399998],[-48.595218968,-20.69724053899998],[-48.66234744199993,-20.688944933999984],[-48.75366927899993,-20.742860012999884],[-48.719401934999965,-20.812958],[-48.63601480399994,-20.8189851339999],[-48.44760954899991,-20.78773661999996],[-48.43708192899989,-20.752738637999943]]]},"properties":{"CD_MUN":"3512001","NM_MUN":"Colina","SIGLA":"SP","AREA_KM2":422.303}},
{"type":"Feature","geometry":{"type":"Polygon","coordinates":[[[-48.64692569199997,-20.167000729999938],[-48.822126733999944,-20.1615471449999],[-48.88707533899998,-20.275275438999927],[-48.867063183,-20.398867804999963],[-48.681921545,-20.361726236999953],[-48.62205330200002,-20.31972308099995],[-48.51005629599997,-20.298709360999965],[-48.51998050599999,-20.245854733999966],[-48.59352627199993,-20.17504447899997],[-48.64692569199997,-20.167000729999938]]]},"properties":{"CD_MUN":"3512100","NM_MUN":"Colômbia","SIGLA":"SP","AREA_KM2":728.648}},
{"type":"Feature","geometry":{"type":"Polygon","coordinates":[[[-47.08375477299997,-22.299811107999954],[-47.184290774999944,-22.29202008399996],[-47.20972513699994,-22.321716020999958],[-47.18890757400002,-22.432671580999983],[-47.13604003499993,-22.469887591999935],[-47.089509376999956,-22.385918728],[-47.08375477299997,-22.299811107999954]]]},"properties":{"CD_MUN":"3512209","NM_MUN":"Conchal","SIGLA":"SP","AREA_KM2":182.793}},
{"type":"Feature","geometry":{"type":"Polygon","coordinates":[[[-48.04752862899992,-22.831892948999908],[-48.10476524200002,-22.829467842999982],[-48.13822261800002,-22.964940411999955],[-48.159471558999925,-23.086654797999948],[-48.05704357299991,-23.103834158999938],[-47.93687089199993,-23.01456257199993],[-47.93082890499997,-22.883312953999955],[-47.987771224999975,-22.88794646],[-48.04752862899992,-22.831892948999908]]]},"properties":{"CD_MUN":"3512308","NM_MUN":"Conchas","SIGLA":"SP","AREA_KM2":466.12}},
{"type":"Feature","geometry":{"type":"Polygon","coordinates":[[[-47.30220048,-22.444966077999915],[-47.365570444999975,-22.459461637999976],[-47.46703111399999,-22.418643208999942],[-47.48938396399993,-22.523830600999926],[-47.477023968,-22.526321584999973],[-47.33475569199996,-22.49808937099994],[-47.30220048,-22.444966077999915]]]},"properties":{"CD_MUN":"3512407","NM_MUN":"Cordeirópolis","SIGLA":"SP","AREA_KM2":137.579}},
{"type":"Feature","geometry":{"type":"Polygon","coordinates":[[[-50.20627710599996,-21.25841444999997],[-50.24866795599998,-21.213189131],[-50.31219530399993,-21.299229384999894],[-50.35389395799996,-21.450380437000014],[-50.422534157,-21.445668211999944],[-50.44077893099994,-21.488357020999924],[-50.38453366899997,-21.489711879999938],[-50.29962572199997,-21.457041202999925],[-50.253557957999924,-21.40062145],[-50.20627710599996,-21.25841444999997]]]},"properties":{"CD_MUN":"3512506","NM_MUN":"Coroados","SIGLA":"SP","AREA_KM2":246.825}},
{"type":"Feature","geometry":{"type":"Polygon","coordinates":[[[-49.33113437999996,-23.52535604699991],[-49.476407917999964,-23.54087519599993],[-49.301338875999896,-23.737846819999987],[-49.24460460099997,-23.705251170999965],[-49.13999772999997,-23.702015821999964],[-49.13633715299996,-23.661573557999972],[-49.244626195999984,-23.655092272999987],[-49.33113437999996,-23.52535604699991]]]},"properties":{"CD_MUN":"3512605","NM_MUN":"Coronel Macedo","SIGLA":"SP","AREA_KM2":303.83}},
{"type":"Feature","geometry":{"type":"Polygon","coordinates":[[[-47.55033893899993,-22.150800675999935],[-47.67452614899998,-22.193493323999967],[-47.71317885399996,-22.240091622999945],[-47.71366364299993,-22.30190990999997],[-47.6340528329999,-22.335203896999953],[-47.59420247199994,-22.249310683999965],[-47.46977955099993,-22.245362510999964],[-47.49045598299998,-22.187553084999898],[-47.55033893899993,-22.150800675999935]]]},"properties":{"CD_MUN":"3512704","NM_MUN":"Corumbataí","SIGLA":"SP","AREA_KM2":278.622}},
{"type":"Feature","geometry":{"type":"Polygon","coordinates":[[[-47.09742050699994,-22.635304063],[-47.22695880599998,-22.56996119599993],[-47.27905511599994,-22.663484719999936],[-47.194211243,-22.729787377],[-47.10345842,-22.690119599999967],[-47.09742050699994,-22.635304063]]]},"properties":{"CD_MUN":"3512803","NM_MUN":"Cosmópolis","SIGLA":"SP","AREA_KM2":154.665}},
{"type":"Feature","geometry":{"type":"Polygon","coordinates":[[[-49.61732164599992,-20.32271300699998],[-49.64827650599999,-20.260010309999963],[-49.693730827999985,-20.316661639999953],[-49.803080258,-20.384594843999935],[-49.85227365199993,-20.416651990999988],[-49.919974,-20.508525998999936],[-49.923118,-20.562005998999986],[-49.87067904199993,-20.590665341000012],[-49.70524330699996,-20.486819028999967],[-49.66312314199996,-20.362305363],[-49.61732164599992,-20.32271300699998]]]},"properties":{"CD_MUN":"3512902","NM_MUN":"Cosmorama","SIGLA":"SP","AREA_KM2":441.68}},
{"type":"Feature","geometry":{"type":"Polygon","coordinates":[[[-46.875956,-23.565279999000012],[-46.911119,-23.563056998999933],[-46.981456,-23.602157998999886],[-47.059025,-23.628347998999963],[-47.081456,-23.653179998999953],[-47.019318,-23.788505998999966],[-46.988924,-23.80081199899996],[-46.937828,-23.77662999899993],[-46.887452,-23.66784799899998],[-46.810173,-23.61010999899996],[-46.807775,-23.609066998999907],[-46.81733226899995,-23.58185590399998],[-46.875956,-23.565279999000012]]]},"properties":{"CD_MUN":"3513009","NM_MUN":"Cotia","SIGLA":"SP","AREA_KM2":323.994}},
{"type":"Feature","geometry":{"type":"Polygon","coordinates":[[[-47.65156393399998,-21.28029557999996],[-47.659131,-21.195800998999967],[-47.817679,-21.34305899899994],[-47.905991,-21.368056998999982],[-47.894949,-21.380400998999924],[-47.829574,-21.42288199899994],[-47.7143470469999,-21.414856686999926],[-47.63139395099991,-21.359448799999967],[-47.65156393399998,-21.28029557999996]]]},"properties":{"CD_MUN":"3513108","NM_MUN":"Cravinhos","SIGLA":"SP","AREA_KM2":311.423}},
{"type":"Feature","geometry":{"type":"Polygon","coordinates":[[[-47.27672871899992,-20.291637965999918],[-47.34632923899992,-20.26981281199994],[-47.42130496999996,-20.318683682999925],[-47.49829510299996,-20.31616426100001],[-47.529488646999965,-20.391323925999902],[-47.50004361999995,-20.456363825999944],[-47.293456580999944,-20.418655153],[-47.27672871899992,-20.291637965999918]]]},"properties":{"CD_MUN":"3513207","NM_MUN":"Cristais Paulista","SIGLA":"SP","AREA_KM2":385.23}},
{"type":"Feature","geometry":{"type":"Polygon","coordinates":[[[-50.65241155899997,-22.685193631999976],[-50.73824634399992,-22.723059649999975],[-50.795915381,-22.67696020299997],[-50.85367118699999,-22.745349501999943],[-50.79913612499995,-22.795503606999965],[-50.717514536,-22.800563091],[-50.70627643199998,-22.772774190999954],[-50.65241155899997,-22.685193631999976]]]},"properties":{"CD_MUN":"3513306","NM_MUN":"Cruzália","SIGLA":"SP","AREA_KM2":149.33}},
{"type":"Feature","geometry":{"type":"Polygon","coordinates":[[[-44.96585911799997,-22.475192826999955],[-45.12435850999996,-22.497221372999974],[-45.103862556999914,-22.562698938],[-44.927718872999925,-22.654866087999945],[-44.90549111399994,-22.611911925999948],[-44.96585911799997,-22.475192826999955]]]},"properties":{"CD_MUN":"3513405","NM_MUN":"Cruzeiro","SIGLA":"SP","AREA_KM2":305.699}},
{"type":"Feature","geometry":{"type":"Polygon","coordinates":[[[-46.320292,-23.803096998999926],[-46.410296,-23.815378998999982],[-46.496213,-23.899565],[-46.386333,-23.93299800099996],[-46.320292,-23.803096998999926]]]},"properties":{"CD_MUN":"3513504","NM_MUN":"Cubatão","SIGLA":"SP","AREA_KM2":142.879}},
{"type":"Feature","geometry":{"type":"Polygon","coordinates":[[[-44.72375979399993,-22.833307862],[-44.754024956999956,-22.78861329999998],[-44.80621437299989,-22.856657983999952],[-44.910405641999965,-22.8855763],[-45.029280901999975,-22.92066605699997],[-45.11076748399995,-23.007621797999946],[-45.15595122199995,-23.015428108999956],[-45.13168247799994,-23.083559651],[-45.14620948799994,-23.1875050699999],[-45.07422758499999,-23.304234120999965],[-45.00961065399995,-23.306113728999968],[-44.98396838999998,-23.229492186],[-44.882645334999985,-23.202712706999904],[-44.824416157,-23.162687259999934],[-44.791898181999926,-22.981875897999927],[-44.62947770399996,-22.904919372999956],[-44.72375979399993,-22.833307862]]]},"properties":{"CD_MUN":"3513603","NM_MUN":"Cunha","SIGLA":"SP","AREA_KM2":1407.25}},
{"type":"Feature","geometry":{"type":"Polygon","coordinates":[[[-47.52420858099999,-21.802313793999915],[-47.587914709999986,-21.734525300999916],[-47.66405928099992,-21.742435809999936],[-47.72413938799993,-21.706248241],[-47.736829307999976,-21.711882848],[-47.79191825899993,-21.87823185499994],[-47.755821043,-21.91927151899998],[-47.72641712099991,-22.041516347999988],[-47.626466183999945,-22.043603732999948],[-47.51191284199995,-21.935896745999948],[-47.52420858099999,-21.802313793999915]]]},"properties":{"CD_MUN":"3513702","NM_MUN":"Descalvado","SIGLA":"SP","AREA_KM2":753.706}},
{"type":"Feature","geometry":null,"properties":{"CD_MUN":"3513801","NM_MUN":"Diadema","SIGLA":"SP","AREA_KM2":30.732}},
{"type":"Feature","geometry":{"type":"Polygon","coordinates":[[[-50.57567085599992,-20.39768936699998],[-50.61306931799996,-20.375744472999955],[-50.67187962499997,-20.43771968499991],[-50.65551143899995,-20.516856120999947],[-50.62492174299999,-20.508061641999973],[-50.57567085599992,-20.39768936699998]]]},"properties":{"CD_MUN":"3513850","NM_MUN":"Dirce Reis","SIGLA":"SP","AREA_KM2":88.133}},
{"type":"Feature","geometry":{"type":"Polygon","coordinates":[[[-46.614511465,-21.67651633099995],[-46.64057794199998,-21.602252966999966],[-46.76012521099999,-21.572234588999937],[-46.80501128999996,-21.660179297999935],[-46.63068503899998,-21.768603226000014],[-46.614511465,-21.67651633099995]]]},"properties":{"CD_MUN":"3513900","NM_MUN":"Divinolândia","SIGLA":"SP","AREA_KM2":223.749}},
{"type":"Feature","geometry":{"type":"Polygon","coordinates":[[[-48.28255517099997,-21.481297165999944],[-48.369297,-21.504506189999937],[-48.463937855,-21.489790455999955],[-48.47107542699993,-21.51269404099999],[-48.447518267,-21.545486645999965],[-48.263439129999966,-21.534259416999966],[-48.234652882999924,-21.473750383],[-48.28255517099997,-21.481297165999944]]]},"properties":{"CD_MUN":"3514007","NM_MUN":"Dobrada","SIGLA":"SP","AREA_KM2":149.729}},
{"type":"Feature","geometry":{"type":"Polygon","coordinates":[[[-48.314323158,-22.198734154999986],[-48.342312332,-22.18104010399996],[-48.39400263699993,-22.19206638299994],[-48.48078252899992,-22.356185856999975],[-48.413349333,-22.38047419799992],[-48.36414176399997,-22.49470182599996],[-48.384492513999895,-22.58001608999992],[-48.36538135199994,-22.608871233999892],[-48.261479889999954,-22.605432154999914],[-48.23485077799995,-22.520379415999923],[-48.27865311499997,-22.427075773],[-48.23934821499993,-22.367542620999945],[-48.314323158,-22.198734154999986]]]},"properties":{"CD_MUN":"3514106","NM_MUN":"Dois Córregos","SIGLA":"SP","AREA_KM2":632.972}},
{"type":"Feature","geometry":{"type":"Polygon","coordinates":[[[-50.481020266,-20.153515485999982],[-50.51916863699992,-20.03585830199995],[-50.58480986199997,-20.140689570999957],[-50.520467431,-20.17601776699994],[-50.481020266,-20.153515485999982]]]},"properties":{"CD_MUN":"3514205","NM_MUN":"Dolcinópolis","SIGLA":"SP","AREA_KM2":77.939}},
{"type":"Feature","geometry":{"type":"Polygon","coordinates":[[[-48.29858474999995,-22.063737350999943],[-48.441325079999956,-22.061085691999924],[-48.44486304999995,-22.063153961],[-48.39618913799992,-22.12175134499997],[-48.342312332,-22.18104010399996],[-48.314323158,-22.198734154999986],[-48.25595364099995,-22.154640506999943],[-48.29858474999995,-22.063737350999943]]]},"properties":{"CD_MUN":"3514304","NM_MUN":"Dourado","SIGLA":"SP","AREA_KM2":205.874}},
{"type":"Feature","geometry":{"type":"Polygon","coordinates":[[[-51.48515406799998,-21.42764620499996],[-51.54418516599996,-21.45394161899997],[-51.66908518299992,-21.433233903],[-51.646655636999945,-21.511442334999984],[-51.71402032799996,-21.595979853999978],[-51.697852204999975,-21.633785502999956],[-51.610476551,-21.67541771199991],[-51.537076818999964,-21.684396487999944],[-51.49575579199991,-21.63829343399991],[-51.48515406799998,-21.42764620499996]]]},"properties":{"CD_MUN":"3514403","NM_MUN":"Dracena","SIGLA":"SP","AREA_KM2":487.688}},
{"type":"Feature","geometry":{"type":"Polygon","coordinates":[[[-49.28546280099992,-22.344857055],[-49.42280004699999,-22.294202242999948],[-49.459180557,-22.337458565999988],[-49.51279238899994,-22.395682672],[-49.484642634999986,-22.50309235],[-49.31703021199995,-22.38879919699995],[-49.28546280099992,-22.344857055]]]},"properties":{"CD_MUN":"3514502","NM_MUN":"Duartina","SIGLA":"SP","AREA_KM2":264.557}},
{"type":"Feature","geometry":{"type":"Polygon","coordinates":[[[-47.989154,-21.309371998999946],[-47.926373,-21.26728699899992],[-47.943423,-21.200295998999916],[-48.04202658899996,-21.20346919900001],[-47.99466,-21.304699999],[-47.989154,-21.309371998999946]]]},"properties":{"CD_MUN":"3514601","NM_MUN":"Dumont","SIGLA":"SP","AREA_KM2":111.376}},
{"type":"Feature","geometry":{"type":"Polygon","coordinates":[[[-50.149943122999936,-22.260527892999935],[-50.172626837999985,-22.246138948999903],[-50.169379718999906,-22.320026256999945],[-50.236787654999944,-22.37934649599996],[-50.34999433399997,-22.478972122999927],[-50.301260568999965,-22.545748024999988],[-50.22439259399995,-22.52690621199994],[-50.138773823999934,-22.573941040999976],[-50.06924269399999,-22.492992608999938],[-50.13774389199998,-22.33782868099997],[-50.149943122999936,-22.260527892999935]]]},"properties":{"CD_MUN":"3514700","NM_MUN":"Echaporã","SIGLA":"SP","AREA_KM2":515.258}},
{"type":"Feature","geometry":{"type":"Polygon","coordinates":[[[-48.01342528699994,-24.50989216899991],[-48.01452281899998,-24.378104964999956],[-48.10390124299994,-24.280714293],[-48.139523431,-24.19437587299994],[-48.20494424599994,-24.263289902999894],[-48.28096707699993,-24.281912686999938],[-48.38312918999998,-24.30417419299996],[-48.35152376099991,-24.459194767999968],[-48.464596440999955,-24.65995660899992],[-48.37829412299996,-24.767482368999936],[-48.29626732299996,-24.801215593999935],[-48.30661716399993,-24.73244404299996],[-48.16160361499995,-24.64257785999996],[-48.12899480299998,-24.649284046999988],[-48.08485744499997,-24.580563819999988],[-48.01342528699994,-24.50989216899991]]]},"properties":{"CD_MUN":"3514809","NM_MUN":"Eldorado","SIGLA":"SP","AREA_KM2":1654.256}},
{"type":"Feature","geometry":{"type":"Polygon","coordinates":[[[-47.290614868,-23.043708733],[-47.38876558999998,-22.98364414699995],[-47.445559417999945,-23.022279929999954],[-47.42821046699996,-23.101092736999952],[-47.418539577999944,-23.16867759799989],[-47.389562,-23.154663999],[-47.300718,-23.11277299899995],[-47.290614868,-23.043708733]]]},"properties":{"CD_MUN":"3514908","NM_MUN":"Elias Fausto","SIGLA":"SP","AREA_KM2":202.36}},
{"type":"Feature","geometry":{"type":"Polygon","coordinates":[[[-49.045647773999974,-21.13549400999993],[-49.11987455999995,-21.085215197999982],[-49.15331025099994,-21.184693609999936],[-49.14487930999993,-21.187394314999928],[-49.09133145599995,-21.221217442],[-49.045647773999974,-21.13549400999993]]]},"properties":{"CD_MUN":"3514924","NM_MUN":"Elisiário","SIGLA":"SP","AREA_KM2":93.98}},
{"type":"Feature","geometry":{"type":"Polygon","coordinates":[[[-48.79559039099998,-20.935550710999937],[-48.907115607999984,-20.892289447999932],[-48.908734653999915,-20.91532486599995],[-48.85957064499992,-21.006077591999937],[-48.84429346399994,-21.01551506299991],[-48.79559039099998,-20.935550710999937]]]},"properties":{"CD_MUN":"3514957","NM_MUN":"Embaúba","SIGLA":"SP","AREA_KM2":83.129}},
{"type":"Feature","geometry":{"type":"Polygon","coordinates":[[[-46.79271299999989,-23.647190998999932],[-46.810173,-23.61010999899996],[-46.887452,-23.66784799899998],[-46.80153635899995,-23.685368747999966],[-46.79271299999989,-23.647190998999932]]]},"properties":{"CD_MUN":"3515004","NM_MUN":"Embu das Artes","SIGLA":"SP","AREA_KM2":70.398}},
{"type":"Feature","geometry":{"type":"Polygon","coordinates":[[[-46.777421,-23.767174998999927],[-46.87202132899994,-23.797181054],[-46.849394435999976,-23.86248096599998],[-46.912183189999915,-23.934384931999965],[-46.810684,-23.920463998999928],[-46.762574,-23.82786499899995],[-46.777421,-23.767174998999927]]]},"properties":{"CD_MUN":"3515103","NM_MUN":"Embu-Guaçu","SIGLA":"SP","AREA_KM2":155.641}},
{"type":"Feature","geometry":{"type":"Polygon","coordinates":[[[-51.39455403899993,-21.74476132699997],[-51.496450781999954,-21.707439827],[-51.511871806999935,-21.70175632599994],[-51.573570304,-21.85072797799995],[-51.42287235099998,-21.87371742999998],[-51.39455403899993,-21.74476132699997]]]},"properties":{"CD_MUN":"3515129","NM_MUN":"Emilianópolis","SIGLA":"SP","AREA_KM2":225.167}},
{"type":"Feature","geometry":{"type":"Polygon","coordinates":[[[-47.18890757400002,-22.432671580999983],[-47.252896683999985,-22.47686236599998],[-47.236573804999985,-22.520592079999933],[-47.12446735699995,-22.526430180999988],[-47.08635420199993,-22.47423492400001],[-47.13604003499993,-22.469887591999935],[-47.18890757400002,-22.432671580999983]]]},"properties":{"CD_MUN":"3515152","NM_MUN":"Engenheiro Coelho","SIGLA":"SP","AREA_KM2":109.941}},
{"type":"Feature","geometry":{"type":"Polygon","coordinates":[[[-46.746631146999924,-22.09243818199994],[-46.89206600799995,-22.086022503999967],[-46.87485035199998,-22.113137791999957],[-46.89708161399999,-22.20488471099996],[-46.89999490299989,-22.245745143],[-46.791257619,-22.297321156999903],[-46.723260253999946,-22.306623841],[-46.67184436699998,-22.178340471999967],[-46.746631146999924,-22.09243818199994]]]},"properties":{"CD_MUN":"3515186","NM_MUN":"Espírito Santo do Pinhal","SIGLA":"SP","AREA_KM2":389.235}},
{"type":"Feature","geometry":{"type":"Polygon","coordinates":[[[-49.351007028999945,-22.642557496999913],[-49.453609128999986,-22.58396758299993],[-49.50669699299992,-22.646174794999983],[-49.495144132999975,-22.72720620899996],[-49.37981220799996,-22.733927891999937],[-49.351007028999945,-22.642557496999913]]]},"properties":{"CD_MUN":"3515194","NM_MUN":"Espírito Santo do Turvo","SIGLA":"SP","AREA_KM2":193.666}},
{"type":"Feature","geometry":{"type":"Polygon","coordinates":[[[-50.339392001,-20.338469090999975],[-50.330908151999964,-20.30194372599997],[-50.388964621999946,-20.106031340999984],[-50.393950997999966,-20.103596946],[-50.45066090599992,-20.15888717],[-50.46580967899993,-20.236926099999906],[-50.46865966499993,-20.390465656999943],[-50.430178627999936,-20.41234545399991],[-50.339392001,-20.338469090999975]]]},"properties":{"CD_MUN":"3515202","NM_MUN":"Estrela d'Oeste","SIGLA":"SP","AREA_KM2":296.281}},
{"type":"Feature","geometry":{"type":"Polygon","coordinates":[[[-51.57097467399991,-22.3988718759999],[-51.65704460399995,-22.443218768999937],[-51.71114831300001,-22.39239643499996],[-51.784409366999924,-22.534776344],[-51.61824433299992,-22.55822075000001],[-51.57326670199993,-22.489089991999975],[-51.57097467399991,-22.3988718759999]]]},"properties":{"CD_MUN":"3515301","NM_MUN":"Estrela do Norte","SIGLA":"SP","AREA_KM2":264.987}},
{"type":"Feature","geometry":{"type":"Polygon","coordinates":[[[-52.44569249700001,-22.60827962099997],[-52.486160713999936,-22.411317397999895],[-52.611579088999974,-22.401559148999937],[-52.73231975199997,-22.52466520299988],[-52.76431061499995,-22.608636888999953],[-52.69710537899989,-22.627006571999928],[-52.589344441999955,-22.566096591999916],[-52.49882355599997,-22.63422997199994],[-52.44569249700001,-22.60827962099997]]]},"properties":{"CD_MUN":"3515350","NM_MUN":"Euclides da Cunha Paulista","SIGLA":"SP","AREA_KM2":573.894}},
{"type":"Feature","geometry":{"type":"Polygon","coordinates":[[[-49.54035679399997,-23.280607050999933],[-49.627145888,-23.281772756999928],[-49.59806866699996,-23.45823259199996],[-49.566674399999954,-23.494164403999974],[-49.476407917999964,-23.54087519599993],[-49.44839414799997,-23.421267491999984],[-49.39501011799996,-23.395513826999945],[-49.41831235800002,-23.336737497999906],[-49.441890879999946,-23.335768695999946],[-49.54035679399997,-23.280607050999933]]]},"properties":{"CD_MUN":"3515400","NM_MUN":"Fartura","SIGLA":"SP","AREA_KM2":429.171}},
{"type":"Feature","geometry":{"type":"Polygon","coordinates":[[[-50.22203420899995,-20.20536488899994],[-50.308809874999945,-20.088590280999927],[-50.388964621999946,-20.106031340999984],[-50.330908151999964,-20.30194372599997],[-50.339392001,-20.338469090999975],[-50.32251992599994,-20.407023356],[-50.372971199999945,-20.472697763999967],[-50.311342764,-20.469385171999885],[-50.14504047899992,-20.313725394999924],[-50.16410382999992,-20.242415237999953],[-50.22203420899995,-20.20536488899994]]]},"properties":{"CD_MUN":"3515509","NM_MUN":"Fernandópolis","SIGLA":"SP","AREA_KM2":549.797}},
{"type":"Feature","geometry":{"type":"Polygon","coordinates":[[[-48.619296976999955,-21.286933095999903],[-48.69554135199998,-21.220914268999955],[-48.74138319199999,-21.245616672999965],[-48.75429710600001,-21.420693893],[-48.72573939999995,-21.420047336999968],[-48.68460587699996,-21.382988298999948],[-48.619296976999955,-21.286933095999903]]]},"properties":{"CD_MUN":"3515608","NM_MUN":"Fernando Prestes","SIGLA":"SP","AREA_KM2":169.99}},
{"type":"Feature","geometry":{"type":"Polygon","coordinates":[[[-49.459180557,-22.337458565999988],[-49.570939838,-22.32459720699996],[-49.60393007699999,-22.44307698699993],[-49.51279238899994,-22.395682672],[-49.459180557,-22.337458565999988]]]},"properties":{"CD_MUN":"3515657","NM_MUN":"Fernão","SIGLA":"SP","AREA_KM2":100.504}},
{"type":"Feature","geometry":{"type":"Polygon","coordinates":[[[-46.366395679999975,-23.51215580599991],[-46.394784089999966,-23.61251833499992],[-46.38388517299995,-23.61771861899996],[-46.383416,-23.617662998999975],[-46.34999110499997,-23.573511149999916],[-46.366395679999975,-23.51215580599991]]]},"properties":{"CD_MUN":"3515707","NM_MUN":"Ferraz de Vasconcelos","SIGLA":"SP","AREA_KM2":29.547}},
{"type":"Feature","geometry":{"type":"Polygon","coordinates":[[[-51.35470015699994,-21.63566324299998],[-51.413753571,-21.642894652999942],[-51.496450781999954,-21.707439827],[-51.39455403899993,-21.74476132699997],[-51.342953016999914,-21.774569372],[-51.28356117199992,-21.72166860899992],[-51.26500614099997,-21.675153819999924],[-51.35470015699994,-21.63566324299998]]]},"properties":{"CD_MUN":"3515806","NM_MUN":"Flora Rica","SIGLA":"SP","AREA_KM2":224.711}},
{"type":"Feature","geometry":{"type":"Polygon","coordinates":[[[-50.120168512,-20.52165102999993],[-50.13825222599994,-20.521091649],[-50.1707999069999,-20.615678364999965],[-50.25050327499996,-20.73673710599998],[-50.11406531899995,-20.763454233999976],[-50.1229904209999,-20.682965440999954],[-50.088490565999976,-20.630705355999943],[-50.120168512,-20.52165102999993]]]},"properties":{"CD_MUN":"3515905","NM_MUN":"Floreal","SIGLA":"SP","AREA_KM2":204.236}},
{"type":"Feature","geometry":{"type":"Polygon","coordinates":[[[-51.144970959999924,-21.374405674999917],[-51.21414878499994,-21.35478896699997],[-51.234939029,-21.45031297499994],[-51.232698663999905,-21.628779177999977],[-51.26500614099997,-21.675153819999924],[-51.28356117199992,-21.72166860899992],[-51.24175193999997,-21.73634342599998],[-51.177310667,-21.692428280999962],[-51.080197498,-21.61489506999997],[-51.10868525399994,-21.529339685999958],[-51.05875571999994,-21.398550927000013],[-51.144970959999924,-21.374405674999917]]]},"properties":{"CD_MUN":"3516002","NM_MUN":"Flórida Paulista","SIGLA":"SP","AREA_KM2":524.138}},
{"type":"Feature","geometry":{"type":"Polygon","coordinates":[[[-50.55226743699991,-22.84061073999993],[-50.60506182499991,-22.872562712999986],[-50.70627643199998,-22.772774190999954],[-50.717514536,-22.800563091],[-50.76053080599998,-22.880753446999925],[-50.823622647999954,-22.86613776599996],[-50.80614622999999,-22.940299332999956],[-50.70983876999995,-22.95344219799992],[-50.66354613699994,-22.895669203999937],[-50.57724281799995,-22.904007095999965],[-50.55226743699991,-22.84061073999993]]]},"properties":{"CD_MUN":"3516101","NM_MUN":"Florínea","SIGLA":"SP","AREA_KM2":225.886}},
{"type":"Feature","geometry":{"type":"Polygon","coordinates":[[[-47.293456580999944,-20.418655153],[-47.50004361999995,-20.456363825999944],[-47.552532761,-20.512582284],[-47.52867494099996,-20.562724154999987],[-47.39824105999998,-20.614174455999965],[-47.413018720999936,-20.66630193299993],[-47.50912840599996,-20.72485366199995],[-47.452669622,-20.759871034999975],[-47.36686540399992,-20.71250216299992],[-47.35828257699996,-20.62399135799998],[-47.239879879999975,-20.523344601],[-47.144179728,-20.54081384199998],[-47.291011293999944,-20.450549889999934],[-47.293456580999944,-20.418655153]]]},"properties":{"CD_MUN":"3516200","NM_MUN":"Franca","SIGLA":"SP","AREA_KM2":605.679}},
{"type":"Feature","geometry":{"type":"Polygon","coordinates":[[[-46.70406040399994,-23.252124061999936],[-46.783686,-23.265377998999938],[-46.717781,-23.30235199899994],[-46.638447,-23.257665999],[-46.70406040399994,-23.252124061999936]]]},"properties":{"CD_MUN":"3516309","NM_MUN":"Francisco Morato","SIGLA":"SP","AREA_KM2":49.001}},
{"type":"Feature","geometry":{"type":"Polygon","coordinates":[[[-46.783686,-23.265377998999938],[-46.802599,-23.257114998999974],[-46.838064,-23.287843999],[-46.82367399099993,-23.330977195999893],[-46.670187,-23.363095998999896],[-46.637107,-23.258079998999968],[-46.638447,-23.257665999],[-46.717781,-23.30235199899994],[-46.783686,-23.265377998999938]]]},"properties":{"CD_MUN":"3516408","NM_MUN":"Franco da Rocha","SIGLA":"SP","AREA_KM2":132.775}},
{"type":"Feature","geometry":{"type":"Polygon","coordinates":[[[-50.55378674499995,-21.449887741999927],[-50.62227111699997,-21.45171894999992],[-50.65276425499994,-21.49297937999993],[-50.541052632999964,-21.573559079999924],[-50.493312861999954,-21.52188946999992],[-50.55378674499995,-21.449887741999927]]]},"properties":{"CD_MUN":"3516507","NM_MUN":"Gabriel Monteiro","SIGLA":"SP","AREA_KM2":138.681}},
{"type":"Feature","geometry":{"type":"Polygon","coordinates":[[[-49.45898110900002,-22.24107293299996],[-49.530037935999985,-22.181593134999975],[-49.65247516999993,-22.26801110199995],[-49.65615308699995,-22.372761706999942],[-49.72899528600003,-22.376559986999975],[-49.70381568499997,-22.439348605],[-49.62851178999996,-22.469153382999938],[-49.60393007699999,-22.44307698699993],[-49.570939838,-22.32459720699996],[-49.459180557,-22.337458565999988],[-49.42280004699999,-22.294202242999948],[-49.45898110900002,-22.24107293299996]]]},"properties":{"CD_MUN":"3516606","NM_MUN":"Gália","SIGLA":"SP","AREA_KM2":355.914}},
{"type":"Feature","geometry":{"type":"Polygon","coordinates":[[[-49.55642068999994,-22.129803317999972],[-49.633629198999984,-22.07596907600001],[-49.70737860199998,-22.141932406999985],[-49.82473609899991,-22.11245032399992],[-49.75013546299991,-22.20303264999993],[-49.743051301999955,-22.293037738999963],[-49.85472227900003,-22.356918382999922],[-49.73546761099989,-22.382319983999963],[-49.72899528600003,-22.376559986999975],[-49.65615308699995,-22.372761706999942],[-49.65247516999993,-22.26801110199995],[-49.530037935999985,-22.181593134999975],[-49.55642068999994,-22.129803317999972]]]},"properties":{"CD_MUN":"3516705","NM_MUN":"Garça","SIGLA":"SP","AREA_KM2":555.807}},
{"type":"Feature","geometry":{"type":"Polygon","coordinates":[[[-50.11406531899995,-20.763454233999976],[-50.25050327499996,-20.73673710599998],[-50.265422787,-20.752183167999902],[-50.290588283999966,-20.835730818999973],[-50.16385966399996,-20.874882875999976],[-50.121288144999916,-20.83111612399998],[-50.11406531899995,-20.763454233999976]]]},"properties":{"CD_MUN":"3516804","NM_MUN":"Gastão Vidigal","SIGLA":"SP","AREA_KM2":180.569}},
{"type":"Feature","geometry":{"type":"Polygon","coordinates":[[[-48.33082345199992,-21.697300794999972],[-48.444108257000025,-21.723622609999946],[-48.59451757899997,-21.845899425999935],[-48.51658584899995,-21.86931862599991],[-48.39658212399993,-21.854154061999918],[-48.33082345199992,-21.697300794999972]]]},"properties":{"CD_MUN":"3516853","NM_MUN":"Gavião Peixoto","SIGLA":"SP","AREA_KM2":243.766}},
{"type":"Feature","geometry":{"type":"Polygon","coordinates":[[[-50.448533378,-20.48622006499997],[-50.554147046,-20.52834101599995],[-50.476507542,-20.68776609799997],[-50.50558269499989,-20.7616059229999],[-50.43216044699996,-20.797491859999937],[-50.39762822799993,-20.723398440999983],[-50.29619270299996,-20.712773082999956],[-50.28588205199995,-20.586025912999926],[-50.395910278999985,-20.568268940999932],[-50.448533378,-20.48622006499997]]]},"properties":{"CD_MUN":"3516903","NM_MUN":"General Salgado","SIGLA":"SP","AREA_KM2":494.376}},
{"type":"Feature","geometry":{"type":"Polygon","coordinates":[[[-50.10774115799991,-21.683929766999963],[-50.24589624499997,-21.696749201999985],[-50.27330213099994,-21.70928348499995],[-50.128051877,-21.817020591999956],[-50.06033275899996,-21.87445571099996],[-49.96670906299993,-21.94016552899992],[-49.89725670499993,-21.870873988],[-49.838872304,-21.760509880999965],[-49.86908495399993,-21.740529121999916],[-49.91323526299995,-21.706379935999962],[-50.10774115799991,-21.683929766999963]]]},"properties":{"CD_MUN":"3517000","NM_MUN":"Getulina","SIGLA":"SP","AREA_KM2":676.755}},
{"type":"Feature","geometry":{"type":"Polygon","coordinates":[[[-50.25903602099994,-21.494181149999978],[-50.15066477699996,-21.417876301000014],[-50.12888734499994,-21.195519088999912],[-50.15131612499994,-21.13988607299998],[-50.15730428399998,-21.136370021999937],[-50.20627710599996,-21.25841444999997],[-50.253557957999924,-21.40062145],[-50.29962572199997,-21.457041202999925],[-50.25903602099994,-21.494181149999978]]]},"properties":{"CD_MUN":"3517109","NM_MUN":"Glicério","SIGLA":"SP","AREA_KM2":272.8}},
{"type":"Feature","geometry":{"type":"Polygon","coordinates":[[[-49.633019175999955,-21.48911972499997],[-49.69699518799999,-21.36267740299994],[-49.762351,-21.553102998999982],[-49.813623,-21.558654998999902],[-49.849561,-21.675016998999972],[-49.91323526299995,-21.706379935999962],[-49.86908495399993,-21.740529121999916],[-49.68688205199989,-21.523468725999937],[-49.633019175999955,-21.48911972499997]]]},"properties":{"CD_MUN":"3517208","NM_MUN":"Guaiçara","SIGLA":"SP","AREA_KM2":277.154}},
{"type":"Feature","geometry":{"type":"Polygon","coordinates":[[[-49.77208522699989,-21.804372094999955],[-49.838872304,-21.760509880999965],[-49.89725670499993,-21.870873988],[-49.96670906299993,-21.94016552899992],[-49.88209929,-21.97004114499995],[-49.80935515899995,-21.890266265999934],[-49.77208522699989,-21.804372094999955]]]},"properties":{"CD_MUN":"3517307","NM_MUN":"Guaimbê","SIGLA":"SP","AREA_KM2":217.811}},
{"type":"Feature","geometry":{"type":"Polygon","coordinates":[[[-48.149788638,-20.289554309],[-48.15589540899998,-20.23570695499993],[-48.34897366999995,-20.185455155999907],[-48.45161586899992,-20.125873735999953],[-48.593247428999945,-20.135811745999952],[-48.64692569199997,-20.167000729999938],[-48.59352627199993,-20.17504447899997],[-48.51998050599999,-20.245854733999966],[-48.51005629599997,-20.298709360999965],[-48.47790520999997,-20.428081460999934],[-48.38365494499996,-20.537161397999935],[-48.28073758199995,-20.470669736999945],[-48.21135005099998,-20.455011971],[-48.18901687199998,-20.340331728],[-48.149788638,-20.289554309]]]},"properties":{"CD_MUN":"3517406","NM_MUN":"Guaíra","SIGLA":"SP","AREA_KM2":1258.465}},
{"type":"Feature","geometry":{"type":"Polygon","coordinates":[[[-49.11887156999992,-20.604417590999944],[-49.1306514249999,-20.59458151699994],[-49.17876362999991,-20.661976933999924],[-49.266452,-20.679998999],[-49.281981,-20.77118099899998],[-49.257167,-20.851152998999964],[-49.141822624999975,-20.82480529299998],[-49.09882807400001,-20.78299923799994],[-49.12915351299995,-20.67574545399996],[-49.11887156999992,-20.604417590999944]]]},"properties":{"CD_MUN":"3517505","NM_MUN":"Guapiaçu","SIGLA":"SP","AREA_KM2":325.126}},
{"type":"Feature","geometry":{"type":"Polygon","coordinates":[[[-48.56935230199994,-24.090608163999917],[-48.660838257999934,-24.14328230399999],[-48.645074921999964,-24.332039190999986],[-48.605173333000025,-24.332212199],[-48.43112331599998,-24.26374769399994],[-48.420945923,-24.1801950629999],[-48.56935230199994,-24.090608163999917]]]},"properties":{"CD_MUN":"3517604","NM_MUN":"Guapiara","SIGLA":"SP","AREA_KM2":408.292}},
{"type":"Feature","geometry":{"type":"Polygon","coordinates":[[[-47.62662062499993,-20.480357225],[-47.801551850999964,-20.392233080999986],[-47.914434832999945,-20.41651867799997],[-47.91655564400001,-20.434034974999946],[-47.788340556999934,-20.581043984999923],[-47.74302737599997,-20.595483517999966],[-47.62662062499993,-20.480357225]]]},"properties":{"CD_MUN":"3517703","NM_MUN":"Guará","SIGLA":"SP","AREA_KM2":362.183}},
{"type":"Feature","geometry":{"type":"Polygon","coordinates":[[[-51.14296992,-20.854529249999896],[-51.24213489399995,-20.858058732999982],[-51.198164880999926,-20.950195640999922],[-51.33042798199991,-21.111351494999973],[-51.405392070999966,-21.135425328999933],[-51.48550792499995,-21.232527150999978],[-51.32883303700002,-21.292511031999926],[-51.30672056999998,-21.17193256999995],[-51.207140621999976,-21.093250364999925],[-51.11651655899989,-20.98862379599998],[-51.14296992,-20.854529249999896]]]},"properties":{"CD_MUN":"3517802","NM_MUN":"Guaraçaí","SIGLA":"SP","AREA_KM2":569.197}},
{"type":"Feature","geometry":{"type":"Polygon","coordinates":[[[-48.88645793499997,-20.43688908599993],[-48.96303031699995,-20.40312151599993],[-48.97202319799991,-20.207790346999985],[-49.06747975499998,-20.154743511999982],[-49.120718688999986,-20.27052818599998],[-49.07551666299998,-20.35604439899995],[-49.08895944299998,-20.41898129499998],[-49.01093724199994,-20.51196848499993],[-48.99011338999994,-20.58172844699989],[-48.85223355899992,-20.54479500699996],[-48.88645793499997,-20.43688908599993]]]},"properties":{"CD_MUN":"3517901","NM_MUN":"Guaraci","SIGLA":"SP","AREA_KM2":641.501}},
{"type":"Feature","geometry":{"type":"Polygon","coordinates":[[[-50.308809874999945,-20.088590280999927],[-50.295501792,-20.017378755999946],[-50.33159832699995,-20.035871605999898],[-50.422917364999904,-20.054529755999937],[-50.393950997999966,-20.103596946],[-50.388964621999946,-20.106031340999984],[-50.308809874999945,-20.088590280999927]]]},"properties":{"CD_MUN":"3518008","NM_MUN":"Guarani d'Oeste","SIGLA":"SP","AREA_KM2":85.7}},
{"type":"Feature","geometry":{"type":"Polygon","coordinates":[[[-49.402904085999936,-21.826124895999985],[-49.43134870799996,-21.779358224999932],[-49.546038927,-21.856471361999983],[-49.65856220799998,-21.860076421999928],[-49.73417830699997,-21.940553140999928],[-49.740682420999974,-22.026211235999913],[-49.695517916999975,-22.04450116099995],[-49.58498920599992,-21.98472405099997],[-49.402904085999936,-21.826124895999985]]]},"properties":{"CD_MUN":"3518107","NM_MUN":"Guarantã","SIGLA":"SP","AREA_KM2":461.746}},
{"type":"Feature","geometry":{"type":"Polygon","coordinates":[[[-50.62227111699997,-21.45171894999992],[-50.544895002,-21.252222448999945],[-50.63910145299994,-21.07135068899991],[-50.79730475899994,-20.98522117899991],[-50.80234747,-21.059759493999906],[-50.74575342999996,-21.09464055800002],[-50.79500208300003,-21.186962647],[-50.7359521929999,-21.199048065999957],[-50.69442548199998,-21.262355107999973],[-50.72186054399996,-21.380603038999944],[-50.873626303999956,-21.48916661399994],[-50.80924265299995,-21.56008193499993],[-50.773520256999944,-21.544623325999943],[-50.65276425499994,-21.49297937999993],[-50.62227111699997,-21.45171894999992]]]},"properties":{"CD_MUN":"3518206","NM_MUN":"Guararapes","SIGLA":"SP","AREA_KM2":955.637}},
{"type":"Feature","geometry":{"type":"Polygon","coordinates":[[[-45.987384941999935,-23.419775956999942],[-46.101475,-23.308597999],[-46.157484795999984,-23.342808558999963],[-46.139665,-23.44039799899994],[-46.077039,-23.514674998999986],[-45.992664,-23.51991599900002],[-45.961913132999946,-23.497051212],[-45.987384941999935,-23.419775956999942]]]},"properties":{"CD_MUN":"3518305","NM_MUN":"Guararema","SIGLA":"SP","AREA_KM2":270.816}},
{"type":"Feature","geometry":{"type":"Polygon","coordinates":[[[-45.20373855499999,-22.655917244999966],[-45.269105088999964,-22.611445717],[-45.39998589999989,-22.653680295999976],[-45.439128102999966,-22.703407075],[-45.345993976999935,-22.788641608999924],[-45.2374557159999,-22.82430576799991],[-45.200218794,-22.841080696999917],[-45.23438670399999,-23.001112731999974],[-45.15595122199995,-23.015428108999956],[-45.11076748399995,-23.007621797999946],[-45.029280901999975,-22.92066605699997],[-45.1005786659999,-22.877457754],[-45.14504270399994,-22.743009792999977],[-45.20373855499999,-22.655917244999966]]]},"properties":{"CD_MUN":"3518404","NM_MUN":"Guaratinguetá","SIGLA":"SP","AREA_KM2":752.636}},
{"type":"Feature","geometry":{"type":"Polygon","coordinates":[[[-48.24143169499992,-23.280234656999944],[-48.30035529999998,-23.257878963999943],[-48.360145787,-23.303005253999984],[-48.356071798999984,-23.375321526999983],[-48.261636139999915,-23.466745134999968],[-48.19284268899999,-23.490207212999934],[-48.04875235099992,-23.424291799999928],[-48.08327425799998,-23.37275108399993],[-48.13875547599997,-23.271195635999987],[-48.15520187699997,-23.261838587999918],[-48.24143169499992,-23.280234656999944]]]},"properties":{"CD_MUN":"3518503","NM_MUN":"Guareí","SIGLA":"SP","AREA_KM2":567.884}},
{"type":"Feature","geometry":{"type":"Polygon","coordinates":[[[-48.141484274999975,-21.317558580999982],[-48.25984471899993,-21.319700503999925],[-48.31181643599997,-21.36074665699997],[-48.335839584,-21.385244895999964],[-48.28255517099997,-21.481297165999944],[-48.234652882999924,-21.473750383],[-48.11350269399998,-21.42058573499993],[-48.141484274999975,-21.317558580999982]]]},"properties":{"CD_MUN":"3518602","NM_MUN":"Guariba","SIGLA":"SP","AREA_KM2":270.289}},
{"type":"Feature","geometry":{"type":"Polygon","coordinates":[[[-46.306326252999966,-23.993083459999966],[-46.197756877999936,-23.994776252999962],[-46.13319401099993,-23.856505929999962],[-46.177804,-23.888887998999984],[-46.311652,-23.92793499899991],[-46.306326252999966,-23.993083459999966]]]},"properties":{"CD_MUN":"3518701","NM_MUN":"Guarujá","SIGLA":"SP","AREA_KM2":144.794}},
{"type":"Feature","geometry":{"type":"Polygon","coordinates":[[[-46.336536,-23.334759998999978],[-46.364157,-23.274082998999965],[-46.418451,-23.31631899899996],[-46.535438,-23.363304998999958],[-46.570486,-23.458770998999924],[-46.386653,-23.474675998999984],[-46.358421,-23.43727799899998],[-46.336536,-23.334759998999978]]]},"properties":{"CD_MUN":"3518800","NM_MUN":"Guarulhos","SIGLA":"SP","AREA_KM2":318.675}},
{"type":"Feature","geometry":{"type":"Polygon","coordinates":[[[-47.989154,-21.309371998999946],[-47.99466,-21.304699999],[-48.02990921499994,-21.379695494],[-48.108946855999974,-21.42933819999998],[-48.074270012999975,-21.479238513999963],[-47.96424604899993,-21.598262205],[-47.92717681999996,-21.575967339999966],[-47.88742804199997,-21.50103371099995],[-47.894949,-21.380400998999924],[-47.905991,-21.368056998999982],[-47.989154,-21.309371998999946]]]},"properties":{"CD_MUN":"3518859","NM_MUN":"Guatapará","SIGLA":"SP","AREA_KM2":413.567}},
{"type":"Feature","geometry":{"type":"Polygon","coordinates":[[[-50.67930696799989,-20.530096062999945],[-50.768650960999935,-20.54474029199996],[-50.79977256799994,-20.671376846999987],[-50.685546751999965,-20.707797049999908],[-50.617117774999905,-20.658953555999968],[-50.67930696799989,-20.530096062999945]]]},"properties":{"CD_MUN":"3518909","NM_MUN":"Guzolândia","SIGLA":"SP","AREA_KM2":252.477}},
{"type":"Feature","geometry":{"type":"Polygon","coordinates":[[[-50.27045737500002,-21.841744544999973],[-50.338038561999916,-21.806518008999962],[-50.362124809999926,-21.827714882999913],[-50.404743729999986,-21.859864775999913],[-50.41531595299997,-21.96439504399997],[-50.497989570999934,-22.014385148999924],[-50.483843673999935,-22.08053562199993],[-50.34501826499992,-22.061990852999944],[-50.28469189799998,-21.95950102799996],[-50.27045737500002,-21.841744544999973]]]},"properties":{"CD_MUN":"3519006","NM_MUN":"Herculândia","SIGLA":"SP","AREA_KM2":364.252}},
{"type":"Feature","geometry":{"type":"Polygon","coordinates":[[[-47.04829780799999,-22.57026178099993],[-47.05478093599994,-22.570681517999933],[-47.09742050699994,-22.635304063],[-47.10345842,-22.690119599999967],[-47.073858048999924,-22.68031769199995],[-47.03139790099994,-22.618998132999888],[-47.04829780799999,-22.57026178099993]]]},"properties":{"CD_MUN":"3519055","NM_MUN":"Holambra","SIGLA":"SP","AREA_KM2":65.577}},
{"type":"Feature","geometry":{"type":"Polygon","coordinates":[[[-47.157707926999954,-22.860892818999957],[-47.228112,-22.827254998999948],[-47.257663,-22.898798999],[-47.246767,-22.909477998999925],[-47.157707926999954,-22.860892818999957]]]},"properties":{"CD_MUN":"3519071","NM_MUN":"Hortolândia","SIGLA":"SP","AREA_KM2":62.416}},
{"type":"Feature","geometry":{"type":"Polygon","coordinates":[[[-48.892171,-21.906656956999946],[-48.98983783399997,-21.827430542999924],[-48.97312279099994,-21.758612157999977],[-49.084027044999985,-21.7555948369999],[-49.1045031699999,-21.7509993799999],[-49.152116839999955,-21.859706276999944],[-49.123307942999986,-21.922535594999957],[-49.134380523999894,-22.049886476999934],[-49.02356326199994,-22.01579681599993],[-48.90300262199993,-21.933303983],[-48.892171,-21.906656956999946]]]},"properties":{"CD_MUN":"3519105","NM_MUN":"Iacanga","SIGLA":"SP","AREA_KM2":547.393}},
{"type":"Feature","geometry":{"type":"Polygon","coordinates":[[[-50.60958022999992,-21.65692500099997],[-50.61520202899993,-21.658907166999928],[-50.63491115799998,-21.7666428119999],[-50.71835352999996,-21.799533412],[-50.7370964039999,-21.877559690999924],[-50.66488089899998,-21.935307129999924],[-50.59940509699993,-21.84409334899989],[-50.539973128,-21.814729263999908],[-50.517062477999914,-21.709925688999885],[-50.60958022999992,-21.65692500099997]]]},"properties":{"CD_MUN":"3519204","NM_MUN":"Iacri","SIGLA":"SP","AREA_KM2":321.948}},
{"type":"Feature","geometry":{"type":"Polygon","coordinates":[[[-48.98342832299997,-22.84051073399992],[-49.095332817,-22.666890813999938],[-49.18299122099994,-22.72417763899993],[-49.172145252999954,-22.9397060539999],[-49.00471454899994,-22.88754409300001],[-48.98342832299997,-22.84051073399992]]]},"properties":{"CD_MUN":"3519253","NM_MUN":"Iaras","SIGLA":"SP","AREA_KM2":401.381}},
{"type":"Feature","geometry":{"type":"Polygon","coordinates":[[[-48.09118072300002,-22.06001170199997],[-47.99575705499991,-22.029911009999967],[-47.924270911999955,-21.896630106999968],[-47.96885385699998,-21.820007868999944],[-48.06984049100002,-21.952930138999935],[-48.165975519000014,-21.971789339999912],[-48.09118072300002,-22.06001170199997]]]},"properties":{"CD_MUN":"3519303","NM_MUN":"Ibaté","SIGLA":"SP","AREA_KM2":290.978}},
{"type":"Feature","geometry":{"type":"Polygon","coordinates":[[[-49.13124754800002,-21.070458474999985],[-49.257522911,-20.958518096],[-49.311280183,-21.009041958999983],[-49.31629080999997,-21.127071507],[-49.22691532199998,-21.124489406999967],[-49.15331025099994,-21.184693609999936],[-49.11987455999995,-21.085215197999982],[-49.13124754800002,-21.070458474999985]]]},"properties":{"CD_MUN":"3519402","NM_MUN":"Ibirá","SIGLA":"SP","AREA_KM2":271.912}},
{"type":"Feature","geometry":{"type":"Polygon","coordinates":[[[-50.010054784,-22.784304296999967],[-50.10632451699994,-22.680746981999942],[-50.12289109399994,-22.715278565999917],[-50.09901563399996,-22.782400895999952],[-50.13309545199995,-22.939944669999925],[-50.05284323599996,-22.905514561],[-50.00866191699995,-22.786701139999952],[-50.010054784,-22.784304296999967]]]},"properties":{"CD_MUN":"3519501","NM_MUN":"Ibirarema","SIGLA":"SP","AREA_KM2":228.23}},
{"type":"Feature","geometry":{"type":"Polygon","coordinates":[[[-48.72676694499997,-21.686707513999934],[-48.79554501699996,-21.71635574599998],[-48.911524743999934,-21.67420496700002],[-49.00514228799999,-21.69867333999994],[-49.084027044999985,-21.7555948369999],[-48.97312279099994,-21.758612157999977],[-48.98983783399997,-21.827430542999924],[-48.892171,-21.906656956999946],[-48.72668903299992,-21.89099890199998],[-48.678904367000015,-21.927797497999943],[-48.657864799999935,-21.84463723699995],[-48.66972750099993,-21.831593509999934],[-48.74067893299998,-21.77562414899997],[-48.72676694499997,-21.686707513999934]]]},"properties":{"CD_MUN":"3519600","NM_MUN":"Ibitinga","SIGLA":"SP","AREA_KM2":689.391}},
{"type":"Feature","geometry":{"type":"Polygon","coordinates":[[[-47.205324,-23.61667499899994],[-47.27727461099997,-23.59718945299992],[-47.29684671499996,-23.60365436099997],[-47.36843195499995,-23.63376673099996],[-47.297058147999955,-23.754419789999893],[-47.277658367999926,-23.836300679],[-47.37221053499995,-23.88944978199993],[-47.38859029399995,-23.98287121799992],[-47.35520691199994,-24.021785823],[-47.19995322399992,-24.00059496499992],[-47.129134144,-23.860636838999895],[-47.02878762099997,-23.846193592999988],[-46.988924,-23.80081199899996],[-47.019318,-23.788505998999966],[-47.081456,-23.653179998999953],[-47.205324,-23.61667499899994]]]},"properties":{"CD_MUN":"3519709","NM_MUN":"Ibiúna","SIGLA":"SP","AREA_KM2":1058.082}},
{"type":"Feature","geometry":{"type":"Polygon","coordinates":[[[-49.25969311599998,-20.258760112999905],[-49.30831410599998,-20.311485944],[-49.2668296099999,-20.42099398599989],[-49.219606774999946,-20.471894900999885],[-49.12381953099995,-20.457858001999938],[-49.08895944299998,-20.41898129499998],[-49.07551666299998,-20.35604439899995],[-49.120718688999986,-20.27052818599998],[-49.18356251999995,-20.314659810999967],[-49.25969311599998,-20.258760112999905]]]},"properties":{"CD_MUN":"3519808","NM_MUN":"Icém","SIGLA":"SP","AREA_KM2":362.355}},
{"type":"Feature","geometry":{"type":"Polygon","coordinates":[[[-50.945036062,-22.675002363999983],[-50.9729929169999,-22.544284622999964],[-51.0999747719999,-22.486867588999946],[-51.13481853399995,-22.604366233999915],[-51.21373746899992,-22.723667543],[-51.12792314299998,-22.75999255599995],[-50.97867808099991,-22.782609754999914],[-50.945036062,-22.675002363999983]]]},"properties":{"CD_MUN":"3519907","NM_MUN":"Iepê","SIGLA":"SP","AREA_KM2":594.974}},
{"type":"Feature","geometry":{"type":"Polygon","coordinates":[[[-48.490330722,-22.54607629199997],[-48.62109516499997,-22.501914713],[-48.65321583299995,-22.532407447999923],[-48.645105129999976,-22.53709305900001],[-48.56078761199997,-22.587183040999967],[-48.490330722,-22.54607629199997]]]},"properties":{"CD_MUN":"3520004","NM_MUN":"Igaraçu do Tietê","SIGLA":"SP","AREA_KM2":97.747}},
{"type":"Feature","geometry":{"type":"Polygon","coordinates":[[[-47.54923773899994,-19.993769742999987],[-47.639656072999976,-20.047219412999926],[-47.733681691999955,-19.987928204999914],[-47.859750731999924,-19.99293974799997],[-47.869807788999914,-20.076152256999933],[-47.784697882999986,-20.069045297999963],[-47.74164196899992,-20.151744302999894],[-47.674948327,-20.12615890300001],[-47.60912297799999,-20.15960315],[-47.54167796399999,-20.13405437399994],[-47.50900109899991,-20.059908347999986],[-47.54224275699991,-20.01305229],[-47.54923773899994,-19.993769742999987]]]},"properties":{"CD_MUN":"3520103","NM_MUN":"Igarapava","SIGLA":"SP","AREA_KM2":468.355}},
{"type":"Feature","geometry":{"type":"Polygon","coordinates":[[[-46.074803,-23.180872998999966],[-46.107989,-23.097302999],[-46.082585,-22.985488999],[-46.08656,-22.985004998999926],[-46.215061,-23.108423999],[-46.262198,-23.186386998999943],[-46.145746,-23.256826998999948],[-46.074803,-23.180872998999966]]]},"properties":{"CD_MUN":"3520202","NM_MUN":"Igaratá","SIGLA":"SP","AREA_KM2":292.953}},
{"type":"Feature","geometry":{"type":"Polygon","coordinates":[[[-47.24742513199997,-24.361813678],[-47.31950958899997,-24.33951998699998],[-47.366683149999936,-24.384773587999987],[-47.557721041000015,-24.368173923],[-47.683617326999986,-24.37913945400002],[-47.62668674199998,-24.51281001300002],[-47.727745200999934,-24.622101918999974],[-47.83029939499991,-24.75638648299997],[-47.73436240199997,-24.835684393999955],[-47.54113075399992,-24.706416482],[-47.415294979999985,-24.675575372999923],[-47.24500935000002,-24.57397020399995],[-47.07789990399995,-24.448204515999947],[-47.120766,-24.364765998999935],[-47.24742513199997,-24.361813678]]]},"properties":{"CD_MUN":"3520301","NM_MUN":"Iguape","SIGLA":"SP","AREA_KM2":1978.795}},
{"type":"Feature","geometry":{"type":"Polygon","coordinates":[[[-45.32897840999991,-23.722352102999942],[-45.365731114,-23.809005972999984],[-45.460392144999965,-23.890238105999963],[-45.40787246699997,-23.938500429999955],[-45.30295901999992,-23.908885478999906],[-45.23268895599994,-23.784971240999973],[-45.32897840999991,-23.722352102999942]]]},"properties":{"CD_MUN":"3520400","NM_MUN":"Ilhabela","SIGLA":"SP","AREA_KM2":346.389}},
{"type":"Feature","geometry":{"type":"Polygon","coordinates":[[[-47.415294979999985,-24.675575372999923],[-47.54113075399992,-24.706416482],[-47.73436240199997,-24.835684393999955],[-47.89746558599994,-24.973208179],[-47.90952155399994,-25.052946115999895],[-47.731515986,-24.88062871899995],[-47.561029258999916,-24.757909499999954],[-47.415294979999985,-24.675575372999923]]]},"properties":{"CD_MUN":"3520426","NM_MUN":"Ilha Comprida","SIGLA":"SP","AREA_KM2":196.567}},
{"type":"Feature","geometry":{"type":"Polygon","coordinates":[[[-51.03856676399998,-20.37092484799997],[-51.10938955499995,-20.280092210999943],[-51.342705350999935,-20.354660119999988],[-51.41884731399992,-20.465035190999945],[-51.342769526,-20.68220001499995],[-51.31543026899996,-20.674320437999913],[-51.29654979,-20.541672794999908],[-51.23138063399992,-20.45721313999996],[-51.03856676399998,-20.37092484799997]]]},"properties":{"CD_MUN":"3520442","NM_MUN":"Ilha Solteira","SIGLA":"SP","AREA_KM2":652.641}},
{"type":"Feature","geometry":{"type":"Polygon","coordinates":[[[-47.233134,-23.007243998999947],[-47.290614868,-23.043708733],[-47.300718,-23.11277299899995],[-47.195877152,-23.18696124599994],[-47.11603540099995,-23.2250587039999],[-47.11281209999997,-23.226034171999963],[-47.143784684,-23.100932971999967],[-47.088319,-23.055536999],[-47.233134,-23.007243998999947]]]},"properties":{"CD_MUN":"3520509","NM_MUN":"Indaiatuba","SIGLA":"SP","AREA_KM2":311.545}},
{"type":"Feature","geometry":{"type":"Polygon","coordinates":[[[-51.207786949999985,-22.068249646],[-51.28865565599991,-22.044626786999952],[-51.315696905,-22.129357880999976],[-51.230244054999936,-22.221064424999923],[-51.242359014999934,-22.124242189],[-51.207786949999985,-22.068249646]]]},"properties":{"CD_MUN":"3520608","NM_MUN":"Indiana","SIGLA":"SP","AREA_KM2":129.367}},
{"type":"Feature","geometry":{"type":"Polygon","coordinates":[[[-50.171752447999935,-19.875513782999974],[-50.337433469999944,-19.86948448799991],[-50.33159832699995,-20.035871605999898],[-50.295501792,-20.017378755999946],[-50.240045121,-20.04515199499993],[-50.19015293899997,-19.986299162999952],[-50.171752447999935,-19.875513782999974]]]},"properties":{"CD_MUN":"3520707","NM_MUN":"Indiaporã","SIGLA":"SP","AREA_KM2":279.606}},
{"type":"Feature","geometry":{"type":"Polygon","coordinates":[[[-50.91480611799996,-21.66934566599995],[-50.9225470709999,-21.632176045999927],[-50.97664095999994,-21.700830112999956],[-51.008537205,-21.80444786499992],[-50.96124371599997,-21.822584165999945],[-50.91480611799996,-21.66934566599995]]]},"properties":{"CD_MUN":"3520806","NM_MUN":"Inúbia Paulista","SIGLA":"SP","AREA_KM2":87.119}},
{"type":"Feature","geometry":{"type":"Polygon","coordinates":[[[-49.55774650399995,-23.000181086999895],[-49.677289839,-23.00874803099996],[-49.66546496699992,-23.11311524099994],[-49.573352880999906,-23.138555552999982],[-49.54752443599999,-23.128798442999944],[-49.55774650399995,-23.000181086999895]]]},"properties":{"CD_MUN":"3520905","NM_MUN":"Ipaussu","SIGLA":"SP","AREA_KM2":209.554}},
{"type":"Feature","geometry":{"type":"Polygon","coordinates":[[[-47.57802358399996,-23.36371355700001],[-47.67578939099996,-23.36778302999992],[-47.73703321799997,-23.331548492],[-47.72563214299998,-23.38553681599992],[-47.65066276999993,-23.45859241199998],[-47.565001,-23.467872998999937],[-47.5650029999999,-23.382651998999968],[-47.57802358399996,-23.36371355700001]]]},"properties":{"CD_MUN":"3521002","NM_MUN":"Iperó","SIGLA":"SP","AREA_KM2":170.289}},
{"type":"Feature","geometry":{"type":"Polygon","coordinates":[[[-47.65444878299993,-22.520936133999978],[-47.666545367,-22.380389803999954],[-47.760334456999956,-22.340410278999965],[-47.776669819999924,-22.444123573999928],[-47.669226618999986,-22.53994651999994],[-47.65444878299993,-22.520936133999978]]]},"properties":{"CD_MUN":"3521101","NM_MUN":"Ipeúna","SIGLA":"SP","AREA_KM2":190.01}},
{"type":"Feature","geometry":{"type":"Polygon","coordinates":[[[-49.364410881,-20.605555500999948],[-49.44600047999998,-20.543242755999955],[-49.42304937300001,-20.608251113999962],[-49.465277,-20.68165099899991],[-49.461184,-20.684895998999906],[-49.367764,-20.72283899899997],[-49.352477,-20.635336998999918],[-49.364410881,-20.605555500999948]]]},"properties":{"CD_MUN":"3521150","NM_MUN":"Ipiguá","SIGLA":"SP","AREA_KM2":136.028}},
{"type":"Feature","geometry":{"type":"Polygon","coordinates":[[[-48.43112331599998,-24.26374769399994],[-48.605173333000025,-24.332212199],[-48.51423786699993,-24.338095529999983],[-48.54956453099996,-24.440458675999963],[-48.65463397499995,-24.456090912000015],[-48.78918363599995,-24.558152072999974],[-48.73286629499997,-24.64066523699998],[-48.81080841199996,-24.674974495999948],[-48.77712193299992,-24.69568792099995],[-48.616619715999946,-24.668673217999938],[-48.53814459599992,-24.72620182599995],[-48.464596440999955,-24.65995660899992],[-48.35152376099991,-24.459194767999968],[-48.38312918999998,-24.30417419299996],[-48.43112331599998,-24.26374769399994]]]},"properties":{"CD_MUN":"3521200","NM_MUN":"Iporanga","SIGLA":"SP","AREA_KM2":1152.059}},
{"type":"Feature","geometry":{"type":"Polygon","coordinates":[[[-48.03996215299995,-20.353280846],[-48.149788638,-20.289554309],[-48.18901687199998,-20.340331728],[-48.21135005099998,-20.455011971],[-48.13373868299992,-20.493512839999948],[-48.00805892200002,-20.53148814099993],[-47.91655564400001,-20.434034974999946],[-47.914434832999945,-20.41651867799997],[-48.03996215299995,-20.353280846]]]},"properties":{"CD_MUN":"3521309","NM_MUN":"Ipuã","SIGLA":"SP","AREA_KM2":466.461}},
{"type":"Feature","geometry":{"type":"Polygon","coordinates":[[[-47.48938396399993,-22.523830600999926],[-47.562652188999905,-22.526598199999945],[-47.582749535999916,-22.541961932999985],[-47.51169919999995,-22.691506832],[-47.477023968,-22.526321584999973],[-47.48938396399993,-22.523830600999926]]]},"properties":{"CD_MUN":"3521408","NM_MUN":"Iracemápolis","SIGLA":"SP","AREA_KM2":115.118}},
{"type":"Feature","geometry":{"type":"Polygon","coordinates":[[[-49.39694001399994,-21.180526583999946],[-49.46015468899995,-21.177282563999942],[-49.51771059299992,-21.22805395799997],[-49.410371675,-21.327755120999967],[-49.396300524999965,-21.372090568999944],[-49.28483605499993,-21.288983101999968],[-49.39694001399994,-21.180526583999946]]]},"properties":{"CD_MUN":"3521507","NM_MUN":"Irapuã","SIGLA":"SP","AREA_KM2":257.612}},
{"type":"Feature","geometry":{"type":"Polygon","coordinates":[[[-51.28630324399996,-21.319272320999936],[-51.32883303700002,-21.292511031999926],[-51.36508672900001,-21.369306488999893],[-51.35882566799996,-21.45446189999994],[-51.413753571,-21.642894652999942],[-51.35470015699994,-21.63566324299998],[-51.30840064499991,-21.520563489999986],[-51.312020823999944,-21.36772501799996],[-51.28630324399996,-21.319272320999936]]]},"properties":{"CD_MUN":"3521606","NM_MUN":"Irapuru","SIGLA":"SP","AREA_KM2":214.461}},
{"type":"Feature","geometry":{"type":"Polygon","coordinates":[[[-49.19962621,-24.09794523499992],[-49.12134212299996,-24.125399834999918],[-49.10197590799996,-24.063458361],[-49.011121628999916,-24.00829958299996],[-49.01645137799992,-23.843229535999967],[-48.94887427399992,-23.799769395999938],[-49.05445013299989,-23.686213279999947],[-49.13999772999997,-23.702015821999964],[-49.24460460099997,-23.705251170999965],[-49.301338875999896,-23.737846819999987],[-49.33420682099998,-23.781545497999943],[-49.289362614,-23.89152418999997],[-49.251657110999965,-23.90574312399997],[-49.19331670199993,-24.0313780729999],[-49.19962621,-24.09794523499992]]]},"properties":{"CD_MUN":"3521705","NM_MUN":"Itaberá","SIGLA":"SP","AREA_KM2":1100.247}},
{"type":"Feature","geometry":{"type":"Polygon","coordinates":[[[-49.15132056099998,-23.260066124999987],[-49.210796151999965,-23.245512262999988],[-49.21733732900002,-23.298523713999906],[-49.213117081999975,-23.41751168],[-49.11759483699997,-23.560199156999907],[-49.13633715299996,-23.661573557999972],[-49.13999772999997,-23.702015821999964],[-49.05445013299989,-23.686213279999947],[-48.97831775799999,-23.623409320999897],[-48.833369567,-23.5983205819999],[-48.85309718099997,-23.53889153899994],[-49.000889893999954,-23.37755115599999],[-48.984893708999984,-23.287761545999928],[-49.012634652999964,-23.262184932999972],[-49.15132056099998,-23.260066124999987]]]},"properties":{"CD_MUN":"3521804","NM_MUN":"Itaí","SIGLA":"SP","AREA_KM2":1092.884}},
{"type":"Feature","geometry":{"type":"Polygon","coordinates":[[[-49.01056151999994,-21.253432328999953],[-49.05909568599995,-21.242166619999967],[-49.12440703399998,-21.298652837999974],[-49.23407470399994,-21.323574355999906],[-49.172017121999914,-21.412086328999944],[-49.08216445999997,-21.464533719],[-48.99137714199996,-21.456203788],[-48.90016531,-21.370584436999938],[-48.92009042299998,-21.299592233999896],[-49.01056151999994,-21.253432328999953]]]},"properties":{"CD_MUN":"3521903","NM_MUN":"Itajobi","SIGLA":"SP","AREA_KM2":502.066}},
{"type":"Feature","geometry":{"type":"Polygon","coordinates":[[[-48.678904367000015,-21.927797497999943],[-48.72668903299992,-21.89099890199998],[-48.892171,-21.906656956999946],[-48.90300262199993,-21.933303983],[-48.86721311099997,-22.024066347],[-48.77252790499995,-22.020726277999945],[-48.679396888,-21.928793796999955],[-48.678904367000015,-21.927797497999943]]]},"properties":{"CD_MUN":"3522000","NM_MUN":"Itaju","SIGLA":"SP","AREA_KM2":230.355}},
{"type":"Feature","geometry":{"type":"Polygon","coordinates":[[[-46.649908,-24.00160099899994],[-46.714799,-23.996164998999937],[-46.806898,-23.938152998999982],[-46.97860555999995,-24.06425068100001],[-46.983249,-24.123282999],[-46.89763270899993,-24.252917957999962],[-46.70938585799995,-24.14413628399995],[-46.742940911999945,-24.064289377999927],[-46.64253630499992,-24.01020091599998],[-46.649908,-24.00160099899994]]]},"properties":{"CD_MUN":"3522109","NM_MUN":"Itanhaém","SIGLA":"SP","AREA_KM2":601.711}},
{"type":"Feature","geometry":{"type":"Polygon","coordinates":[[[-48.78918363599995,-24.558152072999974],[-48.90134141299997,-24.55648494999997],[-48.94910512599992,-24.61826047899992],[-48.91234721899995,-24.673974134999952],[-48.81080841199996,-24.674974495999948],[-48.73286629499997,-24.64066523699998],[-48.78918363599995,-24.558152072999974]]]},"properties":{"CD_MUN":"3522158","NM_MUN":"Itaoca","SIGLA":"SP","AREA_KM2":183.015}},
{"type":"Feature","geometry":{"type":"Polygon","coordinates":[[[-46.80153635899995,-23.685368747999966],[-46.887452,-23.66784799899998],[-46.937828,-23.77662999899993],[-46.87202132899994,-23.797181054],[-46.777421,-23.767174998999927],[-46.80153635899995,-23.685368747999966]]]},"properties":{"CD_MUN":"3522208","NM_MUN":"Itapecerica da Serra","SIGLA":"SP","AREA_KM2":150.742}},
{"type":"Feature","geometry":{"type":"Polygon","coordinates":[[[-47.807214331999965,-23.488696194999967],[-47.950253046999975,-23.408505188999982],[-48.04875235099992,-23.424291799999928],[-48.19284268899999,-23.490207212999934],[-48.37092614199997,-23.63153176999996],[-48.407813275999985,-23.71463529199996],[-48.349061225,-23.83113857099991],[-48.207461934999984,-23.849510682],[-48.151789649,-23.840504800999938],[-48.05211073399997,-23.755868563999947],[-47.944011168,-23.75416688999993],[-47.86568386499994,-23.783348951999947],[-47.84853347599995,-23.749487093999967],[-47.910376767999914,-23.605828784999936],[-47.96670987199995,-23.52205876699994],[-47.807214331999965,-23.488696194999967]]]},"properties":{"CD_MUN":"3522307","NM_MUN":"Itapetininga","SIGLA":"SP","AREA_KM2":1789.35}},
{"type":"Feature","geometry":{"type":"Polygon","coordinates":[[[-48.78095688399996,-23.64280243599991],[-48.833369567,-23.5983205819999],[-48.97831775799999,-23.623409320999897],[-49.05445013299989,-23.686213279999947],[-48.94887427399992,-23.799769395999938],[-49.01645137799992,-23.843229535999967],[-49.011121628999916,-24.00829958299996],[-49.10197590799996,-24.063458361],[-49.12134212299996,-24.125399834999918],[-49.19962621,-24.09794523499992],[-49.137037484,-24.18582920799995],[-49.05964482,-24.18997604499996],[-48.983394330999914,-24.10115347799998],[-48.85683722899998,-24.09969890199998],[-48.8218374809999,-24.128061636999973],[-48.72978067599993,-24.115729405999943],[-48.660838257999934,-24.14328230399999],[-48.56935230199994,-24.090608163999917],[-48.58186172899998,-23.982904827999953],[-48.69139147099999,-24.021716054],[-48.778565906000026,-23.953267617999927],[-48.73453182799993,-23.854447119999968],[-48.723796310999944,-23.78509455599996],[-48.78095688399996,-23.64280243599991]]]},"properties":{"CD_MUN":"3522406","NM_MUN":"Itapeva","SIGLA":"SP","AREA_KM2":1826.258}},
{"type":"Feature","geometry":{"type":"Polygon","coordinates":[[[-46.929601,-23.513182999],[-46.96453,-23.498650998999935],[-46.995036,-23.506992998999955],[-47.028074,-23.58131699899998],[-46.981456,-23.602157998999886],[-46.911119,-23.563056998999933],[-46.929601,-23.513182999]]]},"properties":{"CD_MUN":"3522505","NM_MUN":"Itapevi","SIGLA":"SP","AREA_KM2":82.658}},
{"type":"Feature","geometry":{"type":"Polygon","coordinates":[[[-46.723260253999946,-22.306623841],[-46.791257619,-22.297321156999903],[-46.87216182799993,-22.388131784999885],[-46.871665815999926,-22.54764090899993],[-46.869278736999945,-22.583941812999928],[-46.79768871999991,-22.541408375999925],[-46.712590718999905,-22.503729585999963],[-46.658259088,-22.473108099999948],[-46.616302752999964,-22.438634156999946],[-46.723260253999946,-22.306623841]]]},"properties":{"CD_MUN":"3522604","NM_MUN":"Itapira","SIGLA":"SP","AREA_KM2":518.416}},
{"type":"Feature","geometry":{"type":"Polygon","coordinates":[[[-49.13244069899997,-24.537529974999885],[-49.123446518,-24.495111235999957],[-49.25051780499993,-24.445419521],[-49.315989362999986,-24.55550887799994],[-49.312015434999985,-24.663532669999952],[-49.2781319549999,-24.69302152799996],[-49.157876101999975,-24.671934591999957],[-49.17142157999994,-24.61210431399993],[-49.13244069899997,-24.537529974999885]]]},"properties":{"CD_MUN":"3522653","NM_MUN":"Itapirapuã Paulista","SIGLA":"SP","AREA_KM2":406.478}},
{"type":"Feature","geometry":{"type":"Polygon","coordinates":[[[-48.75429710600001,-21.420693893],[-48.90016531,-21.370584436999938],[-48.99137714199996,-21.456203788],[-48.96396193999994,-21.542005671999984],[-48.97229896399999,-21.66114129999995],[-48.911524743999934,-21.67420496700002],[-48.79554501699996,-21.71635574599998],[-48.72676694499997,-21.686707513999934],[-48.67655108599999,-21.62779543099994],[-48.58452106199992,-21.62807384399997],[-48.62919115499997,-21.558686151999904],[-48.72573939999995,-21.420047336999968],[-48.75429710600001,-21.420693893]]]},"properties":{"CD_MUN":"3522703","NM_MUN":"Itápolis","SIGLA":"SP","AREA_KM2":996.747}},
{"type":"Feature","geometry":{"type":"Polygon","coordinates":[[[-49.476407917999964,-23.54087519599993],[-49.566674399999954,-23.494164403999974],[-49.495780455999956,-23.652361985999946],[-49.574671459999934,-23.676041071999933],[-49.55968176499994,-23.7936083729999],[-49.386685847999985,-23.759520673999965],[-49.33420682099998,-23.781545497999943],[-49.301338875999896,-23.737846819999987],[-49.476407917999964,-23.54087519599993]]]},"properties":{"CD_MUN":"3522802","NM_MUN":"Itaporanga","SIGLA":"SP","AREA_KM2":507.997}},
{"type":"Feature","geometry":{"type":"Polygon","coordinates":[[[-48.67409991899996,-22.192822171999946],[-48.714487937999905,-22.18024064099998],[-48.7715397339999,-22.226993278999938],[-48.732728336000015,-22.317505659999934],[-48.63088674599993,-22.26063996499997],[-48.67409991899996,-22.192822171999946]]]},"properties":{"CD_MUN":"3522901","NM_MUN":"Itapuí","SIGLA":"SP","AREA_KM2":140.023}},
{"type":"Feature","geometry":{"type":"Polygon","coordinates":[[[-51.342769526,-20.68220001499995],[-51.41884731399992,-20.465035190999945],[-51.5002222749999,-20.56821630799993],[-51.57518615699993,-20.62341907499997],[-51.41936432699998,-20.681076557999987],[-51.342769526,-20.68220001499995]]]},"properties":{"CD_MUN":"3523008","NM_MUN":"Itapura","SIGLA":"SP","AREA_KM2":301.653}},
{"type":"Feature","geometry":{"type":"Polygon","coordinates":[[[-46.27059918899993,-23.42988307599999],[-46.358421,-23.43727799899998],[-46.386653,-23.474675998999984],[-46.366395679999975,-23.51215580599991],[-46.3298608659999,-23.505704789999946],[-46.288128,-23.489648998999932],[-46.27059918899993,-23.42988307599999]]]},"properties":{"CD_MUN":"3523107","NM_MUN":"Itaquaquecetuba","SIGLA":"SP","AREA_KM2":82.622}},
{"type":"Feature","geometry":{"type":"Polygon","coordinates":[[[-49.19962621,-24.09794523499992],[-49.19331670199993,-24.0313780729999],[-49.251657110999965,-23.90574312399997],[-49.289362614,-23.89152418999997],[-49.522335859999984,-23.916564566999966],[-49.40870824999994,-24.106892437999917],[-49.33656625699997,-24.137581852999958],[-49.35067723099992,-24.220800878999924],[-49.254235888,-24.317917518999955],[-49.148460293999925,-24.258385716999932],[-49.137037484,-24.18582920799995],[-49.19962621,-24.09794523499992]]]},"properties":{"CD_MUN":"3523206","NM_MUN":"Itararé","SIGLA":"SP","AREA_KM2":1003.86}},
{"type":"Feature","geometry":{"type":"Polygon","coordinates":[[[-47.067417,-24.201515998999987],[-47.14797186699997,-24.207059306],[-47.24742513199997,-24.361813678],[-47.120766,-24.364765998999935],[-47.021148,-24.283451998999936],[-47.067417,-24.201515998999987]]]},"properties":{"CD_MUN":"3523305","NM_MUN":"Itariri","SIGLA":"SP","AREA_KM2":273.667}},
{"type":"Feature","geometry":{"type":"Polygon","coordinates":[[[-46.681600032999896,-22.930223471999923],[-46.878454,-22.927068998999957],[-46.878488946999944,-22.927459719999952],[-46.910475525999935,-23.01748549599992],[-46.91599369699998,-23.045748246999906],[-46.86532980099997,-23.07637673199997],[-46.792604019999935,-23.102838701999907],[-46.72788019199993,-23.03922547699996],[-46.71632804299996,-22.977340134999977],[-46.681600032999896,-22.930223471999923]]]},"properties":{"CD_MUN":"3523404","NM_MUN":"Itatiba","SIGLA":"SP","AREA_KM2":322.269}},
{"type":"Feature","geometry":{"type":"Polygon","coordinates":[[[-48.47634294799994,-23.081649195999944],[-48.61710716799996,-23.038742116999934],[-48.645141963,-22.966450103999904],[-48.77764592200002,-22.965544970999886],[-48.741319021,-23.089897729999954],[-48.74564496499991,-23.251401681999937],[-48.77399788699998,-23.302420807999944],[-48.64746060499991,-23.329077813999945],[-48.49153886599994,-23.261133307999913],[-48.428367868999906,-23.203084089],[-48.47634294799994,-23.081649195999944]]]},"properties":{"CD_MUN":"3523503","NM_MUN":"Itatinga","SIGLA":"SP","AREA_KM2":979.817}},
{"type":"Feature","geometry":{"type":"Polygon","coordinates":[[[-47.79976727499992,-22.128151549999906],[-47.89992803099993,-22.157575813999895],[-47.88203732799998,-22.200716975],[-47.95404481299991,-22.39814117599993],[-47.91581395799993,-22.42466025499997],[-47.79292878599996,-22.448189159999963],[-47.776669819999924,-22.444123573999928],[-47.760334456999956,-22.340410278999965],[-47.71366364299993,-22.30190990999997],[-47.71317885399996,-22.240091622999945],[-47.79976727499992,-22.128151549999906]]]},"properties":{"CD_MUN":"3523602","NM_MUN":"Itirapina","SIGLA":"SP","AREA_KM2":564.603}},
{"type":"Feature","geometry":{"type":"Polygon","coordinates":[[[-47.186246074999985,-20.73143926199995],[-47.09745644999998,-20.64387682699996],[-47.142752215,-20.565591388],[-47.251965286999926,-20.647968228],[-47.186246074999985,-20.73143926199995]]]},"properties":{"CD_MUN":"3523701","NM_MUN":"Itirapuã","SIGLA":"SP","AREA_KM2":161.118}},
{"type":"Feature","geometry":{"type":"Polygon","coordinates":[[[-46.871833995999985,-21.708702313999915],[-46.979633645999925,-21.700013332999966],[-46.96267139699996,-21.816716877999962],[-46.843081387999966,-21.759514039999903],[-46.871833995999985,-21.708702313999915]]]},"properties":{"CD_MUN":"3523800","NM_MUN":"Itobi","SIGLA":"SP","AREA_KM2":138.986}},
{"type":"Feature","geometry":{"type":"Polygon","coordinates":[[[-47.195877152,-23.18696124599994],[-47.244679,-23.230350998999917],[-47.325832,-23.234265998999923],[-47.389562,-23.154663999],[-47.418539577999944,-23.16867759799989],[-47.418173,-23.35772699899993],[-47.326391,-23.439922998999982],[-47.187199,-23.417767998999985],[-47.138373,-23.411530998999964],[-47.13350239100002,-23.38063247399994],[-47.173716134999935,-23.326389904999942],[-47.11603540099995,-23.2250587039999],[-47.195877152,-23.18696124599994]]]},"properties":{"CD_MUN":"3523909","NM_MUN":"Itu","SIGLA":"SP","AREA_KM2":640.719}},
{"type":"Feature","geometry":{"type":"Polygon","coordinates":[[[-47.037742050999945,-23.05704227800002],[-47.048562,-23.05138199899993],[-47.088319,-23.055536999],[-47.143784684,-23.100932971999967],[-47.11281209999997,-23.226034171999963],[-47.028372544,-23.23666852799994],[-46.995536424999976,-23.116483591999923],[-46.99539147599997,-23.115463677],[-47.037742050999945,-23.05704227800002]]]},"properties":{"CD_MUN":"3524006","NM_MUN":"Itupeva","SIGLA":"SP","AREA_KM2":200.876}},
{"type":"Feature","geometry":{"type":"Polygon","coordinates":[[[-47.83652527799999,-20.241915740999925],[-47.889510463999954,-20.155788935999972],[-47.92400160999996,-20.24289143899992],[-48.03996215299995,-20.353280846],[-47.914434832999945,-20.41651867799997],[-47.801551850999964,-20.392233080999986],[-47.62662062499993,-20.480357225],[-47.6152159169999,-20.481673958999966],[-47.62619325500001,-20.407227141],[-47.645442214,-20.288264415999944],[-47.73291234299998,-20.249192553999915],[-47.83652527799999,-20.241915740999925]]]},"properties":{"CD_MUN":"3524105","NM_MUN":"Ituverava","SIGLA":"SP","AREA_KM2":704.659}},
{"type":"Feature","geometry":{"type":"Polygon","coordinates":[[[-48.34459760399998,-20.57528383700001],[-48.43230546199992,-20.56110195999997],[-48.52566376999994,-20.63513593399998],[-48.43708192899989,-20.752738637999943],[-48.338292472,-20.695543437999984],[-48.34459760399998,-20.57528383700001]]]},"properties":{"CD_MUN":"3524204","NM_MUN":"Jaborandi","SIGLA":"SP","AREA_KM2":273.438}},
{"type":"Feature","geometry":{"type":"Polygon","coordinates":[[[-48.18692717600001,-21.130396566999963],[-48.187512124,-21.085643639999905],[-48.31805402799995,-21.060863208999923],[-48.353592975999966,-21.081670455999966],[-48.34738465299992,-21.12836162099999],[-48.450489010999945,-21.21133698599996],[-48.426824263999904,-21.318652680999914],[-48.31181643599997,-21.36074665699997],[-48.25984471899993,-21.319700503999925],[-48.141484274999975,-21.317558580999982],[-48.136030542999926,-21.268298023999908],[-48.1690163119999,-21.161388859999928],[-48.18692717600001,-21.130396566999963]]]},"properties":{"CD_MUN":"3524303","NM_MUN":"Jaboticabal","SIGLA":"SP","AREA_KM2":706.602}},
{"type":"Feature","geometry":{"type":"Polygon","coordinates":[[[-45.793719,-23.292003998999945],[-45.904007,-23.294825998999933],[-45.965831,-23.235455998999974],[-46.074803,-23.180872998999966],[-46.145746,-23.256826998999948],[-46.101475,-23.308597999],[-45.987384941999935,-23.419775956999942],[-45.86151,-23.375562998999975],[-45.80304,-23.32938899899993],[-45.793719,-23.292003998999945]]]},"properties":{"CD_MUN":"3524402","NM_MUN":"Jacareí","SIGLA":"SP","AREA_KM2":464.272}},
{"type":"Feature","geometry":{"type":"Polygon","coordinates":[[[-49.52264901999996,-20.975145234999957],[-49.573448401999904,-20.863853889999948],[-49.626847896999955,-20.87997048299993],[-49.634957335999914,-20.97170904699995],[-49.557438044,-21.024666523999933],[-49.52264901999996,-20.975145234999957]]]},"properties":{"CD_MUN":"3524501","NM_MUN":"Jaci","SIGLA":"SP","AREA_KM2":145.133}},
{"type":"Feature","geometry":{"type":"Polygon","coordinates":[[[-47.91816527399996,-24.62752882399993],[-48.000571346,-24.572471251999914],[-48.08485744499997,-24.580563819999988],[-48.12899480299998,-24.649284046999988],[-48.04805102699998,-24.720353819999964],[-48.12986059499995,-24.838378015999986],[-48.21119690899992,-24.907353660999973],[-48.21047155199995,-24.956932052999967],[-48.12402748299995,-24.98137525499994],[-48.02582800599994,-24.943763982999968],[-47.96768966400002,-24.872111112999974],[-47.943092931999956,-24.767189177999924],[-47.964386831999946,-24.720889098999933],[-47.91816527399996,-24.62752882399993]]]},"properties":{"CD_MUN":"3524600","NM_MUN":"Jacupiranga","SIGLA":"SP","AREA_KM2":704.189}},
{"type":"Feature","geometry":{"type":"Polygon","coordinates":[[[-46.931150864999985,-22.682910025999945],[-47.03139790099994,-22.618998132999888],[-47.073858048999924,-22.68031769199995],[-47.10128712399994,-22.750415064999938],[-46.957425,-22.72922499899993],[-46.931150864999985,-22.682910025999945]]]},"properties":{"CD_MUN":"3524709","NM_MUN":"Jaguariúna","SIGLA":"SP","AREA_KM2":141.391}},
{"type":"Feature","geometry":{"type":"Polygon","coordinates":[[[-50.58480986199997,-20.140689570999957],[-50.61106793999991,-20.130465992999955],[-50.59177926599993,-20.26238774699994],[-50.65683103999998,-20.326775001999984],[-50.61306931799996,-20.375744472999955],[-50.57567085599992,-20.39768936699998],[-50.46865966499993,-20.390465656999943],[-50.46580967899993,-20.236926099999906],[-50.520467431,-20.17601776699994],[-50.58480986199997,-20.140689570999957]]]},"properties":{"CD_MUN":"3524808","NM_MUN":"Jales","SIGLA":"SP","AREA_KM2":368.574}},
{"type":"Feature","geometry":{"type":"Polygon","coordinates":[[[-45.64555458699992,-23.291118245999932],[-45.64075018799995,-23.19603161299991],[-45.721280011,-23.237949006999926],[-45.793719,-23.292003998999945],[-45.80304,-23.32938899899993],[-45.782332177999955,-23.35556942999993],[-45.64555458699992,-23.291118245999932]]]},"properties":{"CD_MUN":"3524907","NM_MUN":"Jambeiro","SIGLA":"SP","AREA_KM2":184.413}},
{"type":"Feature","geometry":{"type":"Polygon","coordinates":[[[-46.860628,-23.544836999],[-46.929601,-23.513182999],[-46.911119,-23.563056998999933],[-46.875956,-23.565279999000012],[-46.860628,-23.544836999]]]},"properties":{"CD_MUN":"3525003","NM_MUN":"Jandira","SIGLA":"SP","AREA_KM2":17.449}},
{"type":"Feature","geometry":{"type":"Polygon","coordinates":[[[-47.779746420000016,-20.894437787999962],[-47.93971820799989,-20.89994669899996],[-47.988039816,-20.992054940999925],[-47.872007202,-21.06427486799994],[-47.719053,-21.120071998999954],[-47.673984,-21.074750998999967],[-47.718502784999934,-20.938363004999925],[-47.779746420000016,-20.894437787999962]]]},"properties":{"CD_MUN":"3525102","NM_MUN":"Jardinópolis","SIGLA":"SP","AREA_KM2":501.87}},
{"type":"Feature","geometry":{"type":"Polygon","coordinates":[[[-46.69567172499997,-23.01074036099996],[-46.71632804299996,-22.977340134999977],[-46.72788019199993,-23.03922547699996],[-46.792604019999935,-23.102838701999907],[-46.78643199499996,-23.153234434999938],[-46.711125181999975,-23.21145730399993],[-46.67013829199995,-23.20690913399993],[-46.69567172499997,-23.01074036099996]]]},"properties":{"CD_MUN":"3525201","NM_MUN":"Jarinu","SIGLA":"SP","AREA_KM2":207.549}},
{"type":"Feature","geometry":{"type":"Polygon","coordinates":[[[-48.342312332,-22.18104010399996],[-48.39618913799992,-22.12175134499997],[-48.50750182099992,-22.19388789699993],[-48.63250766399993,-22.167398259000013],[-48.67409991899996,-22.192822171999946],[-48.63088674599993,-22.26063996499997],[-48.732728336000015,-22.317505659999934],[-48.70290887700001,-22.368544672999988],[-48.64197580699995,-22.482313629],[-48.58632549699992,-22.41219887999991],[-48.50967368099994,-22.436118528999902],[-48.48078252899992,-22.356185856999975],[-48.39400263699993,-22.19206638299994],[-48.342312332,-22.18104010399996]]]},"properties":{"CD_MUN":"3525300","NM_MUN":"Jaú","SIGLA":"SP","AREA_KM2":687.103}},
{"type":"Feature","geometry":{"type":"Polygon","coordinates":[[[-47.61060708699995,-20.277296751999927],[-47.645442214,-20.288264415999944],[-47.62619325500001,-20.407227141],[-47.529488646999965,-20.391323925999902],[-47.49829510299996,-20.31616426100001],[-47.61060708699995,-20.277296751999927]]]},"properties":{"CD_MUN":"3525409","NM_MUN":"Jeriquara","SIGLA":"SP","AREA_KM2":141.971}},
{"type":"Feature","geometry":{"type":"Polygon","coordinates":[[[-46.050675,-22.896974998999973],[-46.14125198799998,-22.868146002999943],[-46.279025716000014,-22.878347613],[-46.344893002999946,-22.905224001999933],[-46.3979456399999,-22.96859292799992],[-46.19341,-23.003164998999956],[-46.08656,-22.985004998999926],[-46.082585,-22.985488999],[-46.050675,-22.896974998999973]]]},"properties":{"CD_MUN":"3525508","NM_MUN":"Joanópolis","SIGLA":"SP","AREA_KM2":374.293}},
{"type":"Feature","geometry":{"type":"Polygon","coordinates":[[[-50.783544408999965,-22.435186583999975],[-50.758941910999965,-22.303492508],[-50.716623614,-22.249702370999955],[-50.725151730999954,-22.091306761999938],[-50.70577244699994,-22.021953010999926],[-50.75102516999996,-22.05816751799997],[-50.82335345199997,-22.238679205999965],[-50.90548642399996,-22.348225205999892],[-50.934501736999955,-22.426472206999968],[-50.82955807499998,-22.42827992399997],[-50.783544408999965,-22.435186583999975]]]},"properties":{"CD_MUN":"3525607","NM_MUN":"João Ramalho","SIGLA":"SP","AREA_KM2":415.452}},
{"type":"Feature","geometry":{"type":"Polygon","coordinates":[[[-49.72643605900002,-20.932079632999976],[-49.827298196999976,-20.953690109999954],[-49.86241132000002,-21.029654772999926],[-49.96007298599993,-21.13311522699993],[-49.99156749199997,-21.22666612399998],[-49.85648357199992,-21.26031240499998],[-49.736113,-21.13460099899994],[-49.660766437999925,-21.16126676899995],[-49.61849397399993,-21.127557337999967],[-49.557438044,-21.024666523999933],[-49.634957335999914,-20.97170904699995],[-49.72643605900002,-20.932079632999976]]]},"properties":{"CD_MUN":"3525706","NM_MUN":"José Bonifácio","SIGLA":"SP","AREA_KM2":860.2}},
{"type":"Feature","geometry":{"type":"Polygon","coordinates":[[[-49.73417830699997,-21.940553140999928],[-49.80935515899995,-21.890266265999934],[-49.88209929,-21.97004114499995],[-49.76826850500002,-22.04671516],[-49.740682420999974,-22.026211235999913],[-49.73417830699997,-21.940553140999928]]]},"properties":{"CD_MUN":"3525805","NM_MUN":"Júlio Mesquita","SIGLA":"SP","AREA_KM2":128.183}},
{"type":"Feature","geometry":{"type":"Polygon","coordinates":[[[-47.75101465499995,-23.122076618999955],[-47.791881436,-23.04899848599998],[-47.81891233899992,-23.13245532099991],[-47.75101465499995,-23.122076618999955]]]},"properties":{"CD_MUN":"3525854","NM_MUN":"Jumirim","SIGLA":"SP","AREA_KM2":56.685}},
{"type":"Feature","geometry":{"type":"Polygon","coordinates":[[[-46.792604019999935,-23.102838701999907],[-46.86532980099997,-23.07637673199997],[-46.995536424999976,-23.116483591999923],[-47.028372544,-23.23666852799994],[-46.95910918199992,-23.32682905599995],[-46.9379437379999,-23.32185331399993],[-46.838064,-23.287843999],[-46.802599,-23.257114998999974],[-46.807257,-23.255090998999925],[-46.79916,-23.187953998999923],[-46.78643199499996,-23.153234434999938],[-46.792604019999935,-23.102838701999907]]]},"properties":{"CD_MUN":"3525904","NM_MUN":"Jundiaí","SIGLA":"SP","AREA_KM2":431.204}},
{"type":"Feature","geometry":{"type":"Polygon","coordinates":[[[-51.48550792499995,-21.232527150999978],[-51.501836728999905,-21.22107440799997],[-51.49772494599995,-21.312396496999906],[-51.48515406799998,-21.42764620499996],[-51.49575579199991,-21.63829343399991],[-51.537076818999964,-21.684396487999944],[-51.511871806999935,-21.70175632599994],[-51.496450781999954,-21.707439827],[-51.413753571,-21.642894652999942],[-51.35882566799996,-21.45446189999994],[-51.36508672900001,-21.369306488999893],[-51.32883303700002,-21.292511031999926],[-51.48550792499995,-21.232527150999978]]]},"properties":{"CD_MUN":"3526001","NM_MUN":"Junqueirópolis","SIGLA":"SP","AREA_KM2":582.565}},
{"type":"Feature","geometry":{"type":"Polygon","coordinates":[[[-47.477328051999926,-24.08132335499996],[-47.562770992999965,-24.03956164699995],[-47.68030413199995,-24.045261491999938],[-47.77273046899994,-24.134446822],[-47.761161,-24.26276699899997],[-47.800145975,-24.351799885999945],[-47.683617326999986,-24.37913945400002],[-47.557721041000015,-24.368173923],[-47.56535392099998,-24.185223667999942],[-47.48213470099991,-24.129215926],[-47.477328051999926,-24.08132335499996]]]},"properties":{"CD_MUN":"3526100","NM_MUN":"Juquiá","SIGLA":"SP","AREA_KM2":812.799}},
{"type":"Feature","geometry":{"type":"Polygon","coordinates":[[[-47.02878762099997,-23.846193592999988],[-47.129134144,-23.860636838999895],[-47.19995322399992,-24.00059496499992],[-47.127134569999924,-24.008718014999943],[-47.05601209999994,-24.009618614999937],[-46.97860555999995,-24.06425068100001],[-46.806898,-23.938152998999982],[-46.810684,-23.920463998999928],[-46.912183189999915,-23.934384931999965],[-47.02878762099997,-23.846193592999988]]]},"properties":{"CD_MUN":"3526209","NM_MUN":"Juquitiba","SIGLA":"SP","AREA_KM2":522.169}},
{"type":"Feature","geometry":{"type":"Polygon","coordinates":[[[-45.15595122199995,-23.015428108999956],[-45.23438670399999,-23.001112731999974],[-45.25774773199995,-23.008000612999936],[-45.294223248,-23.02708035199995],[-45.30011506699997,-23.091987050999897],[-45.14620948799994,-23.1875050699999],[-45.13168247799994,-23.083559651],[-45.15595122199995,-23.015428108999956]]]},"properties":{"CD_MUN":"3526308","NM_MUN":"Lagoinha","SIGLA":"SP","AREA_KM2":255.472}},
{"type":"Feature","geometry":{"type":"Polygon","coordinates":[[[-47.808884623999965,-22.877745131999973],[-47.93082890499997,-22.883312953999955],[-47.93687089199993,-23.01456257199993],[-47.90996389999995,-23.160912529],[-47.81714054199996,-23.15264436799996],[-47.81891233899992,-23.13245532099991],[-47.791881436,-23.04899848599998],[-47.75716325499994,-22.997809324999942],[-47.82670488599995,-22.942223507999913],[-47.808884623999965,-22.877745131999973]]]},"properties":{"CD_MUN":"3526407","NM_MUN":"Laranjal Paulista","SIGLA":"SP","AREA_KM2":384.274}},
{"type":"Feature","geometry":{"type":"Polygon","coordinates":[[[-51.144970959999924,-21.374405674999917],[-51.05385668099995,-21.229097210999957],[-50.94984727299991,-21.170660963999985],[-50.91427752600001,-21.04263523599995],[-50.85018898299991,-20.935912714999958],[-50.899600768999974,-20.909771384999907],[-51.05272195599994,-21.069260055999948],[-51.22540167699994,-21.342041191999925],[-51.21414878499994,-21.35478896699997],[-51.144970959999924,-21.374405674999917]]]},"properties":{"CD_MUN":"3526506","NM_MUN":"Lavínia","SIGLA":"SP","AREA_KM2":537.675}},
{"type":"Feature","geometry":{"type":"Polygon","coordinates":[[[-44.8439453,-22.427803222999962],[-44.96585911799997,-22.475192826999955],[-44.90549111399994,-22.611911925999948],[-44.84964034799994,-22.602200104999923],[-44.8439453,-22.427803222999962]]]},"properties":{"CD_MUN":"3526605","NM_MUN":"Lavrinhas","SIGLA":"SP","AREA_KM2":167.067}},
{"type":"Feature","geometry":{"type":"Polygon","coordinates":[[[-47.197488914999944,-22.098716873999944],[-47.399666610999894,-22.084881731999904],[-47.42006274099994,-22.144453846999976],[-47.49045598299998,-22.187553084999898],[-47.46977955099993,-22.245362510999964],[-47.40385617899997,-22.265387660999956],[-47.224204519,-22.206333485999927],[-47.197488914999944,-22.098716873999944]]]},"properties":{"CD_MUN":"3526704","NM_MUN":"Leme","SIGLA":"SP","AREA_KM2":402.871}},
{"type":"Feature","geometry":{"type":"Polygon","coordinates":[[[-48.82701331499996,-22.488418375],[-48.86104585599995,-22.484074701999965],[-48.93211259999994,-22.530097885999965],[-48.94825347999998,-22.825505853],[-48.802567961,-22.845333694],[-48.72942895899996,-22.764663075999945],[-48.68867083799994,-22.694342540999966],[-48.67396213399992,-22.551733176999953],[-48.81651991699993,-22.541528395999908],[-48.82701331499996,-22.488418375]]]},"properties":{"CD_MUN":"3526803","NM_MUN":"Lençóis Paulista","SIGLA":"SP","AREA_KM2":809.541}},
{"type":"Feature","geometry":{"type":"Polygon","coordinates":[[[-47.252896683999985,-22.47686236599998],[-47.30220048,-22.444966077999915],[-47.33475569199996,-22.49808937099994],[-47.477023968,-22.526321584999973],[-47.51169919999995,-22.691506832],[-47.49045996499996,-22.724285204999948],[-47.38806208399994,-22.699270358999932],[-47.27905511599994,-22.663484719999936],[-47.22695880599998,-22.56996119599993],[-47.236573804999985,-22.520592079999933],[-47.252896683999985,-22.47686236599998]]]},"properties":{"CD_MUN":"3526902","NM_MUN":"Limeira","SIGLA":"SP","AREA_KM2":580.711}},
{"type":"Feature","geometry":{"type":"Polygon","coordinates":[[[-46.59897392999996,-22.51501118600002],[-46.658259088,-22.473108099999948],[-46.712590718999905,-22.503729585999963],[-46.61379702299994,-22.548190811999955],[-46.59897392999996,-22.51501118600002]]]},"properties":{"CD_MUN":"3527009","NM_MUN":"Lindóia","SIGLA":"SP","AREA_KM2":48.756}},
{"type":"Feature","geometry":{"type":"Polygon","coordinates":[[[-49.517568765,-21.602315669999914],[-49.633019175999955,-21.48911972499997],[-49.68688205199989,-21.523468725999937],[-49.86908495399993,-21.740529121999916],[-49.838872304,-21.760509880999965],[-49.77208522699989,-21.804372094999955],[-49.725880420999964,-21.746139187000022],[-49.573697675999924,-21.704607000999907],[-49.56782975099998,-21.62588138099993],[-49.517568765,-21.602315669999914]]]},"properties":{"CD_MUN":"3527108","NM_MUN":"Lins","SIGLA":"SP","AREA_KM2":570.058}},
{"type":"Feature","geometry":{"type":"Polygon","coordinates":[[[-45.1122482559999,-22.634701292999946],[-45.20373855499999,-22.655917244999966],[-45.14504270399994,-22.743009792999977],[-45.1005786659999,-22.877457754],[-45.029280901999975,-22.92066605699997],[-44.910405641999965,-22.8855763],[-44.89505649499998,-22.844538649999947],[-44.97511897,-22.808039949999923],[-45.06100317399994,-22.750240644999984],[-45.069209143999984,-22.676331388999902],[-45.1122482559999,-22.634701292999946]]]},"properties":{"CD_MUN":"3527207","NM_MUN":"Lorena","SIGLA":"SP","AREA_KM2":414.16}},
{"type":"Feature","geometry":{"type":"Polygon","coordinates":[[[-50.18102925599994,-20.90062312899997],[-50.262769008,-20.90583113699994],[-50.29923835199998,-20.999544942999968],[-50.1799767759999,-20.982384563999954],[-50.18102925599994,-20.90062312899997]]]},"properties":{"CD_MUN":"3527256","NM_MUN":"Lourdes","SIGLA":"SP","AREA_KM2":113.94}},
{"type":"Feature","geometry":{"type":"Polygon","coordinates":[[[-46.86532980099997,-23.07637673199997],[-46.91599369699998,-23.045748246999906],[-46.99539147599997,-23.115463677],[-46.995536424999976,-23.116483591999923],[-46.86532980099997,-23.07637673199997]]]},"properties":{"CD_MUN":"3527306","NM_MUN":"Louveira","SIGLA":"SP","AREA_KM2":55.738}},
{"type":"Feature","geometry":{"type":"Polygon","coordinates":[[[-50.92414804699993,-21.441876513999922],[-50.98489926599996,-21.432829497999926],[-50.993014557999956,-21.43710703399991],[-50.9655904169999,-21.483827048999924],[-50.97839512899995,-21.590844385999972],[-51.03427336899992,-21.649708355999984],[-51.09227791299997,-21.765810088999924],[-51.095114550999924,-21.835067078999923],[-51.008537205,-21.80444786499992],[-50.97664095999994,-21.700830112999956],[-50.9225470709999,-21.632176045999927],[-50.94005071199998,-21.55895519499996],[-50.89782101599997,-21.490723015999933],[-50.92414804699993,-21.441876513999922]]]},"properties":{"CD_MUN":"3527405","NM_MUN":"Lucélia","SIGLA":"SP","AREA_KM2":314.81}},
{"type":"Feature","geometry":{"type":"Polygon","coordinates":[[[-49.51279238899994,-22.395682672],[-49.60393007699999,-22.44307698699993],[-49.62851178999996,-22.469153382999938],[-49.56619329799993,-22.575046475999958],[-49.503016582999955,-22.51384672899995],[-49.484642634999986,-22.50309235],[-49.51279238899994,-22.395682672]]]},"properties":{"CD_MUN":"3527504","NM_MUN":"Lucianópolis","SIGLA":"SP","AREA_KM2":189.536}},
{"type":"Feature","geometry":{"type":"Polygon","coordinates":[[[-47.829574,-21.42288199899994],[-47.894949,-21.380400998999924],[-47.88742804199997,-21.50103371099995],[-47.92717681999996,-21.575967339999966],[-47.86314942499993,-21.611613426999963],[-47.811859571,-21.699111729999974],[-47.736829307999976,-21.711882848],[-47.72413938799993,-21.706248241],[-47.64256275299996,-21.592246008999947],[-47.66122903199996,-21.49797153899989],[-47.829574,-21.42288199899994]]]},"properties":{"CD_MUN":"3527603","NM_MUN":"Luís Antônio","SIGLA":"SP","AREA_KM2":598.257}},
{"type":"Feature","geometry":{"type":"Polygon","coordinates":[[[-50.30002383799996,-21.624664915],[-50.424854911,-21.631483626000012],[-50.44527153099995,-21.661519928999926],[-50.45411945099991,-21.688243738999944],[-50.30847734599996,-21.714514977],[-50.27330213099994,-21.70928348499995],[-50.24589624499997,-21.696749201999985],[-50.30002383799996,-21.624664915]]]},"properties":{"CD_MUN":"3527702","NM_MUN":"Luiziânia","SIGLA":"SP","AREA_KM2":166.576}},
{"type":"Feature","geometry":{"type":"Polygon","coordinates":[[[-49.73546761099989,-22.382319983999963],[-49.85472227900003,-22.356918382999922],[-49.885385094,-22.50581394599994],[-49.81760725,-22.526077195],[-49.79566393200001,-22.43771065999992],[-49.73546761099989,-22.382319983999963]]]},"properties":{"CD_MUN":"3527801","NM_MUN":"Lupércio","SIGLA":"SP","AREA_KM2":155.171}},
{"type":"Feature","geometry":{"type":"Polygon","coordinates":[[[-50.34588523499998,-22.188498168999935],[-50.45172942099995,-22.173140169999925],[-50.465315199999964,-22.315912750999942],[-50.449767083999944,-22.45919224599989],[-50.34999433399997,-22.478972122999927],[-50.236787654999944,-22.37934649599996],[-50.32422740299991,-22.359266321999947],[-50.29927486399998,-22.2087334039999],[-50.34588523499998,-22.188498168999935]]]},"properties":{"CD_MUN":"3527900","NM_MUN":"Lutécia","SIGLA":"SP","AREA_KM2":475.226}},
{"type":"Feature","geometry":{"type":"Polygon","coordinates":[[[-48.64197580699995,-22.482313629],[-48.70290887700001,-22.368544672999988],[-48.74079948299992,-22.45312056499996],[-48.82701331499996,-22.488418375],[-48.81651991699993,-22.541528395999908],[-48.67396213399992,-22.551733176999953],[-48.65321583299995,-22.532407447999923],[-48.62109516499997,-22.501914713],[-48.64197580699995,-22.482313629]]]},"properties":{"CD_MUN":"3528007","NM_MUN":"Macatuba","SIGLA":"SP","AREA_KM2":224.514}},
{"type":"Feature","geometry":{"type":"Polygon","coordinates":[[[-49.905204975999965,-20.76020325199993],[-49.925067638000016,-20.72326528699998],[-50.018583325,-20.760159187999925],[-50.02414306099993,-20.823956230999983],[-50.05067977699993,-20.931473970999956],[-50.03292173200002,-20.978390146999946],[-49.95696266499998,-20.906881123999952],[-49.90692861499994,-20.859490476999962],[-49.90524891399996,-20.761494334999906],[-49.905204975999965,-20.76020325199993]]]},"properties":{"CD_MUN":"3528106","NM_MUN":"Macaubal","SIGLA":"SP","AREA_KM2":248.087}},
{"type":"Feature","geometry":{"type":"Polygon","coordinates":[[[-50.11106594599994,-20.037807856999965],[-50.19015293899997,-19.986299162999952],[-50.240045121,-20.04515199499993],[-50.295501792,-20.017378755999946],[-50.308809874999945,-20.088590280999927],[-50.22203420899995,-20.20536488899994],[-50.03541050599998,-20.084393265999942],[-50.11106594599994,-20.037807856999965]]]},"properties":{"CD_MUN":"3528205","NM_MUN":"Macedônia","SIGLA":"SP","AREA_KM2":327.567}},
{"type":"Feature","geometry":{"type":"Polygon","coordinates":[[[-50.20287441999997,-20.481352144999985],[-50.28517718299998,-20.469783943000017],[-50.28588205199995,-20.586025912999926],[-50.29619270299996,-20.712773082999956],[-50.265422787,-20.752183167999902],[-50.25050327499996,-20.73673710599998],[-50.1707999069999,-20.615678364999965],[-50.13825222599994,-20.521091649],[-50.15437846699992,-20.504915396999888],[-50.20287441999997,-20.481352144999985]]]},"properties":{"CD_MUN":"3528304","NM_MUN":"Magda","SIGLA":"SP","AREA_KM2":312.282}},
{"type":"Feature","geometry":{"type":"Polygon","coordinates":[[[-47.187199,-23.417767998999985],[-47.326391,-23.439922998999982],[-47.316967,-23.463438998999976],[-47.23000611899996,-23.513397897999923],[-47.27727461099997,-23.59718945299992],[-47.205324,-23.61667499899994],[-47.158357,-23.540200999000014],[-47.187199,-23.417767998999985]]]},"properties":{"CD_MUN":"3528403","NM_MUN":"Mairinque","SIGLA":"SP","AREA_KM2":210.149}},
{"type":"Feature","geometry":{"type":"Polygon","coordinates":[[[-46.51538009399997,-23.23750188999997],[-46.637107,-23.258079998999968],[-46.670187,-23.363095998999896],[-46.669751374,-23.41859296399994],[-46.535438,-23.363304998999958],[-46.418451,-23.31631899899996],[-46.51538009399997,-23.23750188999997]]]},"properties":{"CD_MUN":"3528502","NM_MUN":"Mairiporã","SIGLA":"SP","AREA_KM2":320.697}},
{"type":"Feature","geometry":{"type":"Polygon","coordinates":[[[-49.22203782,-23.03648070699996],[-49.30367550099996,-22.952736637999983],[-49.36861853499998,-22.98457976199991],[-49.38763695199999,-23.053663163999936],[-49.329675882999894,-23.113114618999887],[-49.245447426999895,-23.144750046999953],[-49.22203782,-23.03648070699996]]]},"properties":{"CD_MUN":"3528601","NM_MUN":"Manduri","SIGLA":"SP","AREA_KM2":229.046}},
{"type":"Feature","geometry":{"type":"Polygon","coordinates":[[[-51.915360310999965,-22.00662569399997],[-52.023081285999965,-21.948670120999978],[-52.143937,-21.998494998999938],[-52.225194,-22.158636998999945],[-52.220632,-22.25866099900001],[-52.284730156999984,-22.273055685999985],[-52.209355235999965,-22.28613218599996],[-52.054043032999985,-22.272576335999936],[-51.934512521999935,-22.178005391999953],[-51.874403875999974,-22.177281641999933],[-51.86376466399995,-22.04302207199996],[-51.915360310999965,-22.00662569399997]]]},"properties":{"CD_MUN":"3528700","NM_MUN":"Marabá Paulista","SIGLA":"SP","AREA_KM2":919.519}},
{"type":"Feature","geometry":{"type":"Polygon","coordinates":[[[-50.51427618999995,-22.603673998000016],[-50.69163802099992,-22.546694693999978],[-50.82758121399992,-22.645285904999977],[-50.945036062,-22.675002363999983],[-50.97867808099991,-22.782609754999914],[-50.92769191899997,-22.797749882999927],[-50.85367118699999,-22.745349501999943],[-50.795915381,-22.67696020299997],[-50.73824634399992,-22.723059649999975],[-50.65241155899997,-22.685193631999976],[-50.571609485999964,-22.691508273999936],[-50.51427618999995,-22.603673998000016]]]},"properties":{"CD_MUN":"3528809","NM_MUN":"Maracaí","SIGLA":"SP","AREA_KM2":533.498}},
{"type":"Feature","geometry":{"type":"Polygon","coordinates":[[[-49.09133145599995,-21.221217442],[-49.14487930999993,-21.187394314999928],[-49.22909713699994,-21.31474753199992],[-49.23407470399994,-21.323574355999906],[-49.12440703399998,-21.298652837999974],[-49.05909568599995,-21.242166619999967],[-49.09133145599995,-21.221217442]]]},"properties":{"CD_MUN":"3528858","NM_MUN":"Marapoama","SIGLA":"SP","AREA_KM2":111.267}},
{"type":"Feature","geometry":{"type":"Polygon","coordinates":[[[-51.09227791299997,-21.765810088999924],[-51.177310667,-21.692428280999962],[-51.24175193999997,-21.73634342599998],[-51.224034964999916,-21.828824404999967],[-51.15484416999989,-21.86340939599992],[-51.140233225999964,-21.856871411999954],[-51.095114550999924,-21.835067078999923],[-51.09227791299997,-21.765810088999924]]]},"properties":{"CD_MUN":"3528908","NM_MUN":"Mariápolis","SIGLA":"SP","AREA_KM2":186.544}},
{"type":"Feature","geometry":{"type":"Polygon","coordinates":[[[-49.96670906299993,-21.94016552899992],[-50.06033275899996,-21.87445571099996],[-50.086045111999965,-21.931495539999943],[-50.04904625999995,-22.045367111999923],[-50.01428232899993,-22.080761580999972],[-50.07148320899992,-22.215413759999922],[-50.149943122999936,-22.260527892999935],[-50.13774389199998,-22.33782868099997],[-50.06924269399999,-22.492992608999938],[-50.060725407999946,-22.498902772999916],[-49.998786684,-22.413078711999965],[-49.98176780799996,-22.328346789999962],[-49.913203612,-22.33585998399997],[-49.86149990900002,-22.26293176799997],[-49.89099126799996,-22.14281995599997],[-49.84951922499994,-22.09736989699996],[-49.76826850500002,-22.04671516],[-49.88209929,-21.97004114499995],[-49.96670906299993,-21.94016552899992]]]},"properties":{"CD_MUN":"3529005","NM_MUN":"Marília","SIGLA":"SP","AREA_KM2":1170.515}},
{"type":"Feature","geometry":{"type":"Polygon","coordinates":[[[-50.81212320599999,-20.531151768999987],[-50.83854797999996,-20.412071558999987],[-50.87309821999996,-20.542395316999915],[-50.81212320599999,-20.531151768999987]]]},"properties":{"CD_MUN":"3529104","NM_MUN":"Marinópolis","SIGLA":"SP","AREA_KM2":77.827}},
{"type":"Feature","geometry":{"type":"Polygon","coordinates":[[[-51.08272341099999,-21.88176485799996],[-51.140233225999964,-21.856871411999954],[-51.15484416999989,-21.86340939599992],[-51.207786949999985,-22.068249646],[-51.242359014999934,-22.124242189],[-51.230244054999936,-22.221064424999923],[-51.219474225999946,-22.355077557999934],[-51.270674902999964,-22.544928736999967],[-51.14554433799994,-22.480135584],[-51.0999747719999,-22.486867588999946],[-51.11171445900002,-22.357345521999914],[-51.011805080999935,-22.144421994999917],[-50.97926478499996,-21.99888611699988],[-50.93786893199994,-21.95096862699991],[-50.96585796599992,-21.92575024999993],[-51.08272341099999,-21.88176485799996]]]},"properties":{"CD_MUN":"3529203","NM_MUN":"Martinópolis","SIGLA":"SP","AREA_KM2":1253.564}},
{"type":"Feature","geometry":{"type":"Polygon","coordinates":[[[-48.263439129999966,-21.534259416999966],[-48.447518267,-21.545486645999965],[-48.47107542699993,-21.51269404099999],[-48.62919115499997,-21.558686151999904],[-48.58452106199992,-21.62807384399997],[-48.51182687999993,-21.62343841299995],[-48.478780506,-21.707671683999905],[-48.444108257000025,-21.723622609999946],[-48.33082345199992,-21.697300794999972],[-48.27209572599999,-21.645116352999914],[-48.25951654999996,-21.539326016999958],[-48.263439129999966,-21.534259416999966]]]},"properties":{"CD_MUN":"3529302","NM_MUN":"Matão","SIGLA":"SP","AREA_KM2":524.899}},
{"type":"Feature","geometry":{"type":"Polygon","coordinates":[[[-46.38388517299995,-23.61771861899996],[-46.394784089999966,-23.61251833499992],[-46.485452,-23.622977998999914],[-46.474983332999926,-23.718288948999934],[-46.38388517299995,-23.61771861899996]]]},"properties":{"CD_MUN":"3529401","NM_MUN":"Mauá","SIGLA":"SP","AREA_KM2":61.937}},
{"type":"Feature","geometry":{"type":"Polygon","coordinates":[[[-49.495679185999926,-21.13815949699994],[-49.61849397399993,-21.127557337999967],[-49.660766437999925,-21.16126676899995],[-49.68396649099997,-21.20406587199991],[-49.60950105199997,-21.208263370999934],[-49.572434065,-21.27110883599995],[-49.51771059299992,-21.22805395799997],[-49.46015468899995,-21.177282563999942],[-49.495679185999926,-21.13815949699994]]]},"properties":{"CD_MUN":"3529500","NM_MUN":"Mendonça","SIGLA":"SP","AREA_KM2":195.151}},
{"type":"Feature","geometry":{"type":"Polygon","coordinates":[[[-50.20287441999997,-20.481352144999985],[-50.09221481799992,-20.37467],[-50.081406047,-20.310417180999938],[-50.14504047899992,-20.313725394999924],[-50.311342764,-20.469385171999885],[-50.28517718299998,-20.469783943000017],[-50.20287441999997,-20.481352144999985]]]},"properties":{"CD_MUN":"3529609","NM_MUN":"Meridiano","SIGLA":"SP","AREA_KM2":228.199}},
{"type":"Feature","geometry":{"type":"Polygon","coordinates":[[[-50.55170328499996,-19.99176182599994],[-50.614177567,-19.861040565999897],[-50.686411175999986,-19.916157164],[-50.64949161899996,-20.003984290999952],[-50.55170328499996,-19.99176182599994]]]},"properties":{"CD_MUN":"3529658","NM_MUN":"Mesópolis","SIGLA":"SP","AREA_KM2":148.636}},
{"type":"Feature","geometry":{"type":"Polygon","coordinates":[[[-47.89939995199994,-20.125674526],[-47.97596931699994,-20.035372666999915],[-48.020163,-20.124029000999908],[-48.105487412999906,-20.146355956000015],[-48.20777146499992,-20.03937002199999],[-48.315412862,-20.113801091],[-48.45161586899992,-20.125873735999953],[-48.34897366999995,-20.185455155999907],[-48.15589540899998,-20.23570695499993],[-48.149788638,-20.289554309],[-48.03996215299995,-20.353280846],[-47.92400160999996,-20.24289143899992],[-47.889510463999954,-20.155788935999972],[-47.89939995199994,-20.125674526]]]},"properties":{"CD_MUN":"3529708","NM_MUN":"Miguelópolis","SIGLA":"SP","AREA_KM2":820.849}},
{"type":"Feature","geometry":{"type":"Polygon","coordinates":[[[-48.384492513999895,-22.58001608999992],[-48.36414176399997,-22.49470182599996],[-48.413349333,-22.38047419799992],[-48.48078252899992,-22.356185856999975],[-48.50967368099994,-22.436118528999902],[-48.45191245299995,-22.539421621999942],[-48.384492513999895,-22.58001608999992]]]},"properties":{"CD_MUN":"3529807","NM_MUN":"Mineiros do Tietê","SIGLA":"SP","AREA_KM2":213.242}},
{"type":"Feature","geometry":{"type":"Polygon","coordinates":[[[-47.127134569999924,-24.008718014999943],[-47.19995322399992,-24.00059496499992],[-47.35520691199994,-24.021785823],[-47.477328051999926,-24.08132335499996],[-47.48213470099991,-24.129215926],[-47.56535392099998,-24.185223667999942],[-47.557721041000015,-24.368173923],[-47.366683149999936,-24.384773587999987],[-47.31950958899997,-24.33951998699998],[-47.28691151699992,-24.277773891999978],[-47.26739192900002,-24.114992],[-47.127134569999924,-24.008718014999943]]]},"properties":{"CD_MUN":"3529906","NM_MUN":"Miracatu","SIGLA":"SP","AREA_KM2":1001.484}},
{"type":"Feature","geometry":{"type":"Polygon","coordinates":[[[-50.04413151599991,-19.916422495999928],[-50.171752447999935,-19.875513782999974],[-50.19015293899997,-19.986299162999952],[-50.11106594599994,-20.037807856999965],[-50.04413151599991,-19.916422495999928]]]},"properties":{"CD_MUN":"3530003","NM_MUN":"Mira Estrela","SIGLA":"SP","AREA_KM2":216.825}},
{"type":"Feature","geometry":{"type":"Polygon","coordinates":[[[-50.899600768999974,-20.909771384999907],[-51.07115843699994,-20.830889688999985],[-51.14296992,-20.854529249999896],[-51.11651655899989,-20.98862379599998],[-51.207140621999976,-21.093250364999925],[-51.30672056999998,-21.17193256999995],[-51.32883303700002,-21.292511031999926],[-51.28630324399996,-21.319272320999936],[-51.22540167699994,-21.342041191999925],[-51.05272195599994,-21.069260055999948],[-50.899600768999974,-20.909771384999907]]]},"properties":{"CD_MUN":"3530102","NM_MUN":"Mirandópolis","SIGLA":"SP","AREA_KM2":917.694}},
{"type":"Feature","geometry":{"type":"Polygon","coordinates":[[[-51.73845204699995,-22.179879987999982],[-51.822470626,-22.151408228999934],[-51.874403875999974,-22.177281641999933],[-51.934512521999935,-22.178005391999953],[-52.054043032999985,-22.272576335999936],[-52.209355235999965,-22.28613218599996],[-52.227150587000025,-22.374691083999974],[-52.13555422899995,-22.52691457299992],[-52.032923989999986,-22.539164388999975],[-51.947680415999926,-22.514776138999935],[-51.83812893199999,-22.357720188],[-51.73845204699995,-22.179879987999982]]]},"properties":{"CD_MUN":"3530201","NM_MUN":"Mirante do Paranapanema","SIGLA":"SP","AREA_KM2":1238.931}},
{"type":"Feature","geometry":{"type":"Polygon","coordinates":[[[-49.43666928200001,-20.87925081699998],[-49.461184,-20.684895998999906],[-49.465277,-20.68165099899991],[-49.483877632000016,-20.693689981000016],[-49.57620590099998,-20.78920186899996],[-49.573448401999904,-20.863853889999948],[-49.52264901999996,-20.975145234999957],[-49.506491607999976,-20.944991012999967],[-49.43666928200001,-20.87925081699998]]]},"properties":{"CD_MUN":"3530300","NM_MUN":"Mirassol","SIGLA":"SP","AREA_KM2":243.228}},
{"type":"Feature","geometry":{"type":"Polygon","coordinates":[[[-49.47811231899994,-20.505141761999965],[-49.49701411899998,-20.497390702999905],[-49.544308392999895,-20.617548918999926],[-49.483877632000016,-20.693689981000016],[-49.465277,-20.68165099899991],[-49.42304937300001,-20.608251113999962],[-49.44600047999998,-20.543242755999955],[-49.47811231899994,-20.505141761999965]]]},"properties":{"CD_MUN":"3530409","NM_MUN":"Mirassolândia","SIGLA":"SP","AREA_KM2":166.125}},
{"type":"Feature","geometry":{"type":"Polygon","coordinates":[[[-47.04422430399992,-21.267355255999973],[-47.19185663699996,-21.34801488399992],[-47.24132110099994,-21.443311469],[-47.13070299799995,-21.493988474999934],[-47.0974631,-21.56787784299997],[-47.03755648699996,-21.623474947999952],[-46.978710462,-21.61090049099995],[-46.911146252,-21.484534671999942],[-46.829190084,-21.49685000499991],[-46.78149397299995,-21.370705237999985],[-46.932901421999965,-21.42497916099991],[-47.04422430399992,-21.267355255999973]]]},"properties":{"CD_MUN":"3530508","NM_MUN":"Mococa","SIGLA":"SP","AREA_KM2":855.156}},
{"type":"Feature","geometry":{"type":"Polygon","coordinates":[[[-46.077039,-23.514674998999986],[-46.139665,-23.44039799899994],[-46.157484795999984,-23.342808558999963],[-46.247678,-23.405620998999908],[-46.27059918899993,-23.42988307599999],[-46.288128,-23.489648998999932],[-46.259050325999965,-23.61174440900001],[-46.266788,-23.68573699899997],[-46.321927,-23.744428998999965],[-46.278391,-23.770306999],[-46.202373,-23.751299998999954],[-46.100905,-23.718449998999937],[-46.077039,-23.514674998999986]]]},"properties":{"CD_MUN":"3530607","NM_MUN":"Mogi das Cruzes","SIGLA":"SP","AREA_KM2":712.541}},
{"type":"Feature","geometry":{"type":"Polygon","coordinates":[[[-46.87485035199998,-22.113137791999957],[-46.937049306999974,-22.146408676999982],[-47.04620593199992,-22.115642278999967],[-47.10047640799992,-22.067324985999957],[-47.197488914999944,-22.098716873999944],[-47.224204519,-22.206333485999927],[-47.184290774999944,-22.29202008399996],[-47.08375477299997,-22.299811107999954],[-47.03174751399992,-22.308026113999944],[-46.939581048999926,-22.4009124909999],[-46.87216182799993,-22.388131784999885],[-46.791257619,-22.297321156999903],[-46.89999490299989,-22.245745143],[-46.89708161399999,-22.20488471099996],[-46.87485035199998,-22.113137791999957]]]},"properties":{"CD_MUN":"3530706","NM_MUN":"Mogi Guaçu","SIGLA":"SP","AREA_KM2":812.753}},
{"type":"Feature","geometry":{"type":"Polygon","coordinates":[[[-46.87216182799993,-22.388131784999885],[-46.939581048999926,-22.4009124909999],[-47.03174751399992,-22.308026113999944],[-47.08375477299997,-22.299811107999954],[-47.089509376999956,-22.385918728],[-47.13604003499993,-22.469887591999935],[-47.08635420199993,-22.47423492400001],[-47.05478093599994,-22.570681517999933],[-47.04829780799999,-22.57026178099993],[-46.987090126999945,-22.54408465599994],[-46.871665815999926,-22.54764090899993],[-46.87216182799993,-22.388131784999885]]]},"properties":{"CD_MUN":"3530805","NM_MUN":"Mogi Mirim","SIGLA":"SP","AREA_KM2":497.708}},
{"type":"Feature","geometry":{"type":"Polygon","coordinates":[[[-47.62330635599998,-22.994218594999936],[-47.52508527599996,-22.963419566999974],[-47.519342965999925,-22.88706122499994],[-47.619217520999975,-22.922734845],[-47.70118785999992,-22.918663038999973],[-47.66026878799991,-22.997283975999906],[-47.62330635599998,-22.994218594999936]]]},"properties":{"CD_MUN":"3530904","NM_MUN":"Mombuca","SIGLA":"SP","AREA_KM2":133.698}},
{"type":"Feature","geometry":{"type":"Polygon","coordinates":[[[-50.02414306099993,-20.823956230999983],[-50.121288144999916,-20.83111612399998],[-50.16385966399996,-20.874882875999976],[-50.05067977699993,-20.931473970999956],[-50.02414306099993,-20.823956230999983]]]},"properties":{"CD_MUN":"3531001","NM_MUN":"Monções","SIGLA":"SP","AREA_KM2":104.352}},
{"type":"Feature","geometry":{"type":"Polygon","coordinates":[[[-46.593065592999956,-23.997500018],[-46.64253630499992,-24.01020091599998],[-46.742940911999945,-24.064289377999927],[-46.70938585799995,-24.14413628399995],[-46.60438272100002,-24.089730509999953],[-46.593065592999956,-23.997500018]]]},"properties":{"CD_MUN":"3531100","NM_MUN":"Mongaguá","SIGLA":"SP","AREA_KM2":142.755}},
{"type":"Feature","geometry":{"type":"Polygon","coordinates":[[[-46.62903081299998,-22.653574960999965],[-46.72767956199994,-22.65494451199995],[-46.683031435999936,-22.737006182999906],[-46.708057593,-22.779496865999924],[-46.66092679499993,-22.768790773999967],[-46.621832667000014,-22.723142183999965],[-46.62903081299998,-22.653574960999965]]]},"properties":{"CD_MUN":"3531209","NM_MUN":"Monte Alegre do Sul","SIGLA":"SP","AREA_KM2":110.308}},
{"type":"Feature","geometry":{"type":"Polygon","coordinates":[[[-48.47709709499998,-21.179320040999947],[-48.58116822099998,-21.165683446999903],[-48.706954593,-21.206772945999983],[-48.69554135199998,-21.220914268999955],[-48.619296976999955,-21.286933095999903],[-48.577325748999925,-21.33974119999996],[-48.426824263999904,-21.318652680999914],[-48.450489010999945,-21.21133698599996],[-48.47709709499998,-21.179320040999947]]]},"properties":{"CD_MUN":"3531308","NM_MUN":"Monte Alto","SIGLA":"SP","AREA_KM2":346.95}},
{"type":"Feature","geometry":{"type":"Polygon","coordinates":[[[-49.60522740599995,-20.70740717999998],[-49.708752798,-20.636720610999912],[-49.838555755999906,-20.614364070999933],[-49.90368055699996,-20.710063767999962],[-49.94818468199995,-20.699414506],[-49.925067638000016,-20.72326528699998],[-49.905204975999965,-20.76020325199993],[-49.81999733999995,-20.67405860199992],[-49.762201400999935,-20.718287776999897],[-49.77710431999995,-20.811771023999945],[-49.90524891399996,-20.761494334999906],[-49.90692861499994,-20.859490476999962],[-49.833985145000014,-20.849320643999967],[-49.70128606500001,-20.860710874999953],[-49.625923104,-20.757736907999966],[-49.60522740599995,-20.70740717999998]]]},"properties":{"CD_MUN":"3531407","NM_MUN":"Monte Aprazível","SIGLA":"SP","AREA_KM2":495.559}},
{"type":"Feature","geometry":{"type":"Polygon","coordinates":[[[-48.63601480399994,-20.8189851339999],[-48.719401934999965,-20.812958],[-48.744793826,-20.839840271999908],[-48.78564348499996,-20.93402085199992],[-48.69381334799991,-21.006897489],[-48.685996313999986,-21.010246118999962],[-48.589164599,-20.89740858299992],[-48.63601480399994,-20.8189851339999]]]},"properties":{"CD_MUN":"3531506","NM_MUN":"Monte Azul Paulista","SIGLA":"SP","AREA_KM2":263.462}},
{"type":"Feature","geometry":{"type":"Polygon","coordinates":[[[-51.501836728999905,-21.22107440799997],[-51.639612412999924,-21.16278854999992],[-51.65239619799992,-21.28454045499991],[-51.616068289999916,-21.327034962999978],[-51.49772494599995,-21.312396496999906],[-51.501836728999905,-21.22107440799997]]]},"properties":{"CD_MUN":"3531605","NM_MUN":"Monte Castelo","SIGLA":"SP","AREA_KM2":233.547}},
{"type":"Feature","geometry":{"type":"Polygon","coordinates":[[[-45.768028145999935,-22.83595880899997],[-45.870978,-22.87149299899994],[-45.886258,-23.017097998999922],[-45.841785,-23.041191998999956],[-45.725088035999946,-22.969445781999966],[-45.70467316199995,-22.947963540999936],[-45.66635537999996,-22.881683791999897],[-45.66996004899996,-22.876458105999973],[-45.768028145999935,-22.83595880899997]]]},"properties":{"CD_MUN":"3531704","NM_MUN":"Monteiro Lobato","SIGLA":"SP","AREA_KM2":332.742}},
{"type":"Feature","geometry":{"type":"Polygon","coordinates":[[[-47.257663,-22.898798999],[-47.341818035999964,-22.860254953999934],[-47.39620978199996,-22.904528006],[-47.38876558999998,-22.98364414699995],[-47.290614868,-23.043708733],[-47.233134,-23.007243998999947],[-47.246767,-22.909477998999925],[-47.257663,-22.898798999]]]},"properties":{"CD_MUN":"3531803","NM_MUN":"Monte Mor","SIGLA":"SP","AREA_KM2":240.566}},
{"type":"Feature","geometry":{"type":"Polygon","coordinates":[[[-48.21135005099998,-20.455011971],[-48.28073758199995,-20.470669736999945],[-48.38365494499996,-20.537161397999935],[-48.34459760399998,-20.57528383700001],[-48.338292472,-20.695543437999984],[-48.26057487999995,-20.738271528999928],[-48.255245917999915,-20.80625306],[-48.207677834,-20.875386864999932],[-48.179026391,-20.887306130999903],[-48.057939380999954,-20.93043323199991],[-47.985368655999956,-20.876369914999913],[-47.961991938999944,-20.814359371999966],[-47.98905016,-20.61683772899997],[-48.08347279099998,-20.585488234999936],[-48.13373868299992,-20.493512839999948],[-48.21135005099998,-20.455011971]]]},"properties":{"CD_MUN":"3531902","NM_MUN":"Morro Agudo","SIGLA":"SP","AREA_KM2":1388.127}},
{"type":"Feature","geometry":{"type":"Polygon","coordinates":[[[-46.76087934299994,-22.847852391999943],[-46.83713957999995,-22.843391724999904],[-46.85838502499992,-22.836177209999917],[-46.878454,-22.927068998999957],[-46.681600032999896,-22.930223471999923],[-46.68181646199995,-22.885446450999915],[-46.76087934299994,-22.847852391999943]]]},"properties":{"CD_MUN":"3532009","NM_MUN":"Morungaba","SIGLA":"SP","AREA_KM2":146.752}},
{"type":"Feature","geometry":{"type":"Polygon","coordinates":[[[-48.108946855999974,-21.42933819999998],[-48.11350269399998,-21.42058573499993],[-48.234652882999924,-21.473750383],[-48.263439129999966,-21.534259416999966],[-48.25951654999996,-21.539326016999958],[-48.166465913,-21.606017100999928],[-48.074270012999975,-21.479238513999963],[-48.108946855999974,-21.42933819999998]]]},"properties":{"CD_MUN":"3532058","NM_MUN":"Motuca","SIGLA":"SP","AREA_KM2":228.7}},
{"type":"Feature","geometry":{"type":"Polygon","coordinates":[[[-51.24213489399995,-20.858058732999982],[-51.29064611499993,-20.86918024799994],[-51.305470385000014,-20.97565753599998],[-51.401972207999975,-21.07538101299996],[-51.405392070999966,-21.135425328999933],[-51.33042798199991,-21.111351494999973],[-51.198164880999926,-20.950195640999922],[-51.24213489399995,-20.858058732999982]]]},"properties":{"CD_MUN":"3532108","NM_MUN":"Murutinga do Sul","SIGLA":"SP","AREA_KM2":250.873}},
{"type":"Feature","geometry":{"type":"Polygon","coordinates":[[[-51.0999747719999,-22.486867588999946],[-51.14554433799994,-22.480135584],[-51.270674902999964,-22.544928736999967],[-51.2982027689999,-22.67350749299993],[-51.21373746899992,-22.723667543],[-51.13481853399995,-22.604366233999915],[-51.0999747719999,-22.486867588999946]]]},"properties":{"CD_MUN":"3532157","NM_MUN":"Nantes","SIGLA":"SP","AREA_KM2":286.647}},
{"type":"Feature","geometry":{"type":"Polygon","coordinates":[[[-51.49266664399994,-22.36201141699997],[-51.55303887399995,-22.398939168999963],[-51.55167912799989,-22.525211143999933],[-51.62787862899993,-22.658240645],[-51.5595691579999,-22.697179343999938],[-51.44641022199991,-22.652952322999962],[-51.45275946799998,-22.515665120999948],[-51.52000931899991,-22.45852742999995],[-51.49266664399994,-22.36201141699997]]]},"properties":{"CD_MUN":"3532207","NM_MUN":"Narandiba","SIGLA":"SP","AREA_KM2":357.325}},
{"type":"Feature","geometry":{"type":"Polygon","coordinates":[[[-45.380970503999954,-23.288999974],[-45.56610783499996,-23.33241117899997],[-45.562173791999975,-23.41381813099993],[-45.457261301,-23.577102946],[-45.34894828299995,-23.547882587999922],[-45.27343520299995,-23.483132949],[-45.17572765399997,-23.43897580099995],[-45.17503824399995,-23.39516797899993],[-45.22659523499996,-23.331765531000016],[-45.380970503999954,-23.288999974]]]},"properties":{"CD_MUN":"3532306","NM_MUN":"Natividade da Serra","SIGLA":"SP","AREA_KM2":833.372}},
{"type":"Feature","geometry":{"type":"Polygon","coordinates":[[[-46.215061,-23.108423999],[-46.330374,-23.100447998999982],[-46.415424,-23.120754998999935],[-46.439623,-23.198707998999936],[-46.509363,-23.232544999],[-46.51538009399997,-23.23750188999997],[-46.418451,-23.31631899899996],[-46.364157,-23.274082998999965],[-46.262198,-23.186386998999943],[-46.215061,-23.108423999]]]},"properties":{"CD_MUN":"3532405","NM_MUN":"Nazaré Paulista","SIGLA":"SP","AREA_KM2":326.254}},
{"type":"Feature","geometry":{"type":"Polygon","coordinates":[[[-49.625923104,-20.757736907999966],[-49.70128606500001,-20.860710874999953],[-49.72643605900002,-20.932079632999976],[-49.634957335999914,-20.97170904699995],[-49.626847896999955,-20.87997048299993],[-49.573448401999904,-20.863853889999948],[-49.57620590099998,-20.78920186899996],[-49.625923104,-20.757736907999966]]]},"properties":{"CD_MUN":"3532504","NM_MUN":"Neves Paulista","SIGLA":"SP","AREA_KM2":219.05}},
{"type":"Feature","geometry":{"type":"Polygon","coordinates":[[[-49.982785751999984,-20.57230520999994],[-50.120168512,-20.52165102999993],[-50.088490565999976,-20.630705355999943],[-50.1229904209999,-20.682965440999954],[-50.11406531899995,-20.763454233999976],[-50.121288144999916,-20.83111612399998],[-50.02414306099993,-20.823956230999983],[-50.018583325,-20.760159187999925],[-49.925067638000016,-20.72326528699998],[-49.94818468199995,-20.699414506],[-49.982785751999984,-20.57230520999994]]]},"properties":{"CD_MUN":"3532603","NM_MUN":"Nhandeara","SIGLA":"SP","AREA_KM2":436.159}},
{"type":"Feature","geometry":{"type":"Polygon","coordinates":[[[-49.70128606500001,-20.860710874999953],[-49.833985145000014,-20.849320643999967],[-49.85076389699998,-20.931864220999916],[-49.827298196999976,-20.953690109999954],[-49.72643605900002,-20.932079632999976],[-49.70128606500001,-20.860710874999953]]]},"properties":{"CD_MUN":"3532702","NM_MUN":"Nipoã","SIGLA":"SP","AREA_KM2":137.609}},
{"type":"Feature","geometry":{"type":"Polygon","coordinates":[[[-49.44592526299998,-20.985236707999952],[-49.506491607999976,-20.944991012999967],[-49.52264901999996,-20.975145234999957],[-49.557438044,-21.024666523999933],[-49.61849397399993,-21.127557337999967],[-49.495679185999926,-21.13815949699994],[-49.44592526299998,-20.985236707999952]]]},"properties":{"CD_MUN":"3532801","NM_MUN":"Nova Aliança","SIGLA":"SP","AREA_KM2":217.515}},
{"type":"Feature","geometry":{"type":"Polygon","coordinates":[[[-48.8218374809999,-24.128061636999973],[-48.85683722899998,-24.09969890199998],[-48.983394330999914,-24.10115347799998],[-49.05964482,-24.18997604499996],[-49.137037484,-24.18582920799995],[-49.148460293999925,-24.258385716999932],[-49.107858824,-24.250668039999965],[-49.06298470599994,-24.24315594399996],[-48.986971245999925,-24.312339982999966],[-48.8218374809999,-24.128061636999973]]]},"properties":{"CD_MUN":"3532827","NM_MUN":"Nova Campina","SIGLA":"SP","AREA_KM2":385.375}},
{"type":"Feature","geometry":{"type":"Polygon","coordinates":[[[-50.85374064699997,-20.386421512],[-50.93327805299996,-20.3109309129999],[-50.96708257999991,-20.399979811999955],[-50.843703775999955,-20.41464511699994],[-50.85374064699997,-20.386421512]]]},"properties":{"CD_MUN":"3532843","NM_MUN":"Nova Canaã Paulista","SIGLA":"SP","AREA_KM2":124.473}},
{"type":"Feature","geometry":{"type":"Polygon","coordinates":[[[-50.29619270299996,-20.712773082999956],[-50.39762822799993,-20.723398440999983],[-50.43216044699996,-20.797491859999937],[-50.33633242399997,-20.846133956],[-50.290588283999966,-20.835730818999973],[-50.265422787,-20.752183167999902],[-50.29619270299996,-20.712773082999956]]]},"properties":{"CD_MUN":"3532868","NM_MUN":"Nova Castilho","SIGLA":"SP","AREA_KM2":183.396}},
{"type":"Feature","geometry":{"type":"Polygon","coordinates":[[[-48.444108257000025,-21.723622609999946],[-48.478780506,-21.707671683999905],[-48.630173769999914,-21.77428876699997],[-48.66972750099993,-21.831593509999934],[-48.657864799999935,-21.84463723699995],[-48.59451757899997,-21.845899425999935],[-48.444108257000025,-21.723622609999946]]]},"properties":{"CD_MUN":"3532900","NM_MUN":"Nova Europa","SIGLA":"SP","AREA_KM2":160.25}},
{"type":"Feature","geometry":{"type":"Polygon","coordinates":[[[-49.30831410599998,-20.311485944],[-49.307246495999934,-20.301560213999945],[-49.397638298,-20.377963264999952],[-49.398442167999974,-20.436311319],[-49.47811231899994,-20.505141761999965],[-49.44600047999998,-20.543242755999955],[-49.364410881,-20.605555500999948],[-49.20014511299995,-20.535709905],[-49.219606774999946,-20.471894900999885],[-49.2668296099999,-20.42099398599989],[-49.30831410599998,-20.311485944]]]},"properties":{"CD_MUN":"3533007","NM_MUN":"Nova Granada","SIGLA":"SP","AREA_KM2":531.796}},
{"type":"Feature","geometry":{"type":"Polygon","coordinates":[[[-51.616068289999916,-21.327034962999978],[-51.65239619799992,-21.28454045499991],[-51.68164457299993,-21.303628795999927],[-51.676013133,-21.34674511899993],[-51.616068289999916,-21.327034962999978]]]},"properties":{"CD_MUN":"3533106","NM_MUN":"Nova Guataporanga","SIGLA":"SP","AREA_KM2":34.158}},
{"type":"Feature","geometry":{"type":"Polygon","coordinates":[[[-51.475561104999926,-21.04971195],[-51.59127496400002,-21.08717851199998],[-51.64000371499996,-21.163204638999975],[-51.639612412999924,-21.16278854999992],[-51.501836728999905,-21.22107440799997],[-51.48550792499995,-21.232527150999978],[-51.405392070999966,-21.135425328999933],[-51.401972207999975,-21.07538101299996],[-51.475561104999926,-21.04971195]]]},"properties":{"CD_MUN":"3533205","NM_MUN":"Nova Independência","SIGLA":"SP","AREA_KM2":265.029}},
{"type":"Feature","geometry":{"type":"Polygon","coordinates":[[[-48.908734653999915,-20.91532486599995],[-48.95986206399991,-20.94401561099991],[-48.94000025899993,-21.059624683999942],[-48.85957064499992,-21.006077591999937],[-48.908734653999915,-20.91532486599995]]]},"properties":{"CD_MUN":"3533254","NM_MUN":"Novais","SIGLA":"SP","AREA_KM2":117.772}},
{"type":"Feature","geometry":{"type":"Polygon","coordinates":[[[-50.16385966399996,-20.874882875999976],[-50.290588283999966,-20.835730818999973],[-50.33633242399997,-20.846133956],[-50.262769008,-20.90583113699994],[-50.18102925599994,-20.90062312899997],[-50.16385966399996,-20.874882875999976]]]},"properties":{"CD_MUN":"3533304","NM_MUN":"Nova Luzitânia","SIGLA":"SP","AREA_KM2":73.816}},
{"type":"Feature","geometry":{"type":"Polygon","coordinates":[[[-47.211154575,-22.794706879999946],[-47.21080838099995,-22.742946177999954],[-47.351201290999896,-22.78503176299994],[-47.358400324999934,-22.817465881],[-47.211154575,-22.794706879999946]]]},"properties":{"CD_MUN":"3533403","NM_MUN":"Nova Odessa","SIGLA":"SP","AREA_KM2":73.788}},
{"type":"Feature","geometry":{"type":"Polygon","coordinates":[[[-49.22909713699994,-21.31474753199992],[-49.28483605499993,-21.288983101999968],[-49.396300524999965,-21.372090568999944],[-49.46736061299994,-21.440205649999964],[-49.54712052099996,-21.42268148299996],[-49.44545105899991,-21.524068499999913],[-49.32854812299993,-21.559037703999948],[-49.31149266299998,-21.61718247199996],[-49.27332228700003,-21.65900798999992],[-49.238635585999916,-21.67080378999998],[-49.213293162999975,-21.671144399999918],[-49.15021067499998,-21.530231173999912],[-49.08216445999997,-21.464533719],[-49.172017121999914,-21.412086328999944],[-49.23407470399994,-21.323574355999906],[-49.22909713699994,-21.31474753199992]]]},"properties":{"CD_MUN":"3533502","NM_MUN":"Novo Horizonte","SIGLA":"SP","AREA_KM2":931.743}},
{"type":"Feature","geometry":{"type":"Polygon","coordinates":[[[-47.74302737599997,-20.595483517999966],[-47.788340556999934,-20.581043984999923],[-47.80658786799991,-20.612998348],[-47.82469513999993,-20.74470775199991],[-47.71815626499995,-20.81534173099989],[-47.66289508099996,-20.82034650899992],[-47.65080262699996,-20.72110433199997],[-47.61249338199997,-20.70025534799994],[-47.74302737599997,-20.595483517999966]]]},"properties":{"CD_MUN":"3533601","NM_MUN":"Nuporanga","SIGLA":"SP","AREA_KM2":348.265}},
{"type":"Feature","geometry":{"type":"Polygon","coordinates":[[[-49.913203612,-22.33585998399997],[-49.98176780799996,-22.328346789999962],[-49.998786684,-22.413078711999965],[-50.060725407999946,-22.498902772999916],[-49.9263114619999,-22.540810214],[-49.88785463999996,-22.525469418999897],[-49.885385094,-22.50581394599994],[-49.85472227900003,-22.356918382999922],[-49.913203612,-22.33585998399997]]]},"properties":{"CD_MUN":"3533700","NM_MUN":"Ocauçu","SIGLA":"SP","AREA_KM2":301.036}},
{"type":"Feature","geometry":{"type":"Polygon","coordinates":[[[-49.30367550099996,-22.952736637999983],[-49.369586049999924,-22.883432451999987],[-49.45857210400001,-22.91327832099995],[-49.41211547499995,-23.051545506999958],[-49.38763695199999,-23.053663163999936],[-49.36861853499998,-22.98457976199991],[-49.30367550099996,-22.952736637999983]]]},"properties":{"CD_MUN":"3533809","NM_MUN":"Óleo","SIGLA":"SP","AREA_KM2":198.938}},
{"type":"Feature","geometry":{"type":"Polygon","coordinates":[[[-48.792419062999954,-20.725305017],[-48.845710503999946,-20.625036855999976],[-48.85223355899992,-20.54479500699996],[-48.99011338999994,-20.58172844699989],[-49.01482749199994,-20.649811336],[-49.11887156999992,-20.604417590999944],[-49.12915351299995,-20.67574545399996],[-49.09882807400001,-20.78299923799994],[-49.07898849299991,-20.811771838999924],[-48.94908624599996,-20.869327354999943],[-48.891703321,-20.823796082999966],[-48.792419062999954,-20.725305017]]]},"properties":{"CD_MUN":"3533908","NM_MUN":"Olímpia","SIGLA":"SP","AREA_KM2":802.555}},
{"type":"Feature","geometry":{"type":"Polygon","coordinates":[[[-49.20014511299995,-20.535709905],[-49.364410881,-20.605555500999948],[-49.352477,-20.635336998999918],[-49.266452,-20.679998999],[-49.17876362999991,-20.661976933999924],[-49.1306514249999,-20.59458151699994],[-49.20014511299995,-20.535709905]]]},"properties":{"CD_MUN":"3534005","NM_MUN":"Onda Verde","SIGLA":"SP","AREA_KM2":242.946}},
{"type":"Feature","geometry":{"type":"Polygon","coordinates":[[[-50.04904625999995,-22.045367111999923],[-50.087745626999975,-22.026960427999906],[-50.170074194999984,-22.191322669999956],[-50.172626837999985,-22.246138948999903],[-50.149943122999936,-22.260527892999935],[-50.07148320899992,-22.215413759999922],[-50.01428232899993,-22.080761580999972],[-50.04904625999995,-22.045367111999923]]]},"properties":{"CD_MUN":"3534104","NM_MUN":"Oriente","SIGLA":"SP","AREA_KM2":218.668}},
{"type":"Feature","geometry":{"type":"Polygon","coordinates":[[[-49.30585055799998,-20.11690107599998],[-49.37671637899996,-20.145146951],[-49.44984442199997,-20.128958121999982],[-49.45801478299991,-20.21824976699996],[-49.349175117999984,-20.25066064099997],[-49.307246495999934,-20.301560213999945],[-49.30831410599998,-20.311485944],[-49.25969311599998,-20.258760112999905],[-49.30585055799998,-20.11690107599998]]]},"properties":{"CD_MUN":"3534203","NM_MUN":"Orindiúva","SIGLA":"SP","AREA_KM2":247.378}},
{"type":"Feature","geometry":{"type":"Polygon","coordinates":[[[-47.80658786799991,-20.612998348],[-47.88117646899998,-20.647328056999967],[-47.98905016,-20.61683772899997],[-47.961991938999944,-20.814359371999966],[-47.82469513999993,-20.74470775199991],[-47.80658786799991,-20.612998348]]]},"properties":{"CD_MUN":"3534302","NM_MUN":"Orlândia","SIGLA":"SP","AREA_KM2":291.765}},
{"type":"Feature","geometry":{"type":"Polygon","coordinates":[[[-46.807775,-23.609066998999907],[-46.76003,-23.529203998999968],[-46.799528,-23.47138299899992],[-46.81739,-23.520716998999944],[-46.81733226899995,-23.58185590399998],[-46.807775,-23.609066998999907]]]},"properties":{"CD_MUN":"3534401","NM_MUN":"Osasco","SIGLA":"SP","AREA_KM2":64.954}},
{"type":"Feature","geometry":{"type":"Polygon","coordinates":[[[-50.172626837999985,-22.246138948999903],[-50.29927486399998,-22.2087334039999],[-50.32422740299991,-22.359266321999947],[-50.236787654999944,-22.37934649599996],[-50.169379718999906,-22.320026256999945],[-50.172626837999985,-22.246138948999903]]]},"properties":{"CD_MUN":"3534500","NM_MUN":"Oscar Bressane","SIGLA":"SP","AREA_KM2":222.13}},
{"type":"Feature","geometry":{"type":"Polygon","coordinates":[[[-50.773520256999944,-21.544623325999943],[-50.80924265299995,-21.56008193499993],[-50.87996746799998,-21.689417139999954],[-50.91480611799996,-21.66934566599995],[-50.96124371599997,-21.822584165999945],[-50.90432018399993,-21.870008554999973],[-50.82690756099996,-21.689018083999976],[-50.77981250899992,-21.567784038999935],[-50.773520256999944,-21.544623325999943]]]},"properties":{"CD_MUN":"3534609","NM_MUN":"Osvaldo Cruz","SIGLA":"SP","AREA_KM2":248.038}},
{"type":"Feature","geometry":{"type":"Polygon","coordinates":[[[-49.77951653199996,-22.877327808],[-49.884382195999976,-22.838221925],[-49.88619525399997,-22.903783553999943],[-49.972525050999934,-22.95854338199993],[-49.833658578,-23.065942941999893],[-49.763447416,-22.969935340999967],[-49.77951653199996,-22.877327808]]]},"properties":{"CD_MUN":"3534708","NM_MUN":"Ourinhos","SIGLA":"SP","AREA_KM2":295.818}},
{"type":"Feature","geometry":{"type":"Polygon","coordinates":[[[-50.337433469999944,-19.86948448799991],[-50.454110833,-19.786230585999895],[-50.479869486,-19.82684830299993],[-50.43332403399995,-19.983730216999938],[-50.422917364999904,-20.054529755999937],[-50.33159832699995,-20.035871605999898],[-50.337433469999944,-19.86948448799991]]]},"properties":{"CD_MUN":"3534757","NM_MUN":"Ouroeste","SIGLA":"SP","AREA_KM2":288.648}},
{"type":"Feature","geometry":{"type":"Polygon","coordinates":[[[-51.723182036999944,-21.395169829999947],[-51.772983605999926,-21.38829011499995],[-51.75280043,-21.449855499999924],[-51.84276071799998,-21.57838706199989],[-51.71402032799996,-21.595979853999978],[-51.646655636999945,-21.511442334999984],[-51.66908518299992,-21.433233903],[-51.723182036999944,-21.395169829999947]]]},"properties":{"CD_MUN":"3534807","NM_MUN":"Ouro Verde","SIGLA":"SP","AREA_KM2":266.778}},
{"type":"Feature","geometry":{"type":"Polygon","coordinates":[[[-51.22540167699994,-21.342041191999925],[-51.28630324399996,-21.319272320999936],[-51.312020823999944,-21.36772501799996],[-51.30840064499991,-21.520563489999986],[-51.35470015699994,-21.63566324299998],[-51.26500614099997,-21.675153819999924],[-51.232698663999905,-21.628779177999977],[-51.234939029,-21.45031297499994],[-51.21414878499994,-21.35478896699997],[-51.22540167699994,-21.342041191999925]]]},"properties":{"CD_MUN":"3534906","NM_MUN":"Pacaembu","SIGLA":"SP","AREA_KM2":339.375}},
{"type":"Feature","geometry":{"type":"Polygon","coordinates":[[[-49.62448527999996,-20.17645892999994],[-49.65438389099994,-20.170488571999954],[-49.68733357599994,-20.20130469199991],[-49.64827650599999,-20.260010309999963],[-49.61732164599992,-20.32271300699998],[-49.57537344599993,-20.35102747499998],[-49.49701411899998,-20.497390702999905],[-49.47811231899994,-20.505141761999965],[-49.398442167999974,-20.436311319],[-49.397638298,-20.377963264999952],[-49.307246495999934,-20.301560213999945],[-49.349175117999984,-20.25066064099997],[-49.45801478299991,-20.21824976699996],[-49.57444021699999,-20.208258923999942],[-49.62448527999996,-20.17645892999994]]]},"properties":{"CD_MUN":"3535002","NM_MUN":"Palestina","SIGLA":"SP","AREA_KM2":697.701}},
{"type":"Feature","geometry":{"type":"Polygon","coordinates":[[[-48.77690362799997,-21.099245351],[-48.81937531899993,-21.041603970999976],[-48.882776192999984,-21.10552247899996],[-48.846770802,-21.136474515999968],[-48.774396368999916,-21.109197936999955],[-48.77690362799997,-21.099245351]]]},"properties":{"CD_MUN":"3535101","NM_MUN":"Palmares Paulista","SIGLA":"SP","AREA_KM2":82.125}},
{"type":"Feature","geometry":{"type":"Polygon","coordinates":[[[-50.67187962499997,-20.43771968499991],[-50.74239531299993,-20.324348497999942],[-50.785079440999965,-20.335872053999946],[-50.82669627599998,-20.331003296999892],[-50.85374064699997,-20.386421512],[-50.843703775999955,-20.41464511699994],[-50.83854797999996,-20.412071558999987],[-50.81212320599999,-20.531151768999987],[-50.768650960999935,-20.54474029199996],[-50.67930696799989,-20.530096062999945],[-50.65551143899995,-20.516856120999947],[-50.67187962499997,-20.43771968499991]]]},"properties":{"CD_MUN":"3535200","NM_MUN":"Palmeira d'Oeste","SIGLA":"SP","AREA_KM2":318.74}},
{"type":"Feature","geometry":{"type":"Polygon","coordinates":[[[-50.12289109399994,-22.715278565999917],[-50.26215354899996,-22.701300961],[-50.32896833399995,-22.805366564999883],[-50.359249488999964,-22.916058813999975],[-50.32331336899995,-22.951265708999955],[-50.13309545199995,-22.939944669999925],[-50.09901563399996,-22.782400895999952],[-50.12289109399994,-22.715278565999917]]]},"properties":{"CD_MUN":"3535309","NM_MUN":"Palmital","SIGLA":"SP","AREA_KM2":548.407}},
{"type":"Feature","geometry":{"type":"Polygon","coordinates":[[[-51.80867601499994,-21.374757696],[-51.86106184599996,-21.336671038999953],[-51.962222458000014,-21.493307451999986],[-51.941076588999934,-21.547039096999985],[-51.860010529999926,-21.580719905],[-51.84276071799998,-21.57838706199989],[-51.75280043,-21.449855499999924],[-51.772983605999926,-21.38829011499995],[-51.80867601499994,-21.374757696]]]},"properties":{"CD_MUN":"3535408","NM_MUN":"Panorama","SIGLA":"SP","AREA_KM2":356.05}},
{"type":"Feature","geometry":{"type":"Polygon","coordinates":[[[-50.55846774699992,-22.29529037],[-50.680614,-22.29451799899996],[-50.695044,-22.399901998999958],[-50.783544408999965,-22.435186583999975],[-50.82955807499998,-22.42827992399997],[-50.84614131999993,-22.61796573899991],[-50.82758121399992,-22.645285904999977],[-50.69163802099992,-22.546694693999978],[-50.51427618999995,-22.603673998000016],[-50.41397165099994,-22.517545373999912],[-50.449767083999944,-22.45919224599989],[-50.465315199999964,-22.315912750999942],[-50.55846774699992,-22.29529037]]]},"properties":{"CD_MUN":"3535507","NM_MUN":"Paraguaçu Paulista","SIGLA":"SP","AREA_KM2":1001.492}},
{"type":"Feature","geometry":{"type":"Polygon","coordinates":[[[-45.56610783499996,-23.33241117899997],[-45.64555458699992,-23.291118245999932],[-45.782332177999955,-23.35556942999993],[-45.754487727999944,-23.389132598999893],[-45.78879405199993,-23.49288215199993],[-45.702539508999976,-23.636851271999916],[-45.58053864399991,-23.646541453999923],[-45.53997541899994,-23.59676819799997],[-45.457261301,-23.577102946],[-45.562173791999975,-23.41381813099993],[-45.56610783499996,-23.33241117899997]]]},"properties":{"CD_MUN":"3535606","NM_MUN":"Paraibuna","SIGLA":"SP","AREA_KM2":809.576}},
{"type":"Feature","geometry":{"type":"Polygon","coordinates":[[[-48.78564348499996,-20.93402085199992],[-48.79559039099998,-20.935550710999937],[-48.84429346399994,-21.01551506299991],[-48.81937531899993,-21.041603970999976],[-48.77690362799997,-21.099245351],[-48.69381334799991,-21.006897489],[-48.78564348499996,-20.93402085199992]]]},"properties":{"CD_MUN":"3535705","NM_MUN":"Paraíso","SIGLA":"SP","AREA_KM2":155.186}},
{"type":"Feature","geometry":{"type":"Polygon","coordinates":[[[-48.77399788699998,-23.302420807999944],[-48.80848206899994,-23.268259236999945],[-48.984893708999984,-23.287761545999928],[-49.000889893999954,-23.37755115599999],[-48.85309718099997,-23.53889153899994],[-48.833369567,-23.5983205819999],[-48.78095688399996,-23.64280243599991],[-48.764929092999964,-23.61353122599997],[-48.60953360400002,-23.581782590999957],[-48.65299033099994,-23.428888018],[-48.64746060499991,-23.329077813999945],[-48.77399788699998,-23.302420807999944]]]},"properties":{"CD_MUN":"3535804","NM_MUN":"Paranapanema","SIGLA":"SP","AREA_KM2":1018.724}},
{"type":"Feature","geometry":{"type":"Polygon","coordinates":[[[-50.518046867999914,-20.029329084],[-50.55170328499996,-19.99176182599994],[-50.64949161899996,-20.003984290999952],[-50.663426130999966,-20.061511158],[-50.61106793999991,-20.130465992999955],[-50.58480986199997,-20.140689570999957],[-50.51916863699992,-20.03585830199995],[-50.518046867999914,-20.029329084]]]},"properties":{"CD_MUN":"3535903","NM_MUN":"Paranapuã","SIGLA":"SP","AREA_KM2":140.354}},
{"type":"Feature","geometry":{"type":"Polygon","coordinates":[[[-50.71835352999996,-21.799533412],[-50.82690756099996,-21.689018083999976],[-50.90432018399993,-21.870008554999973],[-50.96585796599992,-21.92575024999993],[-50.93786893199994,-21.95096862699991],[-50.86466191399996,-21.968986700999924],[-50.7370964039999,-21.877559690999924],[-50.71835352999996,-21.799533412]]]},"properties":{"CD_MUN":"3536000","NM_MUN":"Parapuã","SIGLA":"SP","AREA_KM2":366.664}},
{"type":"Feature","geometry":{"type":"Polygon","coordinates":[[[-48.349614491999944,-23.011258444999925],[-48.41688757099993,-22.99901409699997],[-48.47634294799994,-23.081649195999944],[-48.428367868999906,-23.203084089],[-48.32600527399997,-23.136246428999975],[-48.349614491999944,-23.011258444999925]]]},"properties":{"CD_MUN":"3536109","NM_MUN":"Pardinho","SIGLA":"SP","AREA_KM2":209.894}},
{"type":"Feature","geometry":{"type":"Polygon","coordinates":[[[-47.727745200999934,-24.622101918999974],[-47.77843097099998,-24.574309453999952],[-47.86588905699995,-24.579188808],[-47.91816527399996,-24.62752882399993],[-47.964386831999946,-24.720889098999933],[-47.943092931999956,-24.767189177999924],[-47.83029939499991,-24.75638648299997],[-47.727745200999934,-24.622101918999974]]]},"properties":{"CD_MUN":"3536208","NM_MUN":"Pariquera-Açu","SIGLA":"SP","AREA_KM2":359.414}},
{"type":"Feature","geometry":{"type":"Polygon","coordinates":[[[-50.007508287999975,-20.33181836899992],[-50.027745242,-20.18165959399992],[-50.07775271699997,-20.304519819999953],[-50.053231604999944,-20.33622132299998],[-50.007508287999975,-20.33181836899992]]]},"properties":{"CD_MUN":"3536257","NM_MUN":"Parisi","SIGLA":"SP","AREA_KM2":84.737}},
{"type":"Feature","geometry":{"type":"Polygon","coordinates":[[[-47.144179728,-20.54081384199998],[-47.239879879999975,-20.523344601],[-47.35828257699996,-20.62399135799998],[-47.36686540399992,-20.71250216299992],[-47.452669622,-20.759871034999975],[-47.41211524199997,-20.809143085999935],[-47.227359549,-20.856471636999938],[-47.186246074999985,-20.73143926199995],[-47.251965286999926,-20.647968228],[-47.142752215,-20.565591388],[-47.144179728,-20.54081384199998]]]},"properties":{"CD_MUN":"3536307","NM_MUN":"Patrocínio Paulista","SIGLA":"SP","AREA_KM2":602.848}},
{"type":"Feature","geometry":{"type":"Polygon","coordinates":[[[-51.681999725,-21.14913363099996],[-51.69798458699992,-21.091701896999968],[-51.77247643399998,-21.05112126299998],[-51.78967094799997,-21.10211951499995],[-51.87898479399992,-21.14813774299998],[-51.84851446699998,-21.26663839],[-51.86106184599996,-21.336671038999953],[-51.80867601499994,-21.374757696],[-51.73174652399999,-21.225117045999973],[-51.681999725,-21.14913363099996]]]},"properties":{"CD_MUN":"3536406","NM_MUN":"Paulicéia","SIGLA":"SP","AREA_KM2":374.091}},
{"type":"Feature","geometry":{"type":"Polygon","coordinates":[[[-47.10128712399994,-22.750415064999938],[-47.073858048999924,-22.68031769199995],[-47.10345842,-22.690119599999967],[-47.194211243,-22.729787377],[-47.21080838099995,-22.742946177999954],[-47.211154575,-22.794706879999946],[-47.163682,-22.805526998999923],[-47.10128712399994,-22.750415064999938]]]},"properties":{"CD_MUN":"3536505","NM_MUN":"Paulínia","SIGLA":"SP","AREA_KM2":138.777}},
{"type":"Feature","geometry":{"type":"Polygon","coordinates":[[[-49.15098590699991,-22.519653659999914],[-49.26673793099995,-22.49409854599996],[-49.4518648869999,-22.576449811999986],[-49.453609128999986,-22.58396758299993],[-49.351007028999945,-22.642557496999913],[-49.27566294799989,-22.59574327300001],[-49.17917907299991,-22.578810998999952],[-49.15098590699991,-22.519653659999914]]]},"properties":{"CD_MUN":"3536570","NM_MUN":"Paulistânia","SIGLA":"SP","AREA_KM2":256.178}},
{"type":"Feature","geometry":{"type":"Polygon","coordinates":[[[-49.30585055799998,-20.11690107599998],[-49.297537781999985,-19.960545406999906],[-49.35648649,-19.986717257999906],[-49.453809955999986,-19.978059750999897],[-49.514004928,-19.91431150599997],[-49.61322934099998,-19.919972961999974],[-49.55017639199994,-20.023147061],[-49.62448527999996,-20.17645892999994],[-49.57444021699999,-20.208258923999942],[-49.45801478299991,-20.21824976699996],[-49.44984442199997,-20.128958121999982],[-49.37671637899996,-20.145146951],[-49.30585055799998,-20.11690107599998]]]},"properties":{"CD_MUN":"3536604","NM_MUN":"Paulo de Faria","SIGLA":"SP","AREA_KM2":737.986}},
{"type":"Feature","geometry":{"type":"Polygon","coordinates":[[[-48.86087272399992,-22.090625715999987],[-48.992181316999975,-22.21688400399998],[-49.03434249199991,-22.206968194999952],[-49.036606333999906,-22.273710658],[-48.93415898999997,-22.340790128999952],[-48.85469188900002,-22.409142842999916],[-48.86104585599995,-22.484074701999965],[-48.82701331499996,-22.488418375],[-48.74079948299992,-22.45312056499996],[-48.70290887700001,-22.368544672999988],[-48.732728336000015,-22.317505659999934],[-48.7715397339999,-22.226993278999938],[-48.84412078899995,-22.12905070099996],[-48.86087272399992,-22.090625715999987]]]},"properties":{"CD_MUN":"3536703","NM_MUN":"Pederneiras","SIGLA":"SP","AREA_KM2":727.482}},
{"type":"Feature","geometry":{"type":"Polygon","coordinates":[[[-46.37451502499996,-22.820242044999937],[-46.334541461999926,-22.760300075],[-46.47312220999994,-22.704981247999942],[-46.50680114499998,-22.727575427999955],[-46.52749824999997,-22.826870654999944],[-46.442836916999944,-22.82452808499992],[-46.37451502499996,-22.820242044999937]]]},"properties":{"CD_MUN":"3536802","NM_MUN":"Pedra Bela","SIGLA":"SP","AREA_KM2":158.587}},
{"type":"Feature","geometry":{"type":"Polygon","coordinates":[[[-50.027745242,-20.18165959399992],[-50.03541050599998,-20.084393265999942],[-50.22203420899995,-20.20536488899994],[-50.16410382999992,-20.242415237999953],[-50.14504047899992,-20.313725394999924],[-50.081406047,-20.310417180999938],[-50.07775271699997,-20.304519819999953],[-50.027745242,-20.18165959399992]]]},"properties":{"CD_MUN":"3536901","NM_MUN":"Pedranópolis","SIGLA":"SP","AREA_KM2":260.101}},
{"type":"Feature","geometry":{"type":"Polygon","coordinates":[[[-47.329181950999924,-20.11531643999996],[-47.350051987999926,-20.16298354399991],[-47.44421828,-20.12573664199989],[-47.47332720199992,-20.06078767],[-47.54224275699991,-20.01305229],[-47.50900109899991,-20.059908347999986],[-47.54167796399999,-20.13405437399994],[-47.60912297799999,-20.15960315],[-47.61060708699995,-20.277296751999927],[-47.49829510299996,-20.31616426100001],[-47.42130496999996,-20.318683682999925],[-47.34632923899992,-20.26981281199994],[-47.27672871899992,-20.291637965999918],[-47.239102029,-20.24356809399995],[-47.26178041999997,-20.159924877999966],[-47.329181950999924,-20.11531643999996]]]},"properties":{"CD_MUN":"3537008","NM_MUN":"Pedregulho","SIGLA":"SP","AREA_KM2":712.604}},
{"type":"Feature","geometry":{"type":"Polygon","coordinates":[[[-46.83713957999995,-22.843391724999904],[-46.83530187499995,-22.776375976999894],[-46.88742153399998,-22.685637674999946],[-46.93070602899995,-22.682118152999973],[-46.931150864999985,-22.682910025999945],[-46.957425,-22.72922499899993],[-46.85838502499992,-22.836177209999917],[-46.83713957999995,-22.843391724999904]]]},"properties":{"CD_MUN":"3537107","NM_MUN":"Pedreira","SIGLA":"SP","AREA_KM2":108.817}},
{"type":"Feature","geometry":{"type":"Polygon","coordinates":[[[-50.85367118699999,-22.745349501999943],[-50.92769191899997,-22.797749882999927],[-50.823622647999954,-22.86613776599996],[-50.76053080599998,-22.880753446999925],[-50.717514536,-22.800563091],[-50.79913612499995,-22.795503606999965],[-50.85367118699999,-22.745349501999943]]]},"properties":{"CD_MUN":"3537156","NM_MUN":"Pedrinhas Paulista","SIGLA":"SP","AREA_KM2":152.309}},
{"type":"Feature","geometry":{"type":"Polygon","coordinates":[[[-46.97860555999995,-24.06425068100001],[-47.05601209999994,-24.009618614999937],[-47.127134569999924,-24.008718014999943],[-47.26739192900002,-24.114992],[-47.28691151699992,-24.277773891999978],[-47.31950958899997,-24.33951998699998],[-47.24742513199997,-24.361813678],[-47.14797186699997,-24.207059306],[-47.067417,-24.201515998999987],[-46.983249,-24.123282999],[-46.97860555999995,-24.06425068100001]]]},"properties":{"CD_MUN":"3537206","NM_MUN":"Pedro de Toledo","SIGLA":"SP","AREA_KM2":670.44}},
{"type":"Feature","geometry":{"type":"Polygon","coordinates":[[[-49.99156749199997,-21.22666612399998],[-50.12888734499994,-21.195519088999912],[-50.15066477699996,-21.417876301000014],[-50.25903602099994,-21.494181149999978],[-50.274231454999914,-21.559167640999952],[-50.14716910899992,-21.527748834999958],[-50.060853435999974,-21.583941498999923],[-49.98716178699995,-21.48674416599997],[-49.978073107999975,-21.34973947299997],[-50.02503721799993,-21.272810402999962],[-49.99156749199997,-21.22666612399998]]]},"properties":{"CD_MUN":"3537305","NM_MUN":"Penápolis","SIGLA":"SP","AREA_KM2":711.315}},
{"type":"Feature","geometry":{"type":"Polygon","coordinates":[[[-50.97810623599994,-20.565108616000014],[-51.067974424999925,-20.55463236499998],[-51.23138063399992,-20.45721313999996],[-51.29654979,-20.541672794999908],[-51.31543026899996,-20.674320437999913],[-51.23327618,-20.64627646],[-51.134868625,-20.794501667999974],[-51.14296992,-20.854529249999896],[-51.07115843699994,-20.830889688999985],[-50.899600768999974,-20.909771384999907],[-50.866600025999915,-20.830515910999967],[-50.87294552899994,-20.826813511999962],[-51.057750588,-20.726174853999932],[-50.99080511100002,-20.647793642999943],[-50.97810623599994,-20.565108616000014]]]},"properties":{"CD_MUN":"3537404","NM_MUN":"Pereira Barreto","SIGLA":"SP","AREA_KM2":974.247}},
{"type":"Feature","geometry":{"type":"Polygon","coordinates":[[[-47.93687089199993,-23.01456257199993],[-48.05704357299991,-23.103834158999938],[-48.021257963,-23.166332795999942],[-48.05716240899997,-23.23251313399993],[-48.00900172399995,-23.22355969899995],[-47.90996389999995,-23.160912529],[-47.93687089199993,-23.01456257199993]]]},"properties":{"CD_MUN":"3537503","NM_MUN":"Pereiras","SIGLA":"SP","AREA_KM2":223.136}},
{"type":"Feature","geometry":{"type":"Polygon","coordinates":[[[-46.983249,-24.123282999],[-47.067417,-24.201515998999987],[-47.021148,-24.283451998999936],[-47.120766,-24.364765998999935],[-47.07789990399995,-24.448204515999947],[-47.003632747,-24.40895733599998],[-46.993940321,-24.325411525999975],[-46.89763270899993,-24.252917957999962],[-46.983249,-24.123282999]]]},"properties":{"CD_MUN":"3537602","NM_MUN":"Peruíbe","SIGLA":"SP","AREA_KM2":326.216}},
{"type":"Feature","geometry":{"type":"Polygon","coordinates":[[[-50.541052632999964,-21.573559079999924],[-50.65276425499994,-21.49297937999993],[-50.773520256999944,-21.544623325999943],[-50.77981250899992,-21.567784038999935],[-50.669613460999955,-21.60578276],[-50.61520202899993,-21.658907166999928],[-50.60958022999992,-21.65692500099997],[-50.55646103999989,-21.611243110999965],[-50.541052632999964,-21.573559079999924]]]},"properties":{"CD_MUN":"3537701","NM_MUN":"Piacatu","SIGLA":"SP","AREA_KM2":232.488}},
{"type":"Feature","geometry":{"type":"Polygon","coordinates":[[[-47.36843195499995,-23.63376673099996],[-47.49416750999995,-23.650012946999922],[-47.48830975199995,-23.684872988999892],[-47.61874563500001,-23.756732942999967],[-47.57409176199997,-23.863300693999946],[-47.43983926099997,-23.900990432999926],[-47.38859029399995,-23.98287121799992],[-47.37221053499995,-23.88944978199993],[-47.277658367999926,-23.836300679],[-47.297058147999955,-23.754419789999893],[-47.36843195499995,-23.63376673099996]]]},"properties":{"CD_MUN":"3537800","NM_MUN":"Piedade","SIGLA":"SP","AREA_KM2":746.868}},
{"type":"Feature","geometry":{"type":"Polygon","coordinates":[[[-47.61874563500001,-23.756732942999967],[-47.634517323999965,-23.707426287999986],[-47.78986202699997,-23.755296792999978],[-47.84853347599995,-23.749487093999967],[-47.86568386499994,-23.783348951999947],[-47.81455884599996,-23.958428553],[-47.68392695099994,-23.992496651],[-47.57409176199997,-23.863300693999946],[-47.61874563500001,-23.756732942999967]]]},"properties":{"CD_MUN":"3537909","NM_MUN":"Pilar do Sul","SIGLA":"SP","AREA_KM2":681.248}},
{"type":"Feature","geometry":{"type":"Polygon","coordinates":[[[-45.439128102999966,-22.703407075],[-45.61437176999991,-22.797095759999895],[-45.66996004899996,-22.876458105999973],[-45.66635537999996,-22.881683791999897],[-45.55328618999994,-22.899410408999955],[-45.5036343429999,-22.97899293099995],[-45.43901979899997,-23.071456388999913],[-45.35435095099995,-23.006798352999937],[-45.307225615999975,-23.025201952999964],[-45.33732292799996,-22.951501774999947],[-45.323876763999955,-22.855646973999967],[-45.345993976999935,-22.788641608999924],[-45.439128102999966,-22.703407075]]]},"properties":{"CD_MUN":"3538006","NM_MUN":"Pindamonhangaba","SIGLA":"SP","AREA_KM2":731.355}},
{"type":"Feature","geometry":{"type":"Polygon","coordinates":[[[-48.846770802,-21.136474515999968],[-48.882776192999984,-21.10552247899996],[-49.01056151999994,-21.253432328999953],[-48.92009042299998,-21.299592233999896],[-48.84491688199992,-21.21884494699998],[-48.846770802,-21.136474515999968]]]},"properties":{"CD_MUN":"3538105","NM_MUN":"Pindorama","SIGLA":"SP","AREA_KM2":184.825}},
{"type":"Feature","geometry":{"type":"Polygon","coordinates":[[[-46.50680114499998,-22.727575427999955],[-46.621832667000014,-22.723142183999965],[-46.66092679499993,-22.768790773999967],[-46.624470848999984,-22.832950987999965],[-46.52749824999997,-22.826870654999944],[-46.50680114499998,-22.727575427999955]]]},"properties":{"CD_MUN":"3538204","NM_MUN":"Pinhalzinho","SIGLA":"SP","AREA_KM2":154.529}},
{"type":"Feature","geometry":{"type":"Polygon","coordinates":[[[-51.610476551,-21.67541771199991],[-51.697852204999975,-21.633785502999956],[-51.711758941,-21.75294855499997],[-51.835600329999934,-21.955615934999937],[-51.915360310999965,-22.00662569399997],[-51.86376466399995,-22.04302207199996],[-51.79643875099995,-22.04088674099994],[-51.678823934999954,-21.897511766],[-51.66832526699993,-21.82560371199994],[-51.5874069619999,-21.759182872999947],[-51.610476551,-21.67541771199991]]]},"properties":{"CD_MUN":"3538303","NM_MUN":"Piquerobi","SIGLA":"SP","AREA_KM2":482.769}},
{"type":"Feature","geometry":{"type":"Polygon","coordinates":[[[-45.103862556999914,-22.562698938],[-45.12435850999996,-22.497221372999974],[-45.269105088999964,-22.611445717],[-45.20373855499999,-22.655917244999966],[-45.1122482559999,-22.634701292999946],[-45.103862556999914,-22.562698938]]]},"properties":{"CD_MUN":"3538501","NM_MUN":"Piquete","SIGLA":"SP","AREA_KM2":175.996}},
{"type":"Feature","geometry":{"type":"Polygon","coordinates":[[[-46.08656,-22.985004998999926],[-46.19341,-23.003164998999956],[-46.3979456399999,-22.96859292799992],[-46.41111106399995,-22.980771780999966],[-46.43246888499989,-23.038015448999936],[-46.482684,-23.112287998999967],[-46.415424,-23.120754998999935],[-46.330374,-23.100447998999982],[-46.215061,-23.108423999],[-46.08656,-22.985004998999926]]]},"properties":{"CD_MUN":"3538600","NM_MUN":"Piracaia","SIGLA":"SP","AREA_KM2":385.568}},
{"type":"Feature","geometry":{"type":"Polygon","coordinates":[[[-47.582749535999916,-22.541961932999985],[-47.65444878299993,-22.520936133999978],[-47.669226618999986,-22.53994651999994],[-47.70505130999993,-22.593328953],[-47.803290198,-22.58183166399995],[-47.821361,-22.67370999899999],[-48.071086806000025,-22.64426101899991],[-48.08846431599997,-22.651898356999975],[-48.04752862899992,-22.831892948999908],[-47.987771224999975,-22.88794646],[-47.93082890499997,-22.883312953999955],[-47.808884623999965,-22.877745131999973],[-47.806904852999935,-22.876903984],[-47.66767799499993,-22.799383806999938],[-47.49505664699997,-22.767430221999927],[-47.49045996499996,-22.724285204999948],[-47.51169919999995,-22.691506832],[-47.582749535999916,-22.541961932999985]]]},"properties":{"CD_MUN":"3538709","NM_MUN":"Piracicaba","SIGLA":"SP","AREA_KM2":1378.069}},
{"type":"Feature","geometry":{"type":"Polygon","coordinates":[[[-49.38763695199999,-23.053663163999936],[-49.41211547499995,-23.051545506999958],[-49.45665375899992,-23.135627521999922],[-49.54752443599999,-23.128798442999944],[-49.573352880999906,-23.138555552999982],[-49.53773472099991,-23.196324852000018],[-49.45811302899996,-23.191720483],[-49.42204019099991,-23.25413268799995],[-49.441890879999946,-23.335768695999946],[-49.41831235800002,-23.336737497999906],[-49.38337238400001,-23.26466431199995],[-49.21733732900002,-23.298523713999906],[-49.210796151999965,-23.245512262999988],[-49.245447426999895,-23.144750046999953],[-49.329675882999894,-23.113114618999887],[-49.38763695199999,-23.053663163999936]]]},"properties":{"CD_MUN":"3538808","NM_MUN":"Piraju","SIGLA":"SP","AREA_KM2":504.591}},
{"type":"Feature","geometry":{"type":"Polygon","coordinates":[[[-49.213293162999975,-21.671144399999918],[-49.238635585999916,-21.67080378999998],[-49.285039076999944,-21.860250672999957],[-49.31739936599995,-21.937150735999964],[-49.38805268499992,-21.936411349999982],[-49.33998261699994,-21.838183579999946],[-49.39116685899993,-21.830628603999944],[-49.402904085999936,-21.826124895999985],[-49.58498920599992,-21.98472405099997],[-49.695517916999975,-22.04450116099995],[-49.633629198999984,-22.07596907600001],[-49.55642068999994,-22.129803317999972],[-49.45225114499998,-22.065502616999897],[-49.37831227799993,-22.06381268999996],[-49.30259307200002,-22.01384049199989],[-49.24968216499998,-22.044057547999927],[-49.261785387999986,-21.88296866099991],[-49.18498365899994,-21.771193314999913],[-49.213293162999975,-21.671144399999918]]]},"properties":{"CD_MUN":"3538907","NM_MUN":"Pirajuí","SIGLA":"SP","AREA_KM2":823.758}},
{"type":"Feature","geometry":{"type":"Polygon","coordinates":[[[-48.685996313999986,-21.010246118999962],[-48.69381334799991,-21.006897489],[-48.77690362799997,-21.099245351],[-48.774396368999916,-21.109197936999955],[-48.72874782799991,-21.164888730999962],[-48.59769503799997,-21.14311708499997],[-48.56771448899997,-21.075529098999954],[-48.685996313999986,-21.010246118999962]]]},"properties":{"CD_MUN":"3539004","NM_MUN":"Pirangi","SIGLA":"SP","AREA_KM2":215.809}},
{"type":"Feature","geometry":{"type":"Polygon","coordinates":[[[-46.9379437379999,-23.32185331399993],[-46.95910918199992,-23.32682905599995],[-47.04291471200001,-23.352261252999952],[-47.037523,-23.435568998999976],[-46.928830256999916,-23.387537914999932],[-46.9379437379999,-23.32185331399993]]]},"properties":{"CD_MUN":"3539103","NM_MUN":"Pirapora do Bom Jesus","SIGLA":"SP","AREA_KM2":108.489}},
{"type":"Feature","geometry":{"type":"Polygon","coordinates":[[[-51.43403552499991,-22.20546999199998],[-51.476189535999964,-22.197797307],[-51.51326143999999,-22.25060066399994],[-51.60023398199993,-22.28112631599993],[-51.533681,-22.29263099899997],[-51.57097467399991,-22.3988718759999],[-51.57326670199993,-22.489089991999975],[-51.61824433299992,-22.55822075000001],[-51.784409366999924,-22.534776344],[-51.89017615299997,-22.613168548],[-51.77162057999995,-22.614126909999985],[-51.69917087499993,-22.669368565999957],[-51.62787862899993,-22.658240645],[-51.55167912799989,-22.525211143999933],[-51.55303887399995,-22.398939168999963],[-51.49266664399994,-22.36201141699997],[-51.43403552499991,-22.20546999199998]]]},"properties":{"CD_MUN":"3539202","NM_MUN":"Pirapozinho","SIGLA":"SP","AREA_KM2":477.673}},
{"type":"Feature","geometry":{"type":"Polygon","coordinates":[[[-47.216210850000024,-21.975977837999903],[-47.34307351800002,-21.839866884999957],[-47.405619132,-21.914839351999902],[-47.51191284199995,-21.935896745999948],[-47.626466183999945,-22.043603732999948],[-47.578386666999975,-22.08892704099995],[-47.399666610999894,-22.084881731999904],[-47.197488914999944,-22.098716873999944],[-47.216210850000024,-21.975977837999903]]]},"properties":{"CD_MUN":"3539301","NM_MUN":"Pirassununga","SIGLA":"SP","AREA_KM2":727.118}},
{"type":"Feature","geometry":{"type":"Polygon","coordinates":[[[-49.079907122999984,-22.417185198],[-49.131055081999904,-22.350793536999944],[-49.223068535000024,-22.304034199999965],[-49.28546280099992,-22.344857055],[-49.31703021199995,-22.38879919699995],[-49.26673793099995,-22.49409854599996],[-49.15098590699991,-22.519653659999914],[-49.09894561399996,-22.50827392899991],[-49.079907122999984,-22.417185198]]]},"properties":{"CD_MUN":"3539400","NM_MUN":"Piratininga","SIGLA":"SP","AREA_KM2":402.409}},
{"type":"Feature","geometry":{"type":"Polygon","coordinates":[[[-48.179026391,-20.887306130999903],[-48.207677834,-20.875386864999932],[-48.28600538499998,-20.953305985999968],[-48.36721944299997,-20.949083599999927],[-48.433066756999935,-21.037444224999966],[-48.31805402799995,-21.060863208999923],[-48.187512124,-21.085643639999905],[-48.18692717600001,-21.130396566999963],[-48.12462647299995,-21.089306000999972],[-48.179026391,-20.887306130999903]]]},"properties":{"CD_MUN":"3539509","NM_MUN":"Pitangueiras","SIGLA":"SP","AREA_KM2":430.638}},
{"type":"Feature","geometry":{"type":"Polygon","coordinates":[[[-49.95696266499998,-20.906881123999952],[-50.03292173200002,-20.978390146999946],[-50.05503751599997,-20.997333248999936],[-49.9848156429999,-21.045758826999936],[-49.96007298599993,-21.13311522699993],[-49.86241132000002,-21.029654772999926],[-49.827298196999976,-20.953690109999954],[-49.85076389699998,-20.931864220999916],[-49.95696266499998,-20.906881123999952]]]},"properties":{"CD_MUN":"3539608","NM_MUN":"Planalto","SIGLA":"SP","AREA_KM2":289.825}},
{"type":"Feature","geometry":{"type":"Polygon","coordinates":[[[-50.138773823999934,-22.573941040999976],[-50.22439259399995,-22.52690621199994],[-50.301260568999965,-22.545748024999988],[-50.32503092899995,-22.67738646599998],[-50.26215354899996,-22.701300961],[-50.12289109399994,-22.715278565999917],[-50.10632451699994,-22.680746981999942],[-50.138773823999934,-22.573941040999976]]]},"properties":{"CD_MUN":"3539707","NM_MUN":"Platina","SIGLA":"SP","AREA_KM2":327.48}},
{"type":"Feature","geometry":{"type":"Polygon","coordinates":[[[-46.3298608659999,-23.505704789999946],[-46.366395679999975,-23.51215580599991],[-46.34999110499997,-23.573511149999916],[-46.3298608659999,-23.505704789999946]]]},"properties":{"CD_MUN":"3539806","NM_MUN":"Poá","SIGLA":"SP","AREA_KM2":17.264}},
{"type":"Feature","geometry":{"type":"Polygon","coordinates":[[[-49.90524891399996,-20.761494334999906],[-49.77710431999995,-20.811771023999945],[-49.762201400999935,-20.718287776999897],[-49.81999733999995,-20.67405860199992],[-49.905204975999965,-20.76020325199993],[-49.90524891399996,-20.761494334999906]]]},"properties":{"CD_MUN":"3539905","NM_MUN":"Poloni","SIGLA":"SP","AREA_KM2":135.12}},
{"type":"Feature","geometry":{"type":"Polygon","coordinates":[[[-50.06033275899996,-21.87445571099996],[-50.128051877,-21.817020591999956],[-50.15908447199992,-21.858062822999944],[-50.27045737500002,-21.841744544999973],[-50.28469189799998,-21.95950102799996],[-50.27740908399993,-22.118362851999915],[-50.34588523499998,-22.188498168999935],[-50.29927486399998,-22.2087334039999],[-50.172626837999985,-22.246138948999903],[-50.170074194999984,-22.191322669999956],[-50.087745626999975,-22.026960427999906],[-50.04904625999995,-22.045367111999923],[-50.086045111999965,-21.931495539999943],[-50.06033275899996,-21.87445571099996]]]},"properties":{"CD_MUN":"3540002","NM_MUN":"Pompéia","SIGLA":"SP","AREA_KM2":784.674}},
{"type":"Feature","geometry":{"type":"Polygon","coordinates":[[[-49.27332228700003,-21.65900798999992],[-49.31149266299998,-21.61718247199996],[-49.40461976999997,-21.69467784799993],[-49.43134870799996,-21.779358224999932],[-49.402904085999936,-21.826124895999985],[-49.39116685899993,-21.830628603999944],[-49.32086142399996,-21.778044726999966],[-49.31906628699993,-21.703199],[-49.27332228700003,-21.65900798999992]]]},"properties":{"CD_MUN":"3540101","NM_MUN":"Pongaí","SIGLA":"SP","AREA_KM2":183.399}},
{"type":"Feature","geometry":{"type":"Polygon","coordinates":[[[-47.93971820799989,-20.89994669899996],[-47.985368655999956,-20.876369914999913],[-48.057939380999954,-20.93043323199991],[-48.179026391,-20.887306130999903],[-48.12462647299995,-21.089306000999972],[-48.0080027939999,-21.07806860799993],[-47.988039816,-20.992054940999925],[-47.93971820799989,-20.89994669899996]]]},"properties":{"CD_MUN":"3540200","NM_MUN":"Pontal","SIGLA":"SP","AREA_KM2":356.371}},
{"type":"Feature","geometry":{"type":"Polygon","coordinates":[[[-50.46865966499993,-20.390465656999943],[-50.57567085599992,-20.39768936699998],[-50.62492174299999,-20.508061641999973],[-50.554147046,-20.52834101599995],[-50.448533378,-20.48622006499997],[-50.44575988599995,-20.483000244999925],[-50.430178627999936,-20.41234545399991],[-50.46865966499993,-20.390465656999943]]]},"properties":{"CD_MUN":"3540259","NM_MUN":"Pontalinda","SIGLA":"SP","AREA_KM2":209.525}},
{"type":"Feature","geometry":{"type":"Polygon","coordinates":[[[-49.65438389099994,-20.170488571999954],[-49.748661880000014,-20.089615636999945],[-49.806389063999944,-20.073746774999943],[-49.812450070999965,-20.194725301999892],[-49.763482017999934,-20.271996036999926],[-49.68733357599994,-20.20130469199991],[-49.65438389099994,-20.170488571999954]]]},"properties":{"CD_MUN":"3540309","NM_MUN":"Pontes Gestal","SIGLA":"SP","AREA_KM2":217.505}},
{"type":"Feature","geometry":{"type":"Polygon","coordinates":[[[-50.43332403399995,-19.983730216999938],[-50.479869486,-19.82684830299993],[-50.454110833,-19.786230585999895],[-50.577948759,-19.816374352],[-50.614177567,-19.861040565999897],[-50.55170328499996,-19.99176182599994],[-50.518046867999914,-20.029329084],[-50.43332403399995,-19.983730216999938]]]},"properties":{"CD_MUN":"3540408","NM_MUN":"Populina","SIGLA":"SP","AREA_KM2":315.938}},
{"type":"Feature","geometry":{"type":"Polygon","coordinates":[[[-48.05704357299991,-23.103834158999938],[-48.159471558999925,-23.086654797999948],[-48.22489968199994,-23.19624965799992],[-48.15520187699997,-23.261838587999918],[-48.13875547599997,-23.271195635999987],[-48.05716240899997,-23.23251313399993],[-48.021257963,-23.166332795999942],[-48.05704357299991,-23.103834158999938]]]},"properties":{"CD_MUN":"3540507","NM_MUN":"Porangaba","SIGLA":"SP","AREA_KM2":265.689}},
{"type":"Feature","geometry":{"type":"Polygon","coordinates":[[[-47.508614489999985,-23.091630295999956],[-47.608687177,-23.09926357399995],[-47.62950457399999,-23.191626087],[-47.57802358399996,-23.36371355700001],[-47.5650029999999,-23.382651998999968],[-47.418173,-23.35772699899993],[-47.418539577999944,-23.16867759799989],[-47.42821046699996,-23.101092736999952],[-47.508614489999985,-23.091630295999956]]]},"properties":{"CD_MUN":"3540606","NM_MUN":"Porto Feliz","SIGLA":"SP","AREA_KM2":556.706}},
{"type":"Feature","geometry":{"type":"Polygon","coordinates":[[[-47.346898065999916,-21.80653110599998],[-47.43854292299991,-21.7808284669999],[-47.52420858099999,-21.802313793999915],[-47.51191284199995,-21.935896745999948],[-47.405619132,-21.914839351999902],[-47.34307351800002,-21.839866884999957],[-47.346898065999916,-21.80653110599998]]]},"properties":{"CD_MUN":"3540705","NM_MUN":"Porto Ferreira","SIGLA":"SP","AREA_KM2":244.906}},
{"type":"Feature","geometry":{"type":"Polygon","coordinates":[[[-45.2374557159999,-22.82430576799991],[-45.345993976999935,-22.788641608999924],[-45.323876763999955,-22.855646973999967],[-45.278062677999934,-22.852017810999982],[-45.2374557159999,-22.82430576799991]]]},"properties":{"CD_MUN":"3540754","NM_MUN":"Potim","SIGLA":"SP","AREA_KM2":44.643}},
{"type":"Feature","geometry":{"type":"Polygon","coordinates":[[[-49.37503408899994,-20.96029204599997],[-49.44592526299998,-20.985236707999952],[-49.495679185999926,-21.13815949699994],[-49.46015468899995,-21.177282563999942],[-49.39694001399994,-21.180526583999946],[-49.31629080999997,-21.127071507],[-49.311280183,-21.009041958999983],[-49.37503408899994,-20.96029204599997]]]},"properties":{"CD_MUN":"3540804","NM_MUN":"Potirendaba","SIGLA":"SP","AREA_KM2":342.492}},
{"type":"Feature","geometry":{"type":"Polygon","coordinates":[[[-51.008537205,-21.80444786499992],[-51.095114550999924,-21.835067078999923],[-51.140233225999964,-21.856871411999954],[-51.08272341099999,-21.88176485799996],[-51.008537205,-21.80444786499992]]]},"properties":{"CD_MUN":"3540853","NM_MUN":"Pracinha","SIGLA":"SP","AREA_KM2":63.054}},
{"type":"Feature","geometry":{"type":"Polygon","coordinates":[[[-47.99466,-21.304699999],[-48.136030542999926,-21.268298023999908],[-48.141484274999975,-21.317558580999982],[-48.11350269399998,-21.42058573499993],[-48.108946855999974,-21.42933819999998],[-48.02990921499994,-21.379695494],[-47.99466,-21.304699999]]]},"properties":{"CD_MUN":"3540903","NM_MUN":"Pradópolis","SIGLA":"SP","AREA_KM2":167.378}},
{"type":"Feature","geometry":{"type":"Polygon","coordinates":[[[-46.39187729899989,-23.998608459999957],[-46.47560741999996,-24.00517802599996],[-46.52682494299995,-23.946424043],[-46.593065592999956,-23.997500018],[-46.60438272100002,-24.089730509999953],[-46.39187729899989,-23.998608459999957]]]},"properties":{"CD_MUN":"3541000","NM_MUN":"Praia Grande","SIGLA":"SP","AREA_KM2":149.652}},
{"type":"Feature","geometry":{"type":"Polygon","coordinates":[[[-48.72942895899996,-22.764663075999945],[-48.802567961,-22.845333694],[-48.74271719699996,-22.873383264000026],[-48.56731490899995,-22.853444712999917],[-48.612960968,-22.779452010999943],[-48.72942895899996,-22.764663075999945]]]},"properties":{"CD_MUN":"3541059","NM_MUN":"Pratânia","SIGLA":"SP","AREA_KM2":175.1}},
{"type":"Feature","geometry":{"type":"Polygon","coordinates":[[[-49.24968216499998,-22.044057547999927],[-49.30259307200002,-22.01384049199989],[-49.37831227799993,-22.06381268999996],[-49.45225114499998,-22.065502616999897],[-49.55642068999994,-22.129803317999972],[-49.530037935999985,-22.181593134999975],[-49.45898110900002,-22.24107293299996],[-49.354987518999955,-22.08978236899993],[-49.24968216499998,-22.044057547999927]]]},"properties":{"CD_MUN":"3541109","NM_MUN":"Presidente Alves","SIGLA":"SP","AREA_KM2":286.642}},
{"type":"Feature","geometry":{"type":"Polygon","coordinates":[[[-51.42287235099998,-21.87371742999998],[-51.573570304,-21.85072797799995],[-51.587760255,-21.900946878999914],[-51.584694740999936,-21.970783234999978],[-51.7312045699999,-22.099400915999965],[-51.73845204699995,-22.179879987999982],[-51.83812893199999,-22.357720188],[-51.712146948999944,-22.351519178999943],[-51.62066263899991,-22.28458913099992],[-51.60513758499994,-22.151898004999957],[-51.527614678,-22.08960548699995],[-51.467712732999985,-21.958716803],[-51.423900673999974,-21.877184451999963],[-51.42287235099998,-21.87371742999998]]]},"properties":{"CD_MUN":"3541208","NM_MUN":"Presidente Bernardes","SIGLA":"SP","AREA_KM2":749.233}},
{"type":"Feature","geometry":{"type":"Polygon","coordinates":[[[-51.962222458000014,-21.493307451999986],[-52.05706663599996,-21.503609715999925],[-52.10229339799996,-21.554840577999954],[-52.04952035199996,-21.643089111999956],[-52.1037890769999,-21.746053806999974],[-52.161261817999915,-21.770773715999923],[-52.18935373899997,-21.844324933999957],[-52.319019392999984,-21.972131911999924],[-52.339191817,-22.047826439999927],[-52.456184967999974,-22.18530986400001],[-52.284730156999984,-22.273055685999985],[-52.220632,-22.25866099900001],[-52.225194,-22.158636998999945],[-52.143937,-21.998494998999938],[-52.125974765999956,-21.88145629299992],[-51.97752,-21.766917998999933],[-51.941076588999934,-21.547039096999985],[-51.962222458000014,-21.493307451999986]]]},"properties":{"CD_MUN":"3541307","NM_MUN":"Presidente Epitácio","SIGLA":"SP","AREA_KM2":1260.281}},
{"type":"Feature","geometry":{"type":"Polygon","coordinates":[[[-51.24175193999997,-21.73634342599998],[-51.28356117199992,-21.72166860899992],[-51.342953016999914,-21.774569372],[-51.32616114099992,-21.87224354499998],[-51.392595893,-22.001414616999924],[-51.412260959999955,-22.06730402899991],[-51.48380798299998,-22.123858094999935],[-51.476189535999964,-22.197797307],[-51.43403552499991,-22.20546999199998],[-51.39926700299996,-22.203466159999916],[-51.315696905,-22.129357880999976],[-51.28865565599991,-22.044626786999952],[-51.26481370499995,-21.885706058],[-51.224034964999916,-21.828824404999967],[-51.24175193999997,-21.73634342599998]]]},"properties":{"CD_MUN":"3541406","NM_MUN":"Presidente Prudente","SIGLA":"SP","AREA_KM2":560.637}},
{"type":"Feature","geometry":{"type":"Polygon","coordinates":[[[-51.84276071799998,-21.57838706199989],[-51.860010529999926,-21.580719905],[-51.84277163399999,-21.612276693999952],[-51.901491048999944,-21.730517135999925],[-51.88786558899993,-21.763504721999958],[-51.963473785,-21.90648559699998],[-52.023081285999965,-21.948670120999978],[-51.915360310999965,-22.00662569399997],[-51.835600329999934,-21.955615934999937],[-51.711758941,-21.75294855499997],[-51.697852204999975,-21.633785502999956],[-51.71402032799996,-21.595979853999978],[-51.84276071799998,-21.57838706199989]]]},"properties":{"CD_MUN":"3541505","NM_MUN":"Presidente Venceslau","SIGLA":"SP","AREA_KM2":755.203}},
{"type":"Feature","geometry":{"type":"Polygon","coordinates":[[[-49.7460949059999,-21.29679022399996],[-49.831628711,-21.27495251999992],[-49.84320071199992,-21.355330367],[-49.91578238199993,-21.55746011799989],[-50.060853435999974,-21.583941498999923],[-50.10774115799991,-21.683929766999963],[-49.91323526299995,-21.706379935999962],[-49.849561,-21.675016998999972],[-49.813623,-21.558654998999902],[-49.762351,-21.553102998999982],[-49.69699518799999,-21.36267740299994],[-49.7460949059999,-21.29679022399996]]]},"properties":{"CD_MUN":"3541604","NM_MUN":"Promissão","SIGLA":"SP","AREA_KM2":779.2}},
{"type":"Feature","geometry":{"type":"Polygon","coordinates":[[[-48.00900172399995,-23.22355969899995],[-48.05716240899997,-23.23251313399993],[-48.13875547599997,-23.271195635999987],[-48.08327425799998,-23.37275108399993],[-48.029713569,-23.383344617999988],[-47.94995488599991,-23.279336177999944],[-48.00900172399995,-23.22355969899995]]]},"properties":{"CD_MUN":"3541653","NM_MUN":"Quadra","SIGLA":"SP","AREA_KM2":205.672}},
{"type":"Feature","geometry":{"type":"Polygon","coordinates":[[[-50.521124665999935,-22.111016046],[-50.70511345199995,-22.021583949999943],[-50.70577244699994,-22.021953010999926],[-50.725151730999954,-22.091306761999938],[-50.716623614,-22.249702370999955],[-50.758941910999965,-22.303492508],[-50.783544408999965,-22.435186583999975],[-50.695044,-22.399901998999958],[-50.680614,-22.29451799899996],[-50.55846774699992,-22.29529037],[-50.551631472999965,-22.233255626999924],[-50.48524596899996,-22.152160029999965],[-50.521124665999935,-22.111016046]]]},"properties":{"CD_MUN":"3541703","NM_MUN":"Quatá","SIGLA":"SP","AREA_KM2":651.341}},
{"type":"Feature","geometry":{"type":"Polygon","coordinates":[[[-50.27330213099994,-21.70928348499995],[-50.30847734599996,-21.714514977],[-50.338038561999916,-21.806518008999962],[-50.27045737500002,-21.841744544999973],[-50.15908447199992,-21.858062822999944],[-50.128051877,-21.817020591999956],[-50.27330213099994,-21.70928348499995]]]},"properties":{"CD_MUN":"3541802","NM_MUN":"Queiroz","SIGLA":"SP","AREA_KM2":234.914}},
{"type":"Feature","geometry":{"type":"Polygon","coordinates":[[[-44.68816037099998,-22.52145618899993],[-44.74144567699991,-22.424827631999964],[-44.8439453,-22.427803222999962],[-44.84964034799994,-22.602200104999923],[-44.81670050399995,-22.613684834999912],[-44.68816037099998,-22.52145618899993]]]},"properties":{"CD_MUN":"3541901","NM_MUN":"Queluz","SIGLA":"SP","AREA_KM2":249.399}},
{"type":"Feature","geometry":{"type":"Polygon","coordinates":[[[-50.34588523499998,-22.188498168999935],[-50.27740908399993,-22.118362851999915],[-50.28469189799998,-21.95950102799996],[-50.34501826499992,-22.061990852999944],[-50.483843673999935,-22.08053562199993],[-50.521124665999935,-22.111016046],[-50.48524596899996,-22.152160029999965],[-50.45172942099995,-22.173140169999925],[-50.34588523499998,-22.188498168999935]]]},"properties":{"CD_MUN":"3542008","NM_MUN":"Quintana","SIGLA":"SP","AREA_KM2":318.937}},
{"type":"Feature","geometry":{"type":"Polygon","coordinates":[[[-47.62330635599998,-22.994218594999936],[-47.66026878799991,-22.997283975999906],[-47.608687177,-23.09926357399995],[-47.508614489999985,-23.091630295999956],[-47.530473297,-23.00427212399999],[-47.62330635599998,-22.994218594999936]]]},"properties":{"CD_MUN":"3542107","NM_MUN":"Rafard","SIGLA":"SP","AREA_KM2":121.645}},
{"type":"Feature","geometry":{"type":"Polygon","coordinates":[[[-50.86466191399996,-21.968986700999924],[-50.93786893199994,-21.95096862699991],[-50.97926478499996,-21.99888611699988],[-51.011805080999935,-22.144421994999917],[-51.11171445900002,-22.357345521999914],[-51.0999747719999,-22.486867588999946],[-50.9729929169999,-22.544284622999964],[-50.945036062,-22.675002363999983],[-50.82758121399992,-22.645285904999977],[-50.84614131999993,-22.61796573899991],[-50.82955807499998,-22.42827992399997],[-50.934501736999955,-22.426472206999968],[-50.90548642399996,-22.348225205999892],[-50.82335345199997,-22.238679205999965],[-50.75102516999996,-22.05816751799997],[-50.70577244699994,-22.021953010999926],[-50.70511345199995,-22.021583949999943],[-50.71015204099993,-22.015207275999913],[-50.86466191399996,-21.968986700999924]]]},"properties":{"CD_MUN":"3542206","NM_MUN":"Rancharia","SIGLA":"SP","AREA_KM2":1587.498}},
{"type":"Feature","geometry":{"type":"Polygon","coordinates":[[[-45.39698843299995,-23.180665189999914],[-45.467390249,-23.224594420999942],[-45.522249812999966,-23.176307731999977],[-45.60947942199995,-23.163502706],[-45.64075018799995,-23.19603161299991],[-45.64555458699992,-23.291118245999932],[-45.56610783499996,-23.33241117899997],[-45.380970503999954,-23.288999974],[-45.424478789999974,-23.228512344999928],[-45.39698843299995,-23.180665189999914]]]},"properties":{"CD_MUN":"3542305","NM_MUN":"Redenção da Serra","SIGLA":"SP","AREA_KM2":309.441}},
{"type":"Feature","geometry":{"type":"Polygon","coordinates":[[[-51.230244054999936,-22.221064424999923],[-51.315696905,-22.129357880999976],[-51.39926700299996,-22.203466159999916],[-51.352416215999966,-22.323881704],[-51.219474225999946,-22.355077557999934],[-51.230244054999936,-22.221064424999923]]]},"properties":{"CD_MUN":"3542404","NM_MUN":"Regente Feijó","SIGLA":"SP","AREA_KM2":263.28}},
{"type":"Feature","geometry":{"type":"Polygon","coordinates":[[[-49.134380523999894,-22.049886476999934],[-49.123307942999986,-21.922535594999957],[-49.152116839999955,-21.859706276999944],[-49.1045031699999,-21.7509993799999],[-49.164202710999945,-21.647369825999938],[-49.213293162999975,-21.671144399999918],[-49.18498365899994,-21.771193314999913],[-49.261785387999986,-21.88296866099991],[-49.24968216499998,-22.044057547999927],[-49.160769814999945,-22.06560750299996],[-49.130823012999976,-22.06156356799994],[-49.134380523999894,-22.049886476999934]]]},"properties":{"CD_MUN":"3542503","NM_MUN":"Reginópolis","SIGLA":"SP","AREA_KM2":410.406}},
{"type":"Feature","geometry":{"type":"Polygon","coordinates":[[[-47.683617326999986,-24.37913945400002],[-47.800145975,-24.351799885999945],[-47.91033139799998,-24.468972139],[-48.01342528699994,-24.50989216899991],[-48.08485744499997,-24.580563819999988],[-48.000571346,-24.572471251999914],[-47.91816527399996,-24.62752882399993],[-47.86588905699995,-24.579188808],[-47.77843097099998,-24.574309453999952],[-47.727745200999934,-24.622101918999974],[-47.62668674199998,-24.51281001300002],[-47.683617326999986,-24.37913945400002]]]},"properties":{"CD_MUN":"3542602","NM_MUN":"Registro","SIGLA":"SP","AREA_KM2":722.201}},
{"type":"Feature","geometry":{"type":"Polygon","coordinates":[[[-47.50912840599996,-20.72485366199995],[-47.413018720999936,-20.66630193299993],[-47.39824105999998,-20.614174455999965],[-47.52867494099996,-20.562724154999987],[-47.598211306999985,-20.693096790999963],[-47.50912840599996,-20.72485366199995]]]},"properties":{"CD_MUN":"3542701","NM_MUN":"Restinga","SIGLA":"SP","AREA_KM2":245.746}},
{"type":"Feature","geometry":{"type":"Polygon","coordinates":[[[-48.98189174399994,-24.52378271100001],[-49.05476144799998,-24.554204056999893],[-49.13244069899997,-24.537529974999885],[-49.17142157999994,-24.61210431399993],[-49.157876101999975,-24.671934591999957],[-49.01030569499991,-24.654371073999982],[-48.91234721899995,-24.673974134999952],[-48.94910512599992,-24.61826047899992],[-48.90134141299997,-24.55648494999997],[-48.98189174399994,-24.52378271100001]]]},"properties":{"CD_MUN":"3542800","NM_MUN":"Ribeira","SIGLA":"SP","AREA_KM2":335.759}},
{"type":"Feature","geometry":{"type":"Polygon","coordinates":[[[-48.165975519000014,-21.971789339999912],[-48.25442678799991,-21.893145129999922],[-48.29149691699996,-21.989747499999943],[-48.29858474999995,-22.063737350999943],[-48.25595364099995,-22.154640506999943],[-48.107628844,-22.180249722999932],[-48.04372033399994,-22.128870257999953],[-48.044872135999945,-22.07322458799995],[-48.09118072300002,-22.06001170199997],[-48.165975519000014,-21.971789339999912]]]},"properties":{"CD_MUN":"3542909","NM_MUN":"Ribeirão Bonito","SIGLA":"SP","AREA_KM2":471.553}},
{"type":"Feature","geometry":{"type":"Polygon","coordinates":[[[-48.660838257999934,-24.14328230399999],[-48.72978067599993,-24.115729405999943],[-48.8218374809999,-24.128061636999973],[-48.986971245999925,-24.312339982999966],[-48.69031833699992,-24.391398805999884],[-48.645074921999964,-24.332039190999986],[-48.660838257999934,-24.14328230399999]]]},"properties":{"CD_MUN":"3543006","NM_MUN":"Ribeirão Branco","SIGLA":"SP","AREA_KM2":697.5}},
{"type":"Feature","geometry":{"type":"Polygon","coordinates":[[[-47.529488646999965,-20.391323925999902],[-47.62619325500001,-20.407227141],[-47.6152159169999,-20.481673958999966],[-47.552532761,-20.512582284],[-47.50004361999995,-20.456363825999944],[-47.529488646999965,-20.391323925999902]]]},"properties":{"CD_MUN":"3543105","NM_MUN":"Ribeirão Corrente","SIGLA":"SP","AREA_KM2":148.332}},
{"type":"Feature","geometry":{"type":"Polygon","coordinates":[[[-49.90218700099993,-22.666612028999964],[-49.97360835399995,-22.68784571199994],[-50.010054784,-22.784304296999967],[-50.00866191699995,-22.786701139999952],[-49.9386014369999,-22.833056079999956],[-49.885884003999976,-22.814461827999963],[-49.83671413799995,-22.763196266],[-49.90218700099993,-22.666612028999964]]]},"properties":{"CD_MUN":"3543204","NM_MUN":"Ribeirão do Sul","SIGLA":"SP","AREA_KM2":203.208}},
{"type":"Feature","geometry":{"type":"Polygon","coordinates":[[[-51.537076818999964,-21.684396487999944],[-51.610476551,-21.67541771199991],[-51.5874069619999,-21.759182872999947],[-51.66832526699993,-21.82560371199994],[-51.587760255,-21.900946878999914],[-51.573570304,-21.85072797799995],[-51.511871806999935,-21.70175632599994],[-51.537076818999964,-21.684396487999944]]]},"properties":{"CD_MUN":"3543238","NM_MUN":"Ribeirão dos Índios","SIGLA":"SP","AREA_KM2":196.446}},
{"type":"Feature","geometry":{"type":"Polygon","coordinates":[[[-48.28096707699993,-24.281912686999938],[-48.315295741999904,-24.114283106999913],[-48.4074366089999,-24.086278632999978],[-48.420945923,-24.1801950629999],[-48.43112331599998,-24.26374769399994],[-48.38312918999998,-24.30417419299996],[-48.28096707699993,-24.281912686999938]]]},"properties":{"CD_MUN":"3543253","NM_MUN":"Ribeirão Grande","SIGLA":"SP","AREA_KM2":333.363}},
{"type":"Feature","geometry":{"type":"Polygon","coordinates":[[[-46.383416,-23.617662998999975],[-46.38388517299995,-23.61771861899996],[-46.474983332999926,-23.718288948999934],[-46.428875,-23.7656749989999],[-46.33071665999992,-23.70887213099998],[-46.383416,-23.617662998999975]]]},"properties":{"CD_MUN":"3543303","NM_MUN":"Ribeirão Pires","SIGLA":"SP","AREA_KM2":98.972}},
{"type":"Feature","geometry":{"type":"Polygon","coordinates":[[[-47.719053,-21.120071998999954],[-47.872007202,-21.06427486799994],[-47.943423,-21.200295998999916],[-47.926373,-21.26728699899992],[-47.989154,-21.309371998999946],[-47.905991,-21.368056998999982],[-47.817679,-21.34305899899994],[-47.659131,-21.195800998999967],[-47.6466820009999,-21.14814999699993],[-47.719053,-21.120071998999954]]]},"properties":{"CD_MUN":"3543402","NM_MUN":"Ribeirão Preto","SIGLA":"SP","AREA_KM2":650.916}},
{"type":"Feature","geometry":{"type":"Polygon","coordinates":[[[-49.33420682099998,-23.781545497999943],[-49.386685847999985,-23.759520673999965],[-49.55968176499994,-23.7936083729999],[-49.60761992100002,-23.840622311999894],[-49.522335859999984,-23.916564566999966],[-49.289362614,-23.89152418999997],[-49.33420682099998,-23.781545497999943]]]},"properties":{"CD_MUN":"3543501","NM_MUN":"Riversul","SIGLA":"SP","AREA_KM2":385.878}},
{"type":"Feature","geometry":{"type":"Polygon","coordinates":[[[-47.329181950999924,-20.11531643999996],[-47.408133496999945,-20.08019628199996],[-47.46332203999996,-19.965789005999977],[-47.54923773899994,-19.993769742999987],[-47.54224275699991,-20.01305229],[-47.47332720199992,-20.06078767],[-47.44421828,-20.12573664199989],[-47.350051987999926,-20.16298354399991],[-47.329181950999924,-20.11531643999996]]]},"properties":{"CD_MUN":"3543600","NM_MUN":"Rifaina","SIGLA":"SP","AREA_KM2":162.508}},
{"type":"Feature","geometry":{"type":"Polygon","coordinates":[[[-47.92717681999996,-21.575967339999966],[-47.96424604899993,-21.598262205],[-48.074270012999975,-21.479238513999963],[-48.166465913,-21.606017100999928],[-48.170441995,-21.654547472999983],[-47.997602099,-21.63513872600001],[-47.909794910999906,-21.67815061299999],[-47.86314942499993,-21.611613426999963],[-47.92717681999996,-21.575967339999966]]]},"properties":{"CD_MUN":"3543709","NM_MUN":"Rincão","SIGLA":"SP","AREA_KM2":316.639}},
{"type":"Feature","geometry":{"type":"Polygon","coordinates":[[[-50.61520202899993,-21.658907166999928],[-50.669613460999955,-21.60578276],[-50.77981250899992,-21.567784038999935],[-50.82690756099996,-21.689018083999976],[-50.71835352999996,-21.799533412],[-50.63491115799998,-21.7666428119999],[-50.61520202899993,-21.658907166999928]]]},"properties":{"CD_MUN":"3543808","NM_MUN":"Rinópolis","SIGLA":"SP","AREA_KM2":358.481}},
{"type":"Feature","geometry":{"type":"Polygon","coordinates":[[[-47.46727018499996,-22.41326314499995],[-47.46977955099993,-22.245362510999964],[-47.59420247199994,-22.249310683999965],[-47.6340528329999,-22.335203896999953],[-47.71366364299993,-22.30190990999997],[-47.760334456999956,-22.340410278999965],[-47.666545367,-22.380389803999954],[-47.65444878299993,-22.520936133999978],[-47.582749535999916,-22.541961932999985],[-47.562652188999905,-22.526598199999945],[-47.57776123099992,-22.470477762],[-47.46727018499996,-22.41326314499995]]]},"properties":{"CD_MUN":"3543907","NM_MUN":"Rio Claro","SIGLA":"SP","AREA_KM2":498.422}},
{"type":"Feature","geometry":{"type":"Polygon","coordinates":[[[-47.49505664699997,-22.767430221999927],[-47.66767799499993,-22.799383806999938],[-47.71149506999991,-22.912072970999965],[-47.70118785999992,-22.918663038999973],[-47.619217520999975,-22.922734845],[-47.519342965999925,-22.88706122499994],[-47.50711161799998,-22.852547688999948],[-47.49505664699997,-22.767430221999927]]]},"properties":{"CD_MUN":"3544004","NM_MUN":"Rio das Pedras","SIGLA":"SP","AREA_KM2":226.657}},
{"type":"Feature","geometry":{"type":"Polygon","coordinates":[[[-46.32809,-23.728386998999937],[-46.33071665999992,-23.70887213099998],[-46.428875,-23.7656749989999],[-46.32809,-23.728386998999937]]]},"properties":{"CD_MUN":"3544103","NM_MUN":"Rio Grande da Serra","SIGLA":"SP","AREA_KM2":36.341}},
{"type":"Feature","geometry":{"type":"Polygon","coordinates":[[[-49.62448527999996,-20.17645892999994],[-49.55017639199994,-20.023147061],[-49.61322934099998,-19.919972961999974],[-49.9061864409999,-19.937167077999938],[-49.89199656999992,-20.036979486999904],[-49.806389063999944,-20.073746774999943],[-49.748661880000014,-20.089615636999945],[-49.65438389099994,-20.170488571999954],[-49.62448527999996,-20.17645892999994]]]},"properties":{"CD_MUN":"3544202","NM_MUN":"Riolândia","SIGLA":"SP","AREA_KM2":631.897}},
{"type":"Feature","geometry":{"type":"Polygon","coordinates":[[[-52.76431061499995,-22.608636888999953],[-52.73231975199997,-22.52466520299988],[-52.611579088999974,-22.401559148999937],[-52.65533862099991,-22.303144065999945],[-52.798330857999986,-22.378273404],[-52.854761225999894,-22.4391123789999],[-52.998579148,-22.493181287999917],[-53.10786230699993,-22.595511541999933],[-53.05579790199994,-22.632622733999916],[-52.97242498299994,-22.570484294999957],[-52.858362803,-22.608001008],[-52.76431061499995,-22.608636888999953]]]},"properties":{"CD_MUN":"3544251","NM_MUN":"Rosana","SIGLA":"SP","AREA_KM2":744.011}},
{"type":"Feature","geometry":{"type":"Polygon","coordinates":[[[-45.278062677999934,-22.852017810999982],[-45.323876763999955,-22.855646973999967],[-45.33732292799996,-22.951501774999947],[-45.307225615999975,-23.025201952999964],[-45.294223248,-23.02708035199995],[-45.25774773199995,-23.008000612999936],[-45.278062677999934,-22.852017810999982]]]},"properties":{"CD_MUN":"3544301","NM_MUN":"Roseira","SIGLA":"SP","AREA_KM2":129.847}},
{"type":"Feature","geometry":{"type":"Polygon","coordinates":[[[-50.873626303999956,-21.48916661399994],[-50.72186054399996,-21.380603038999944],[-50.69442548199998,-21.262355107999973],[-50.7359521929999,-21.199048065999957],[-50.819775755999984,-21.37476487099997],[-50.92414804699993,-21.441876513999922],[-50.89782101599997,-21.490723015999933],[-50.873626303999956,-21.48916661399994]]]},"properties":{"CD_MUN":"3544400","NM_MUN":"Rubiácea","SIGLA":"SP","AREA_KM2":236.484}},
{"type":"Feature","geometry":{"type":"Polygon","coordinates":[[[-50.91834919199993,-20.130511407999983],[-51.00119113599996,-20.096334780999978],[-51.06916308599995,-20.25004948399994],[-51.10938955499995,-20.280092210999943],[-51.03856676399998,-20.37092484799997],[-50.990836987,-20.43172303699988],[-50.97039972899992,-20.403267674999945],[-51.02562945099997,-20.278214858999952],[-50.97355173999995,-20.16007032199992],[-50.91834919199993,-20.130511407999983]]]},"properties":{"CD_MUN":"3544509","NM_MUN":"Rubinéia","SIGLA":"SP","AREA_KM2":242.877}},
{"type":"Feature","geometry":{"type":"Polygon","coordinates":[[[-49.628421804999974,-21.354433734999887],[-49.69699518799999,-21.36267740299994],[-49.633019175999955,-21.48911972499997],[-49.517568765,-21.602315669999914],[-49.44545105899991,-21.524068499999913],[-49.54712052099996,-21.42268148299996],[-49.628421804999974,-21.354433734999887]]]},"properties":{"CD_MUN":"3544608","NM_MUN":"Sabino","SIGLA":"SP","AREA_KM2":305.285}},
{"type":"Feature","geometry":{"type":"Polygon","coordinates":[[[-50.96124371599997,-21.822584165999945],[-51.008537205,-21.80444786499992],[-51.08272341099999,-21.88176485799996],[-50.96585796599992,-21.92575024999993],[-50.90432018399993,-21.870008554999973],[-50.96124371599997,-21.822584165999945]]]},"properties":{"CD_MUN":"3544707","NM_MUN":"Sagres","SIGLA":"SP","AREA_KM2":147.935}},
{"type":"Feature","geometry":{"type":"Polygon","coordinates":[[[-49.396300524999965,-21.372090568999944],[-49.410371675,-21.327755120999967],[-49.51771059299992,-21.22805395799997],[-49.572434065,-21.27110883599995],[-49.628421804999974,-21.354433734999887],[-49.54712052099996,-21.42268148299996],[-49.46736061299994,-21.440205649999964],[-49.396300524999965,-21.372090568999944]]]},"properties":{"CD_MUN":"3544806","NM_MUN":"Sales","SIGLA":"SP","AREA_KM2":308.555}},
{"type":"Feature","geometry":{"type":"Polygon","coordinates":[[[-47.71815626499995,-20.81534173099989],[-47.82469513999993,-20.74470775199991],[-47.961991938999944,-20.814359371999966],[-47.985368655999956,-20.876369914999913],[-47.93971820799989,-20.89994669899996],[-47.779746420000016,-20.894437787999962],[-47.71815626499995,-20.81534173099989]]]},"properties":{"CD_MUN":"3544905","NM_MUN":"Sales Oliveira","SIGLA":"SP","AREA_KM2":305.776}},
{"type":"Feature","geometry":{"type":"Polygon","coordinates":[[[-45.78879405199993,-23.49288215199993],[-45.840648024,-23.47234870699998],[-45.961913132999946,-23.497051212],[-45.992664,-23.51991599900002],[-45.916139,-23.666903998999942],[-45.844805,-23.64379099899999],[-45.796058,-23.68297199899999],[-45.71962387599992,-23.648911738000024],[-45.702539508999976,-23.636851271999916],[-45.78879405199993,-23.49288215199993]]]},"properties":{"CD_MUN":"3545001","NM_MUN":"Salesópolis","SIGLA":"SP","AREA_KM2":424.997}},
{"type":"Feature","geometry":{"type":"Polygon","coordinates":[[[-50.873626303999956,-21.48916661399994],[-50.89782101599997,-21.490723015999933],[-50.94005071199998,-21.55895519499996],[-50.9225470709999,-21.632176045999927],[-50.91480611799996,-21.66934566599995],[-50.87996746799998,-21.689417139999954],[-50.80924265299995,-21.56008193499993],[-50.873626303999956,-21.48916661399994]]]},"properties":{"CD_MUN":"3545100","NM_MUN":"Salmourão","SIGLA":"SP","AREA_KM2":172.934}},
{"type":"Feature","geometry":{"type":"Polygon","coordinates":[[[-47.66767799499993,-22.799383806999938],[-47.806904852999935,-22.876903984],[-47.71149506999991,-22.912072970999965],[-47.66767799499993,-22.799383806999938]]]},"properties":{"CD_MUN":"3545159","NM_MUN":"Saltinho","SIGLA":"SP","AREA_KM2":99.738}},
{"type":"Feature","geometry":{"type":"Polygon","coordinates":[[[-47.300718,-23.11277299899995],[-47.389562,-23.154663999],[-47.325832,-23.234265998999923],[-47.244679,-23.230350998999917],[-47.195877152,-23.18696124599994],[-47.300718,-23.11277299899995]]]},"properties":{"CD_MUN":"3545209","NM_MUN":"Salto","SIGLA":"SP","AREA_KM2":133.057}},
{"type":"Feature","geometry":{"type":"Polygon","coordinates":[[[-47.55652693799989,-23.57352290599991],[-47.62255998399995,-23.571768894999913],[-47.705969414999956,-23.628924985000012],[-47.634517323999965,-23.707426287999986],[-47.61874563500001,-23.756732942999967],[-47.48830975199995,-23.684872988999892],[-47.49416750999995,-23.650012946999922],[-47.49252095099995,-23.584168334],[-47.55652693799989,-23.57352290599991]]]},"properties":{"CD_MUN":"3545308","NM_MUN":"Salto de Pirapora","SIGLA":"SP","AREA_KM2":280.412}},
{"type":"Feature","geometry":{"type":"Polygon","coordinates":[[[-49.885884003999976,-22.814461827999963],[-49.9386014369999,-22.833056079999956],[-50.00866191699995,-22.786701139999952],[-50.05284323599996,-22.905514561],[-49.972525050999934,-22.95854338199993],[-49.88619525399997,-22.903783553999943],[-49.884382195999976,-22.838221925],[-49.885884003999976,-22.814461827999963]]]},"properties":{"CD_MUN":"3545407","NM_MUN":"Salto Grande","SIGLA":"SP","AREA_KM2":188.441}},
{"type":"Feature","geometry":{"type":"Polygon","coordinates":[[[-51.712146948999944,-22.351519178999943],[-51.83812893199999,-22.357720188],[-51.947680415999926,-22.514776138999935],[-52.032923989999986,-22.539164388999975],[-51.89017615299997,-22.613168548],[-51.784409366999924,-22.534776344],[-51.71114831300001,-22.39239643499996],[-51.712146948999944,-22.351519178999943]]]},"properties":{"CD_MUN":"3545506","NM_MUN":"Sandovalina","SIGLA":"SP","AREA_KM2":455.856}},
{"type":"Feature","geometry":{"type":"Polygon","coordinates":[[[-48.74138319199999,-21.245616672999965],[-48.84491688199992,-21.21884494699998],[-48.92009042299998,-21.299592233999896],[-48.90016531,-21.370584436999938],[-48.75429710600001,-21.420693893],[-48.74138319199999,-21.245616672999965]]]},"properties":{"CD_MUN":"3545605","NM_MUN":"Santa Adélia","SIGLA":"SP","AREA_KM2":330.269}},
{"type":"Feature","geometry":{"type":"Polygon","coordinates":[[[-50.64949161899996,-20.003984290999952],[-50.686411175999986,-19.916157164],[-50.844083787999956,-19.967647725999935],[-50.767282144999925,-20.05014855499999],[-50.744198470999905,-20.135024445999914],[-50.70411055200001,-20.129995208],[-50.663426130999966,-20.061511158],[-50.64949161899996,-20.003984290999952]]]},"properties":{"CD_MUN":"3545704","NM_MUN":"Santa Albertina","SIGLA":"SP","AREA_KM2":272.692}},
{"type":"Feature","geometry":{"type":"Polygon","coordinates":[[[-47.351201290999896,-22.78503176299994],[-47.38806208399994,-22.699270358999932],[-47.49045996499996,-22.724285204999948],[-47.49505664699997,-22.767430221999927],[-47.50711161799998,-22.852547688999948],[-47.39620978199996,-22.904528006],[-47.341818035999964,-22.860254953999934],[-47.358400324999934,-22.817465881],[-47.351201290999896,-22.78503176299994]]]},"properties":{"CD_MUN":"3545803","NM_MUN":"Santa Bárbara d'Oeste","SIGLA":"SP","AREA_KM2":271.03}},
{"type":"Feature","geometry":{"type":"Polygon","coordinates":[[[-45.782332177999955,-23.35556942999993],[-45.80304,-23.32938899899993],[-45.86151,-23.375562998999975],[-45.987384941999935,-23.419775956999942],[-45.961913132999946,-23.497051212],[-45.840648024,-23.47234870699998],[-45.78879405199993,-23.49288215199993],[-45.754487727999944,-23.389132598999893],[-45.782332177999955,-23.35556942999993]]]},"properties":{"CD_MUN":"3546009","NM_MUN":"Santa Branca","SIGLA":"SP","AREA_KM2":272.238}},
{"type":"Feature","geometry":{"type":"Polygon","coordinates":[[[-50.88599882199995,-19.990389434999898],[-50.96912936399997,-20.036445197999928],[-51.00119113599996,-20.096334780999978],[-50.91834919199993,-20.130511407999983],[-50.87118741699996,-20.132383854999922],[-50.82526935499995,-20.053204174999948],[-50.88599882199995,-19.990389434999898]]]},"properties":{"CD_MUN":"3546108","NM_MUN":"Santa Clara d'Oeste","SIGLA":"SP","AREA_KM2":183.458}},
{"type":"Feature","geometry":{"type":"Polygon","coordinates":[[[-47.399666610999894,-22.084881731999904],[-47.578386666999975,-22.08892704099995],[-47.55033893899993,-22.150800675999935],[-47.49045598299998,-22.187553084999898],[-47.42006274099994,-22.144453846999976],[-47.399666610999894,-22.084881731999904]]]},"properties":{"CD_MUN":"3546207","NM_MUN":"Santa Cruz da Conceição","SIGLA":"SP","AREA_KM2":150.13}},
{"type":"Feature","geometry":{"type":"Polygon","coordinates":[[[-47.415078298,-21.34320928899994],[-47.368461137999965,-21.294248117999945],[-47.40409399099993,-21.209723019999913],[-47.478283647999945,-21.205332142999964],[-47.50185730299991,-21.20789360499998],[-47.45876102399997,-21.367000964999914],[-47.415078298,-21.34320928899994]]]},"properties":{"CD_MUN":"3546256","NM_MUN":"Santa Cruz da Esperança","SIGLA":"SP","AREA_KM2":148.062}},
{"type":"Feature","geometry":{"type":"Polygon","coordinates":[[[-47.24094854899993,-21.75785375199993],[-47.29338760599992,-21.752323496999946],[-47.346898065999916,-21.80653110599998],[-47.34307351800002,-21.839866884999957],[-47.216210850000024,-21.975977837999903],[-47.19548911799995,-21.973734850999946],[-47.18659051399989,-21.790424130999906],[-47.24094854899993,-21.75785375199993]]]},"properties":{"CD_MUN":"3546306","NM_MUN":"Santa Cruz das Palmeiras","SIGLA":"SP","AREA_KM2":295.337}},
{"type":"Feature","geometry":{"type":"Polygon","coordinates":[[[-49.503016582999955,-22.51384672899995],[-49.56619329799993,-22.575046475999958],[-49.59891757699994,-22.66485224899993],[-49.64487110899995,-22.760005359999944],[-49.744692929999985,-22.791709089999888],[-49.77951653199996,-22.877327808],[-49.763447416,-22.969935340999967],[-49.75715013699997,-22.97055118099994],[-49.677289839,-23.00874803099996],[-49.55774650399995,-23.000181086999895],[-49.522625575999975,-22.907470017999962],[-49.45857210400001,-22.91327832099995],[-49.369586049999924,-22.883432451999987],[-49.37589085099995,-22.77745187299992],[-49.37981220799996,-22.733927891999937],[-49.495144132999975,-22.72720620899996],[-49.50669699299992,-22.646174794999983],[-49.453609128999986,-22.58396758299993],[-49.4518648869999,-22.576449811999986],[-49.503016582999955,-22.51384672899995]]]},"properties":{"CD_MUN":"3546405","NM_MUN":"Santa Cruz do Rio Pardo","SIGLA":"SP","AREA_KM2":1114.747}},
{"type":"Feature","geometry":{"type":"Polygon","coordinates":[[[-48.28255517099997,-21.481297165999944],[-48.335839584,-21.385244895999964],[-48.427812117999935,-21.435448206999972],[-48.463937855,-21.489790455999955],[-48.369297,-21.504506189999937],[-48.28255517099997,-21.481297165999944]]]},"properties":{"CD_MUN":"3546504","NM_MUN":"Santa Ernestina","SIGLA":"SP","AREA_KM2":134.421}},
{"type":"Feature","geometry":{"type":"Polygon","coordinates":[[[-50.864761133999906,-20.165836030999937],[-50.87118741699996,-20.132383854999922],[-50.91834919199993,-20.130511407999983],[-50.97355173999995,-20.16007032199992],[-51.02562945099997,-20.278214858999952],[-50.97039972899992,-20.403267674999945],[-50.96708257999991,-20.399979811999955],[-50.93327805299996,-20.3109309129999],[-50.864761133999906,-20.165836030999937]]]},"properties":{"CD_MUN":"3546603","NM_MUN":"Santa Fé do Sul","SIGLA":"SP","AREA_KM2":206.537}},
{"type":"Feature","geometry":{"type":"Polygon","coordinates":[[[-47.46703111399999,-22.418643208999942],[-47.46727018499996,-22.41326314499995],[-47.57776123099992,-22.470477762],[-47.562652188999905,-22.526598199999945],[-47.48938396399993,-22.523830600999926],[-47.46703111399999,-22.418643208999942]]]},"properties":{"CD_MUN":"3546702","NM_MUN":"Santa Gertrudes","SIGLA":"SP","AREA_KM2":98.291}},
{"type":"Feature","geometry":{"type":"Polygon","coordinates":[[[-46.262198,-23.186386998999943],[-46.364157,-23.274082998999965],[-46.336536,-23.334759998999978],[-46.247678,-23.405620998999908],[-46.157484795999984,-23.342808558999963],[-46.101475,-23.308597999],[-46.145746,-23.256826998999948],[-46.262198,-23.186386998999943]]]},"properties":{"CD_MUN":"3546801","NM_MUN":"Santa Isabel","SIGLA":"SP","AREA_KM2":363.332}},
{"type":"Feature","geometry":{"type":"Polygon","coordinates":[[[-47.909794910999906,-21.67815061299999],[-47.997602099,-21.63513872600001],[-48.170441995,-21.654547472999983],[-48.14583134299994,-21.701569795999962],[-48.095378075999946,-21.714822528999953],[-47.909794910999906,-21.67815061299999]]]},"properties":{"CD_MUN":"3546900","NM_MUN":"Santa Lúcia","SIGLA":"SP","AREA_KM2":153.86}},
{"type":"Feature","geometry":{"type":"Polygon","coordinates":[[[-48.05951121899998,-22.51335186699995],[-48.172822,-22.476131998999946],[-48.23485077799995,-22.520379415999923],[-48.261479889999954,-22.605432154999914],[-48.24637764199997,-22.61903872099996],[-48.08846431599997,-22.651898356999975],[-48.071086806000025,-22.64426101899991],[-48.05951121899998,-22.51335186699995]]]},"properties":{"CD_MUN":"3547007","NM_MUN":"Santa Maria da Serra","SIGLA":"SP","AREA_KM2":252.621}},
{"type":"Feature","geometry":{"type":"Polygon","coordinates":[[[-51.73174652399999,-21.225117045999973],[-51.80867601499994,-21.374757696],[-51.772983605999926,-21.38829011499995],[-51.723182036999944,-21.395169829999947],[-51.676013133,-21.34674511899993],[-51.68164457299993,-21.303628795999927],[-51.73174652399999,-21.225117045999973]]]},"properties":{"CD_MUN":"3547106","NM_MUN":"Santa Mercedes","SIGLA":"SP","AREA_KM2":166.753}},
{"type":"Feature","geometry":{"type":"Polygon","coordinates":[[[-50.75950408499993,-20.165314641999963],[-50.82288718199994,-20.216686510999935],[-50.82669627599998,-20.331003296999892],[-50.785079440999965,-20.335872053999946],[-50.74854358199998,-20.234338374999936],[-50.75950408499993,-20.165314641999963]]]},"properties":{"CD_MUN":"3547205","NM_MUN":"Santana da Ponte Pensa","SIGLA":"SP","AREA_KM2":129.888}},
{"type":"Feature","geometry":{"type":"Polygon","coordinates":[[[-46.928830256999916,-23.387537914999932],[-47.037523,-23.435568998999976],[-46.995036,-23.506992998999955],[-46.96453,-23.498650998999935],[-46.800691,-23.47035599899995],[-46.82331047199996,-23.422374528000013],[-46.928830256999916,-23.387537914999932]]]},"properties":{"CD_MUN":"3547304","NM_MUN":"Santana de Parnaíba","SIGLA":"SP","AREA_KM2":179.949}},
{"type":"Feature","geometry":{"type":"Polygon","coordinates":[[[-50.744198470999905,-20.135024445999914],[-50.767282144999925,-20.05014855499999],[-50.844083787999956,-19.967647725999935],[-50.88599882199995,-19.990389434999898],[-50.82526935499995,-20.053204174999948],[-50.87118741699996,-20.132383854999922],[-50.864761133999906,-20.165836030999937],[-50.82288718199994,-20.216686510999935],[-50.75950408499993,-20.165314641999963],[-50.744198470999905,-20.135024445999914]]]},"properties":{"CD_MUN":"3547403","NM_MUN":"Santa Rita d'Oeste","SIGLA":"SP","AREA_KM2":209.8}},
{"type":"Feature","geometry":{"type":"Polygon","coordinates":[[[-47.44605632699994,-21.584174670999943],[-47.570727312999956,-21.558896559999905],[-47.64256275299996,-21.592246008999947],[-47.72413938799993,-21.706248241],[-47.66405928099992,-21.742435809999936],[-47.587914709999986,-21.734525300999916],[-47.52420858099999,-21.802313793999915],[-47.43854292299991,-21.7808284669999],[-47.346898065999916,-21.80653110599998],[-47.29338760599992,-21.752323496999946],[-47.39922522999997,-21.613740912999955],[-47.44605632699994,-21.584174670999943]]]},"properties":{"CD_MUN":"3547502","NM_MUN":"Santa Rita do Passa Quatro","SIGLA":"SP","AREA_KM2":754.141}},
{"type":"Feature","geometry":{"type":"Polygon","coordinates":[[[-47.26419542799995,-21.451316429],[-47.379748928,-21.3953270499999],[-47.43024846699992,-21.450215004],[-47.44605632699994,-21.584174670999943],[-47.39922522999997,-21.613740912999955],[-47.27754879799992,-21.527719957999967],[-47.26419542799995,-21.451316429]]]},"properties":{"CD_MUN":"3547601","NM_MUN":"Santa Rosa de Viterbo","SIGLA":"SP","AREA_KM2":288.576}},
{"type":"Feature","geometry":{"type":"Polygon","coordinates":[[[-50.73408948899997,-20.31249052099998],[-50.67130308899996,-20.253670955],[-50.68336679199998,-20.19330783299994],[-50.74854358199998,-20.234338374999936],[-50.785079440999965,-20.335872053999946],[-50.74239531299993,-20.324348497999942],[-50.73408948899997,-20.31249052099998]]]},"properties":{"CD_MUN":"3547650","NM_MUN":"Santa Salete","SIGLA":"SP","AREA_KM2":79.192}},
{"type":"Feature","geometry":{"type":"Polygon","coordinates":[[[-51.587760255,-21.900946878999914],[-51.66832526699993,-21.82560371199994],[-51.678823934999954,-21.897511766],[-51.79643875099995,-22.04088674099994],[-51.86376466399995,-22.04302207199996],[-51.874403875999974,-22.177281641999933],[-51.822470626,-22.151408228999934],[-51.73845204699995,-22.179879987999982],[-51.7312045699999,-22.099400915999965],[-51.584694740999936,-21.970783234999978],[-51.587760255,-21.900946878999914]]]},"properties":{"CD_MUN":"3547700","NM_MUN":"Santo Anastácio","SIGLA":"SP","AREA_KM2":552.876}},
{"type":"Feature","geometry":{"type":"Polygon","coordinates":[[[-46.485452,-23.622977998999914],[-46.548043,-23.606091998999958],[-46.56721364699995,-23.650162560999952],[-46.520315,-23.73533999899996],[-46.410296,-23.815378998999982],[-46.320292,-23.803096998999926],[-46.278391,-23.770306999],[-46.321927,-23.744428998999965],[-46.32809,-23.728386998999937],[-46.428875,-23.7656749989999],[-46.474983332999926,-23.718288948999934],[-46.485452,-23.622977998999914]]]},"properties":{"CD_MUN":"3547809","NM_MUN":"Santo André","SIGLA":"SP","AREA_KM2":175.782}},
{"type":"Feature","geometry":{"type":"Polygon","coordinates":[[[-47.181276174999915,-20.953810105999935],[-47.246995711999965,-20.986588652],[-47.23208811999992,-21.07883325899996],[-47.30875237199996,-21.101874169999988],[-47.189542799,-21.21223033099998],[-47.11852928799997,-21.18592490099994],[-47.181276174999915,-20.953810105999935]]]},"properties":{"CD_MUN":"3547908","NM_MUN":"Santo Antônio da Alegria","SIGLA":"SP","AREA_KM2":310.311}},
{"type":"Feature","geometry":{"type":"Polygon","coordinates":[[[-46.871665815999926,-22.54764090899993],[-46.987090126999945,-22.54408465599994],[-47.04829780799999,-22.57026178099993],[-47.03139790099994,-22.618998132999888],[-46.931150864999985,-22.682910025999945],[-46.93070602899995,-22.682118152999973],[-46.869278736999945,-22.583941812999928],[-46.871665815999926,-22.54764090899993]]]},"properties":{"CD_MUN":"3548005","NM_MUN":"Santo Antônio de Posse","SIGLA":"SP","AREA_KM2":154.133}},
{"type":"Feature","geometry":{"type":"Polygon","coordinates":[[[-50.685546751999965,-20.707797049999908],[-50.79977256799994,-20.671376846999987],[-50.87294552899994,-20.826813511999962],[-50.866600025999915,-20.830515910999967],[-50.76338923499996,-20.89198802999995],[-50.67762131499995,-20.892362122999906],[-50.526429462999914,-21.033304627999936],[-50.39497130099992,-21.063030772999944],[-50.35818976299994,-21.043547729999954],[-50.29923835199998,-20.999544942999968],[-50.262769008,-20.90583113699994],[-50.33633242399997,-20.846133956],[-50.43216044699996,-20.797491859999937],[-50.50558269499989,-20.7616059229999],[-50.60239495899996,-20.772891405999925],[-50.685546751999965,-20.707797049999908]]]},"properties":{"CD_MUN":"3548054","NM_MUN":"Santo Antônio do Aracanguá","SIGLA":"SP","AREA_KM2":1308.432}},
{"type":"Feature","geometry":{"type":"Polygon","coordinates":[[[-46.67184436699998,-22.178340471999967],[-46.646754995,-22.091893161999963],[-46.71951560099991,-22.08325469799993],[-46.746631146999924,-22.09243818199994],[-46.67184436699998,-22.178340471999967]]]},"properties":{"CD_MUN":"3548104","NM_MUN":"Santo Antônio do Jardim","SIGLA":"SP","AREA_KM2":109.956}},
{"type":"Feature","geometry":{"type":"Polygon","coordinates":[[[-45.67631361499995,-22.787584900999978],[-45.71221017399997,-22.769843642999952],[-45.768028145999935,-22.83595880899997],[-45.66996004899996,-22.876458105999973],[-45.61437176999991,-22.797095759999895],[-45.67631361499995,-22.787584900999978]]]},"properties":{"CD_MUN":"3548203","NM_MUN":"Santo Antônio do Pinhal","SIGLA":"SP","AREA_KM2":133.008}},
{"type":"Feature","geometry":{"type":"Polygon","coordinates":[[[-51.342953016999914,-21.774569372],[-51.39455403899993,-21.74476132699997],[-51.42287235099998,-21.87371742999998],[-51.423900673999974,-21.877184451999963],[-51.32616114099992,-21.87224354499998],[-51.342953016999914,-21.774569372]]]},"properties":{"CD_MUN":"3548302","NM_MUN":"Santo Expedito","SIGLA":"SP","AREA_KM2":94.465}},
{"type":"Feature","geometry":{"type":"Polygon","coordinates":[[[-50.44527153099995,-21.661519928999926],[-50.467808211,-21.607431022999943],[-50.55646103999989,-21.611243110999965],[-50.60958022999992,-21.65692500099997],[-50.517062477999914,-21.709925688999885],[-50.45411945099991,-21.688243738999944],[-50.44527153099995,-21.661519928999926]]]},"properties":{"CD_MUN":"3548401","NM_MUN":"Santópolis do Aguapeí","SIGLA":"SP","AREA_KM2":128.026}},
{"type":"Feature","geometry":{"type":"Polygon","coordinates":[[[-46.202373,-23.751299998999954],[-46.278391,-23.770306999],[-46.320292,-23.803096998999926],[-46.386333,-23.93299800099996],[-46.355125573999985,-23.971070001999948],[-46.306326252999966,-23.993083459999966],[-46.311652,-23.92793499899991],[-46.177804,-23.888887998999984],[-46.235507,-23.835971998999973],[-46.202373,-23.751299998999954]]]},"properties":{"CD_MUN":"3548500","NM_MUN":"Santos","SIGLA":"SP","AREA_KM2":281.033}},
{"type":"Feature","geometry":{"type":"Polygon","coordinates":[[[-45.58040830999996,-22.65290985199991],[-45.68107834399992,-22.636335684],[-45.74280673799997,-22.65916686199999],[-45.71221017399997,-22.769843642999952],[-45.67631361499995,-22.787584900999978],[-45.58040830999996,-22.65290985199991]]]},"properties":{"CD_MUN":"3548609","NM_MUN":"São Bento do Sapucaí","SIGLA":"SP","AREA_KM2":252.579}},
{"type":"Feature","geometry":{"type":"Polygon","coordinates":[[[-46.56721364699995,-23.650162560999952],[-46.583385,-23.641035998999946],[-46.616345,-23.65797399899995],[-46.651291,-23.731011998999975],[-46.611946452999945,-23.96776282299996],[-46.496213,-23.899565],[-46.410296,-23.815378998999982],[-46.520315,-23.73533999899996],[-46.56721364699995,-23.650162560999952]]]},"properties":{"CD_MUN":"3548708","NM_MUN":"São Bernardo do Campo","SIGLA":"SP","AREA_KM2":409.532}},
{"type":"Feature","geometry":{"type":"Polygon","coordinates":[[[-46.548043,-23.606091998999958],[-46.583385,-23.641035998999946],[-46.56721364699995,-23.650162560999952],[-46.548043,-23.606091998999958]]]},"properties":{"CD_MUN":"3548807","NM_MUN":"São Caetano do Sul","SIGLA":"SP","AREA_KM2":15.331}},
{"type":"Feature","geometry":{"type":"Polygon","coordinates":[[[-47.736829307999976,-21.711882848],[-47.811859571,-21.699111729999974],[-47.86314942499993,-21.611613426999963],[-47.909794910999906,-21.67815061299999],[-47.967682372999946,-21.741613184],[-47.96885385699998,-21.820007868999944],[-47.924270911999955,-21.896630106999968],[-47.99575705499991,-22.029911009999967],[-48.09118072300002,-22.06001170199997],[-48.044872135999945,-22.07322458799995],[-47.89992803099993,-22.157575813999895],[-47.79976727499992,-22.128151549999906],[-47.72641712099991,-22.041516347999988],[-47.755821043,-21.91927151899998],[-47.79191825899993,-21.87823185499994],[-47.736829307999976,-21.711882848]]]},"properties":{"CD_MUN":"3548906","NM_MUN":"São Carlos","SIGLA":"SP","AREA_KM2":1136.907}},
{"type":"Feature","geometry":{"type":"Polygon","coordinates":[[[-50.65683103999998,-20.326775001999984],[-50.73408948899997,-20.31249052099998],[-50.74239531299993,-20.324348497999942],[-50.67187962499997,-20.43771968499991],[-50.61306931799996,-20.375744472999955],[-50.65683103999998,-20.326775001999984]]]},"properties":{"CD_MUN":"3549003","NM_MUN":"São Francisco","SIGLA":"SP","AREA_KM2":75.579}},
{"type":"Feature","geometry":{"type":"Polygon","coordinates":[[[-46.758107472999924,-21.84730034499994],[-46.78930460499996,-21.83939400699991],[-46.934920480999956,-21.921836718999952],[-46.93972553999998,-21.978092589],[-46.861195601999945,-22.05042662899995],[-46.89206600799995,-22.086022503999967],[-46.746631146999924,-22.09243818199994],[-46.71951560099991,-22.08325469799993],[-46.64992008499997,-22.009548187999926],[-46.734871267,-21.930303191999965],[-46.758107472999924,-21.84730034499994]]]},"properties":{"CD_MUN":"3549102","NM_MUN":"São João da Boa Vista","SIGLA":"SP","AREA_KM2":516.399}},
{"type":"Feature","geometry":{"type":"Polygon","coordinates":[[[-50.339392001,-20.338469090999975],[-50.430178627999936,-20.41234545399991],[-50.44575988599995,-20.483000244999925],[-50.372971199999945,-20.472697763999967],[-50.32251992599994,-20.407023356],[-50.339392001,-20.338469090999975]]]},"properties":{"CD_MUN":"3549201","NM_MUN":"São João das Duas Pontes","SIGLA":"SP","AREA_KM2":129.462}},
{"type":"Feature","geometry":{"type":"Polygon","coordinates":[[[-50.28517718299998,-20.469783943000017],[-50.311342764,-20.469385171999885],[-50.372971199999945,-20.472697763999967],[-50.44575988599995,-20.483000244999925],[-50.448533378,-20.48622006499997],[-50.395910278999985,-20.568268940999932],[-50.28588205199995,-20.586025912999926],[-50.28517718299998,-20.469783943000017]]]},"properties":{"CD_MUN":"3549250","NM_MUN":"São João de Iracema","SIGLA":"SP","AREA_KM2":178.396}},
{"type":"Feature","geometry":{"type":"Polygon","coordinates":[[[-51.64000371499996,-21.163204638999975],[-51.681999725,-21.14913363099996],[-51.73174652399999,-21.225117045999973],[-51.68164457299993,-21.303628795999927],[-51.65239619799992,-21.28454045499991],[-51.639612412999924,-21.16278854999992],[-51.64000371499996,-21.163204638999975]]]},"properties":{"CD_MUN":"3549300","NM_MUN":"São João do Pau d'Alho","SIGLA":"SP","AREA_KM2":117.665}},
{"type":"Feature","geometry":{"type":"Polygon","coordinates":[[[-47.788340556999934,-20.581043984999923],[-47.91655564400001,-20.434034974999946],[-48.00805892200002,-20.53148814099993],[-48.13373868299992,-20.493512839999948],[-48.08347279099998,-20.585488234999936],[-47.98905016,-20.61683772899997],[-47.88117646899998,-20.647328056999967],[-47.80658786799991,-20.612998348],[-47.788340556999934,-20.581043984999923]]]},"properties":{"CD_MUN":"3549409","NM_MUN":"São Joaquim da Barra","SIGLA":"SP","AREA_KM2":410.863}},
{"type":"Feature","geometry":{"type":"Polygon","coordinates":[[[-47.552532761,-20.512582284],[-47.6152159169999,-20.481673958999966],[-47.62662062499993,-20.480357225],[-47.74302737599997,-20.595483517999966],[-47.61249338199997,-20.70025534799994],[-47.598211306999985,-20.693096790999963],[-47.52867494099996,-20.562724154999987],[-47.552532761,-20.512582284]]]},"properties":{"CD_MUN":"3549508","NM_MUN":"São José da Bela Vista","SIGLA":"SP","AREA_KM2":276.952}},
{"type":"Feature","geometry":{"type":"Polygon","coordinates":[[[-44.46620814899999,-22.615688551999966],[-44.64585828699993,-22.60390131],[-44.68598258899991,-22.64084027599994],[-44.65034807499998,-22.79836752399996],[-44.72375979399993,-22.833307862],[-44.62947770399996,-22.904919372999956],[-44.49464350799996,-22.846786569999956],[-44.508493609,-22.769340922999923],[-44.46620814899999,-22.615688551999966]]]},"properties":{"CD_MUN":"3549607","NM_MUN":"São José do Barreiro","SIGLA":"SP","AREA_KM2":570.685}},
{"type":"Feature","geometry":{"type":"Polygon","coordinates":[[[-46.829190084,-21.49685000499991],[-46.911146252,-21.484534671999942],[-46.978710462,-21.61090049099995],[-47.03755648699996,-21.623474947999952],[-46.979633645999925,-21.700013332999966],[-46.871833995999985,-21.708702313999915],[-46.80501128999996,-21.660179297999935],[-46.76012521099999,-21.572234588999937],[-46.76256937899998,-21.547871239999914],[-46.829190084,-21.49685000499991]]]},"properties":{"CD_MUN":"3549706","NM_MUN":"São José do Rio Pardo","SIGLA":"SP","AREA_KM2":419.684}},
{"type":"Feature","geometry":{"type":"Polygon","coordinates":[[[-49.266452,-20.679998999],[-49.352477,-20.635336998999918],[-49.367764,-20.72283899899997],[-49.461184,-20.684895998999906],[-49.43666928200001,-20.87925081699998],[-49.346019,-20.931583998999912],[-49.257167,-20.851152998999964],[-49.281981,-20.77118099899998],[-49.266452,-20.679998999]]]},"properties":{"CD_MUN":"3549805","NM_MUN":"São José do Rio Preto","SIGLA":"SP","AREA_KM2":431.944}},
{"type":"Feature","geometry":{"type":"Polygon","coordinates":[[[-45.870978,-22.87149299899994],[-45.909035,-22.82960499899996],[-46.050675,-22.896974998999973],[-46.082585,-22.985488999],[-46.107989,-23.097302999],[-46.074803,-23.180872998999966],[-45.965831,-23.235455998999974],[-45.904007,-23.294825998999933],[-45.793719,-23.292003998999945],[-45.721280011,-23.237949006999926],[-45.760415,-23.12868999899994],[-45.841785,-23.041191998999956],[-45.886258,-23.017097998999922],[-45.870978,-22.87149299899994]]]},"properties":{"CD_MUN":"3549904","NM_MUN":"São José dos Campos","SIGLA":"SP","AREA_KM2":1099.409}},
{"type":"Feature","geometry":{"type":"Polygon","coordinates":[[[-46.937828,-23.77662999899993],[-46.988924,-23.80081199899996],[-47.02878762099997,-23.846193592999988],[-46.912183189999915,-23.934384931999965],[-46.849394435999976,-23.86248096599998],[-46.87202132899994,-23.797181054],[-46.937828,-23.77662999899993]]]},"properties":{"CD_MUN":"3549953","NM_MUN":"São Lourenço da Serra","SIGLA":"SP","AREA_KM2":186.456}},
{"type":"Feature","geometry":{"type":"Polygon","coordinates":[[[-45.30011506699997,-23.091987050999897],[-45.39698843299995,-23.180665189999914],[-45.424478789999974,-23.228512344999928],[-45.380970503999954,-23.288999974],[-45.22659523499996,-23.331765531000016],[-45.17503824399995,-23.39516797899993],[-45.07422758499999,-23.304234120999965],[-45.14620948799994,-23.1875050699999],[-45.30011506699997,-23.091987050999897]]]},"properties":{"CD_MUN":"3550001","NM_MUN":"São Luiz do Paraitinga","SIGLA":"SP","AREA_KM2":617.315}},
{"type":"Feature","geometry":{"type":"Polygon","coordinates":[[[-48.490330722,-22.54607629199997],[-48.56078761199997,-22.587183040999967],[-48.645105129999976,-22.53709305900001],[-48.608165331999956,-22.656449275999933],[-48.68867083799994,-22.694342540999966],[-48.72942895899996,-22.764663075999945],[-48.612960968,-22.779452010999943],[-48.56731490899995,-22.853444712999917],[-48.474460619999974,-22.773441659999936],[-48.36538135199994,-22.608871233999892],[-48.384492513999895,-22.58001608999992],[-48.45191245299995,-22.539421621999942],[-48.490330722,-22.54607629199997]]]},"properties":{"CD_MUN":"3550100","NM_MUN":"São Manuel","SIGLA":"SP","AREA_KM2":650.734}},
{"type":"Feature","geometry":{"type":"Polygon","coordinates":[[[-47.86568386499994,-23.783348951999947],[-47.944011168,-23.75416688999993],[-48.05211073399997,-23.755868563999947],[-48.151789649,-23.840504800999938],[-48.207461934999984,-23.849510682],[-48.16688920599994,-23.92224555299999],[-47.95312777799998,-24.119831783999913],[-47.89483230900002,-24.07931489099996],[-47.81455884599996,-23.958428553],[-47.86568386499994,-23.783348951999947]]]},"properties":{"CD_MUN":"3550209","NM_MUN":"São Miguel Arcanjo","SIGLA":"SP","AREA_KM2":930.339}},
{"type":"Feature","geometry":{"type":"Polygon","coordinates":[[[-46.535438,-23.363304998999958],[-46.669751374,-23.41859296399994],[-46.735457,-23.388117998999967],[-46.82297302800002,-23.401033983999987],[-46.82331047199996,-23.422374528000013],[-46.800691,-23.47035599899995],[-46.799528,-23.47138299899992],[-46.76003,-23.529203998999968],[-46.807775,-23.609066998999907],[-46.79271299999989,-23.647190998999932],[-46.80153635899995,-23.685368747999966],[-46.777421,-23.767174998999927],[-46.762574,-23.82786499899995],[-46.810684,-23.920463998999928],[-46.806898,-23.938152998999982],[-46.714799,-23.996164998999937],[-46.649908,-24.00160099899994],[-46.611946452999945,-23.96776282299996],[-46.651291,-23.731011998999975],[-46.616345,-23.65797399899995],[-46.583385,-23.641035998999946],[-46.548043,-23.606091998999958],[-46.485452,-23.622977998999914],[-46.394784089999966,-23.61251833499992],[-46.366395679999975,-23.51215580599991],[-46.386653,-23.474675998999984],[-46.570486,-23.458770998999924],[-46.535438,-23.363304998999958]]]},"properties":{"CD_MUN":"3550308","NM_MUN":"São Paulo","SIGLA":"SP","AREA_KM2":1521.202}},
{"type":"Feature","geometry":{"type":"Polygon","coordinates":[[[-47.79292878599996,-22.448189159999963],[-47.91581395799993,-22.42466025499997],[-48.04077876900001,-22.505886167999964],[-48.05951121899998,-22.51335186699995],[-48.071086806000025,-22.64426101899991],[-47.821361,-22.67370999899999],[-47.803290198,-22.58183166399995],[-47.79292878599996,-22.448189159999963]]]},"properties":{"CD_MUN":"3550407","NM_MUN":"São Pedro","SIGLA":"SP","AREA_KM2":611.278}},
{"type":"Feature","geometry":{"type":"Polygon","coordinates":[[[-49.59891757699994,-22.66485224899993],[-49.63120459199992,-22.623966608999933],[-49.73650024299998,-22.588376237999928],[-49.77200154099998,-22.500646304999936],[-49.81760725,-22.526077195],[-49.885385094,-22.50581394599994],[-49.88785463999996,-22.525469418999897],[-49.90218700099993,-22.666612028999964],[-49.83671413799995,-22.763196266],[-49.885884003999976,-22.814461827999963],[-49.884382195999976,-22.838221925],[-49.77951653199996,-22.877327808],[-49.744692929999985,-22.791709089999888],[-49.64487110899995,-22.760005359999944],[-49.59891757699994,-22.66485224899993]]]},"properties":{"CD_MUN":"3550506","NM_MUN":"São Pedro do Turvo","SIGLA":"SP","AREA_KM2":731.221}},
{"type":"Feature","geometry":{"type":"Polygon","coordinates":[[[-46.995036,-23.506992998999955],[-47.120638,-23.480898999],[-47.138373,-23.411530998999964],[-47.187199,-23.417767998999985],[-47.158357,-23.540200999000014],[-47.205324,-23.61667499899994],[-47.081456,-23.653179998999953],[-47.059025,-23.628347998999963],[-47.028074,-23.58131699899998],[-46.995036,-23.506992998999955]]]},"properties":{"CD_MUN":"3550605","NM_MUN":"São Roque","SIGLA":"SP","AREA_KM2":306.908}},
{"type":"Feature","geometry":{"type":"Polygon","coordinates":[[[-45.42704371099992,-23.708417766999958],[-45.50711623199996,-23.729814478],[-45.66399231499993,-23.69932880699995],[-45.71962387599992,-23.648911738000024],[-45.796058,-23.68297199899999],[-45.84240227799993,-23.758195992999966],[-45.55514892799996,-23.79501430699996],[-45.50242530199996,-23.841199838999984],[-45.39627584899996,-23.80812627399994],[-45.42704371099992,-23.708417766999958]]]},"properties":{"CD_MUN":"3550704","NM_MUN":"São Sebastião","SIGLA":"SP","AREA_KM2":402.395}},
{"type":"Feature","geometry":{"type":"Polygon","coordinates":[[[-46.80501128999996,-21.660179297999935],[-46.871833995999985,-21.708702313999915],[-46.843081387999966,-21.759514039999903],[-46.75051503799993,-21.83417130499988],[-46.69071449199997,-21.837634903999934],[-46.63068503899998,-21.768603226000014],[-46.80501128999996,-21.660179297999935]]]},"properties":{"CD_MUN":"3550803","NM_MUN":"São Sebastião da Grama","SIGLA":"SP","AREA_KM2":252.41}},
{"type":"Feature","geometry":{"type":"Polygon","coordinates":[[[-47.379748928,-21.3953270499999],[-47.415078298,-21.34320928899994],[-47.45876102399997,-21.367000964999914],[-47.54153043199995,-21.41398246099989],[-47.63139395099991,-21.359448799999967],[-47.7143470469999,-21.414856686999926],[-47.829574,-21.42288199899994],[-47.66122903199996,-21.49797153899989],[-47.64256275299996,-21.592246008999947],[-47.570727312999956,-21.558896559999905],[-47.44605632699994,-21.584174670999943],[-47.43024846699992,-21.450215004],[-47.379748928,-21.3953270499999]]]},"properties":{"CD_MUN":"3550902","NM_MUN":"São Simão","SIGLA":"SP","AREA_KM2":617.252}},
{"type":"Feature","geometry":{"type":"Polygon","coordinates":[[[-46.496213,-23.899565],[-46.611946452999945,-23.96776282299996],[-46.649908,-24.00160099899994],[-46.64253630499992,-24.01020091599998],[-46.593065592999956,-23.997500018],[-46.52682494299995,-23.946424043],[-46.47560741999996,-24.00517802599996],[-46.39187729899989,-23.998608459999957],[-46.355125573999985,-23.971070001999948],[-46.386333,-23.93299800099996],[-46.496213,-23.899565]]]},"properties":{"CD_MUN":"3551009","NM_MUN":"São Vicente","SIGLA":"SP","AREA_KM2":148.151}},
{"type":"Feature","geometry":{"type":"Polygon","coordinates":[[[-47.76051155499996,-23.560791989999927],[-47.77985161999993,-23.532138713999963],[-47.8096835659999,-23.586762615999888],[-47.910376767999914,-23.605828784999936],[-47.84853347599995,-23.749487093999967],[-47.78986202699997,-23.755296792999978],[-47.634517323999965,-23.707426287999986],[-47.705969414999956,-23.628924985000012],[-47.76051155499996,-23.560791989999927]]]},"properties":{"CD_MUN":"3551108","NM_MUN":"Sarapuí","SIGLA":"SP","AREA_KM2":352.592}},
{"type":"Feature","geometry":{"type":"Polygon","coordinates":[[[-49.441890879999946,-23.335768695999946],[-49.42204019099991,-23.25413268799995],[-49.45811302899996,-23.191720483],[-49.53773472099991,-23.196324852000018],[-49.54035679399997,-23.280607050999933],[-49.441890879999946,-23.335768695999946]]]},"properties":{"CD_MUN":"3551207","NM_MUN":"Sarutaiá","SIGLA":"SP","AREA_KM2":141.608}},
{"type":"Feature","geometry":{"type":"Polygon","coordinates":[[[-49.923118,-20.562005998999986],[-49.982785751999984,-20.57230520999994],[-49.94818468199995,-20.699414506],[-49.90368055699996,-20.710063767999962],[-49.838555755999906,-20.614364070999933],[-49.87067904199993,-20.590665341000012],[-49.923118,-20.562005998999986]]]},"properties":{"CD_MUN":"3551306","NM_MUN":"Sebastianópolis do Sul","SIGLA":"SP","AREA_KM2":167.848}},
{"type":"Feature","geometry":{"type":"Polygon","coordinates":[[[-47.50185730299991,-21.20789360499998],[-47.527762861,-21.200544821999898],[-47.590771,-21.275947998999953],[-47.65156393399998,-21.28029557999996],[-47.63139395099991,-21.359448799999967],[-47.54153043199995,-21.41398246099989],[-47.45876102399997,-21.367000964999914],[-47.50185730299991,-21.20789360499998]]]},"properties":{"CD_MUN":"3551405","NM_MUN":"Serra Azul","SIGLA":"SP","AREA_KM2":283.144}},
{"type":"Feature","geometry":{"type":"Polygon","coordinates":[[[-47.628204,-21.14831699899998],[-47.6466820009999,-21.14814999699993],[-47.659131,-21.195800998999967],[-47.65156393399998,-21.28029557999996],[-47.590771,-21.275947998999953],[-47.527762861,-21.200544821999898],[-47.628204,-21.14831699899998]]]},"properties":{"CD_MUN":"3551504","NM_MUN":"Serrana","SIGLA":"SP","AREA_KM2":126.046}},
{"type":"Feature","geometry":{"type":"Polygon","coordinates":[[[-46.61379702299994,-22.548190811999955],[-46.712590718999905,-22.503729585999963],[-46.79768871999991,-22.541408375999925],[-46.72767956199994,-22.65494451199995],[-46.62903081299998,-22.653574960999965],[-46.61379702299994,-22.548190811999955]]]},"properties":{"CD_MUN":"3551603","NM_MUN":"Serra Negra","SIGLA":"SP","AREA_KM2":203.734}},
{"type":"Feature","geometry":{"type":"Polygon","coordinates":[[[-47.872007202,-21.06427486799994],[-47.988039816,-20.992054940999925],[-48.0080027939999,-21.07806860799993],[-48.12462647299995,-21.089306000999972],[-48.18692717600001,-21.130396566999963],[-48.1690163119999,-21.161388859999928],[-48.04202658899996,-21.20346919900001],[-47.943423,-21.200295998999916],[-47.872007202,-21.06427486799994]]]},"properties":{"CD_MUN":"3551702","NM_MUN":"Sertãozinho","SIGLA":"SP","AREA_KM2":403.089}},
{"type":"Feature","geometry":{"type":"Polygon","coordinates":[[[-47.77273046899994,-24.134446822],[-47.89483230900002,-24.07931489099996],[-47.95312777799998,-24.119831783999913],[-48.04935469599993,-24.137623097999906],[-48.139523431,-24.19437587299994],[-48.10390124299994,-24.280714293],[-48.01452281899998,-24.378104964999956],[-48.01342528699994,-24.50989216899991],[-47.91033139799998,-24.468972139],[-47.800145975,-24.351799885999945],[-47.761161,-24.26276699899997],[-47.77273046899994,-24.134446822]]]},"properties":{"CD_MUN":"3551801","NM_MUN":"Sete Barras","SIGLA":"SP","AREA_KM2":1062.699}},
{"type":"Feature","geometry":{"type":"Polygon","coordinates":[[[-48.792419062999954,-20.725305017],[-48.891703321,-20.823796082999966],[-48.744793826,-20.839840271999908],[-48.719401934999965,-20.812958],[-48.75366927899993,-20.742860012999884],[-48.792419062999954,-20.725305017]]]},"properties":{"CD_MUN":"3551900","NM_MUN":"Severínia","SIGLA":"SP","AREA_KM2":140.46}},
{"type":"Feature","geometry":{"type":"Polygon","coordinates":[[[-44.81670050399995,-22.613684834999912],[-44.84964034799994,-22.602200104999923],[-44.90549111399994,-22.611911925999948],[-44.927718872999925,-22.654866087999945],[-44.89505649499998,-22.844538649999947],[-44.910405641999965,-22.8855763],[-44.80621437299989,-22.856657983999952],[-44.754024956999956,-22.78861329999998],[-44.76096774699993,-22.647720147999948],[-44.81670050399995,-22.613684834999912]]]},"properties":{"CD_MUN":"3552007","NM_MUN":"Silveiras","SIGLA":"SP","AREA_KM2":414.782}},
{"type":"Feature","geometry":{"type":"Polygon","coordinates":[[[-46.47312220999994,-22.704981247999942],[-46.39305887099995,-22.66297405899996],[-46.45331815399995,-22.522497117999905],[-46.549864843999984,-22.469548948999982],[-46.59897392999996,-22.51501118600002],[-46.61379702299994,-22.548190811999955],[-46.62903081299998,-22.653574960999965],[-46.621832667000014,-22.723142183999965],[-46.50680114499998,-22.727575427999955],[-46.47312220999994,-22.704981247999942]]]},"properties":{"CD_MUN":"3552106","NM_MUN":"Socorro","SIGLA":"SP","AREA_KM2":449.029}},
{"type":"Feature","geometry":{"type":"Polygon","coordinates":[[[-47.418173,-23.35772699899993],[-47.5650029999999,-23.382651998999968],[-47.565001,-23.467872998999937],[-47.55652693799989,-23.57352290599991],[-47.49252095099995,-23.584168334],[-47.444452934999966,-23.52215749199994],[-47.307463252999966,-23.561006634999927],[-47.316967,-23.463438998999976],[-47.326391,-23.439922998999982],[-47.418173,-23.35772699899993]]]},"properties":{"CD_MUN":"3552205","NM_MUN":"Sorocaba","SIGLA":"SP","AREA_KM2":449.872}},
{"type":"Feature","geometry":{"type":"Polygon","coordinates":[[[-50.768650960999935,-20.54474029199996],[-50.81212320599999,-20.531151768999987],[-50.87309821999996,-20.542395316999915],[-50.966284908,-20.54922802699993],[-50.97810623599994,-20.565108616000014],[-50.99080511100002,-20.647793642999943],[-51.057750588,-20.726174853999932],[-50.87294552899994,-20.826813511999962],[-50.79977256799994,-20.671376846999987],[-50.768650960999935,-20.54474029199996]]]},"properties":{"CD_MUN":"3552304","NM_MUN":"Sud Mennucci","SIGLA":"SP","AREA_KM2":594.744}},
{"type":"Feature","geometry":{"type":"Polygon","coordinates":[[[-47.211154575,-22.794706879999946],[-47.358400324999934,-22.817465881],[-47.341818035999964,-22.860254953999934],[-47.257663,-22.898798999],[-47.228112,-22.827254998999948],[-47.157707926999954,-22.860892818999957],[-47.163682,-22.805526998999923],[-47.211154575,-22.794706879999946]]]},"properties":{"CD_MUN":"3552403","NM_MUN":"Sumaré","SIGLA":"SP","AREA_KM2":153.465}},
{"type":"Feature","geometry":{"type":"Polygon","coordinates":[[[-46.321927,-23.744428998999965],[-46.266788,-23.68573699899997],[-46.259050325999965,-23.61174440900001],[-46.288128,-23.489648998999932],[-46.3298608659999,-23.505704789999946],[-46.34999110499997,-23.573511149999916],[-46.383416,-23.617662998999975],[-46.33071665999992,-23.70887213099998],[-46.32809,-23.728386998999937],[-46.321927,-23.744428998999965]]]},"properties":{"CD_MUN":"3552502","NM_MUN":"Suzano","SIGLA":"SP","AREA_KM2":206.236}},
{"type":"Feature","geometry":{"type":"Polygon","coordinates":[[[-50.990836987,-20.43172303699988],[-51.03856676399998,-20.37092484799997],[-51.23138063399992,-20.45721313999996],[-51.067974424999925,-20.55463236499998],[-50.97810623599994,-20.565108616000014],[-50.966284908,-20.54922802699993],[-50.990836987,-20.43172303699988]]]},"properties":{"CD_MUN":"3552551","NM_MUN":"Suzanápolis","SIGLA":"SP","AREA_KM2":330.587}},
{"type":"Feature","geometry":{"type":"Polygon","coordinates":[[[-48.94908624599996,-20.869327354999943],[-49.07898849299991,-20.811771838999924],[-49.11107871499995,-21.02709951699998],[-49.04557635000002,-21.00231422699995],[-48.963734769999974,-21.05335544099992],[-48.94000025899993,-21.059624683999942],[-48.95986206399991,-20.94401561099991],[-48.908734653999915,-20.91532486599995],[-48.907115607999984,-20.892289447999932],[-48.94908624599996,-20.869327354999943]]]},"properties":{"CD_MUN":"3552601","NM_MUN":"Tabapuã","SIGLA":"SP","AREA_KM2":345.792}},
{"type":"Feature","geometry":{"type":"Polygon","coordinates":[[[-48.58452106199992,-21.62807384399997],[-48.67655108599999,-21.62779543099994],[-48.72676694499997,-21.686707513999934],[-48.74067893299998,-21.77562414899997],[-48.66972750099993,-21.831593509999934],[-48.630173769999914,-21.77428876699997],[-48.478780506,-21.707671683999905],[-48.51182687999993,-21.62343841299995],[-48.58452106199992,-21.62807384399997]]]},"properties":{"CD_MUN":"3552700","NM_MUN":"Tabatinga","SIGLA":"SP","AREA_KM2":368.604}},
{"type":"Feature","geometry":{"type":"Polygon","coordinates":[[[-46.79271299999989,-23.647190998999932],[-46.807775,-23.609066998999907],[-46.810173,-23.61010999899996],[-46.79271299999989,-23.647190998999932]]]},"properties":{"CD_MUN":"3552809","NM_MUN":"Taboão da Serra","SIGLA":"SP","AREA_KM2":20.388}},
{"type":"Feature","geometry":{"type":"Polygon","coordinates":[[[-51.219474225999946,-22.355077557999934],[-51.352416215999966,-22.323881704],[-51.413331341999964,-22.47294625899997],[-51.45275946799998,-22.515665120999948],[-51.44641022199991,-22.652952322999962],[-51.2982027689999,-22.67350749299993],[-51.270674902999964,-22.544928736999967],[-51.219474225999946,-22.355077557999934]]]},"properties":{"CD_MUN":"3552908","NM_MUN":"Taciba","SIGLA":"SP","AREA_KM2":607.267}},
{"type":"Feature","geometry":{"type":"Polygon","coordinates":[[[-49.36049829099993,-23.435134692999924],[-49.39501011799996,-23.395513826999945],[-49.44839414799997,-23.421267491999984],[-49.476407917999964,-23.54087519599993],[-49.33113437999996,-23.52535604699991],[-49.36049829099993,-23.435134692999924]]]},"properties":{"CD_MUN":"3553005","NM_MUN":"Taguaí","SIGLA":"SP","AREA_KM2":145.332}},
{"type":"Feature","geometry":{"type":"Polygon","coordinates":[[[-48.49247032800001,-21.080940023999926],[-48.56771448899997,-21.075529098999954],[-48.59769503799997,-21.14311708499997],[-48.58116822099998,-21.165683446999903],[-48.47709709499998,-21.179320040999947],[-48.49247032800001,-21.080940023999926]]]},"properties":{"CD_MUN":"3553104","NM_MUN":"Taiaçu","SIGLA":"SP","AREA_KM2":107.059}},
{"type":"Feature","geometry":{"type":"Polygon","coordinates":[[[-48.353592975999966,-21.081670455999966],[-48.4581485649999,-21.078342756999966],[-48.49247032800001,-21.080940023999926],[-48.47709709499998,-21.179320040999947],[-48.450489010999945,-21.21133698599996],[-48.34738465299992,-21.12836162099999],[-48.353592975999966,-21.081670455999966]]]},"properties":{"CD_MUN":"3553203","NM_MUN":"Taiúva","SIGLA":"SP","AREA_KM2":132.459}},
{"type":"Feature","geometry":{"type":"Polygon","coordinates":[[[-47.0974631,-21.56787784299997],[-47.13070299799995,-21.493988474999934],[-47.24132110099994,-21.443311469],[-47.26419542799995,-21.451316429],[-47.27754879799992,-21.527719957999967],[-47.39922522999997,-21.613740912999955],[-47.29338760599992,-21.752323496999946],[-47.24094854899993,-21.75785375199993],[-47.0974631,-21.56787784299997]]]},"properties":{"CD_MUN":"3553302","NM_MUN":"Tambaú","SIGLA":"SP","AREA_KM2":561.788}},
{"type":"Feature","geometry":{"type":"Polygon","coordinates":[[[-49.49701411899998,-20.497390702999905],[-49.57537344599993,-20.35102747499998],[-49.61732164599992,-20.32271300699998],[-49.66312314199996,-20.362305363],[-49.70524330699996,-20.486819028999967],[-49.87067904199993,-20.590665341000012],[-49.838555755999906,-20.614364070999933],[-49.708752798,-20.636720610999912],[-49.60522740599995,-20.70740717999998],[-49.544308392999895,-20.617548918999926],[-49.49701411899998,-20.497390702999905]]]},"properties":{"CD_MUN":"3553401","NM_MUN":"Tanabi","SIGLA":"SP","AREA_KM2":747.218}},
{"type":"Feature","geometry":{"type":"Polygon","coordinates":[[[-47.38859029399995,-23.98287121799992],[-47.43983926099997,-23.900990432999926],[-47.57409176199997,-23.863300693999946],[-47.68392695099994,-23.992496651],[-47.81455884599996,-23.958428553],[-47.89483230900002,-24.07931489099996],[-47.77273046899994,-24.134446822],[-47.68030413199995,-24.045261491999938],[-47.562770992999965,-24.03956164699995],[-47.477328051999926,-24.08132335499996],[-47.35520691199994,-24.021785823],[-47.38859029399995,-23.98287121799992]]]},"properties":{"CD_MUN":"3553500","NM_MUN":"Tapiraí","SIGLA":"SP","AREA_KM2":755.1}},
{"type":"Feature","geometry":{"type":"Polygon","coordinates":[[[-46.616078177999945,-21.43025112599993],[-46.64873033699994,-21.391721343],[-46.78149397299995,-21.370705237999985],[-46.829190084,-21.49685000499991],[-46.76256937899998,-21.547871239999914],[-46.70155379699993,-21.50621263899991],[-46.676752026999964,-21.434119913999936],[-46.616078177999945,-21.43025112599993]]]},"properties":{"CD_MUN":"3553609","NM_MUN":"Tapiratiba","SIGLA":"SP","AREA_KM2":221.891}},
{"type":"Feature","geometry":{"type":"Polygon","coordinates":[[[-48.31805402799995,-21.060863208999923],[-48.433066756999935,-21.037444224999966],[-48.4581485649999,-21.078342756999966],[-48.353592975999966,-21.081670455999966],[-48.31805402799995,-21.060863208999923]]]},"properties":{"CD_MUN":"3553658","NM_MUN":"Taquaral","SIGLA":"SP","AREA_KM2":53.892}},
{"type":"Feature","geometry":{"type":"Polygon","coordinates":[[[-48.31181643599997,-21.36074665699997],[-48.426824263999904,-21.318652680999914],[-48.577325748999925,-21.33974119999996],[-48.61019080299995,-21.39429571999992],[-48.68460587699996,-21.382988298999948],[-48.72573939999995,-21.420047336999968],[-48.62919115499997,-21.558686151999904],[-48.47107542699993,-21.51269404099999],[-48.463937855,-21.489790455999955],[-48.427812117999935,-21.435448206999972],[-48.335839584,-21.385244895999964],[-48.31181643599997,-21.36074665699997]]]},"properties":{"CD_MUN":"3553708","NM_MUN":"Taquaritinga","SIGLA":"SP","AREA_KM2":594.335}},
{"type":"Feature","geometry":{"type":"Polygon","coordinates":[[[-49.213117081999975,-23.41751168],[-49.31725187099991,-23.400633785],[-49.36049829099993,-23.435134692999924],[-49.33113437999996,-23.52535604699991],[-49.244626195999984,-23.655092272999987],[-49.13633715299996,-23.661573557999972],[-49.11759483699997,-23.560199156999907],[-49.213117081999975,-23.41751168]]]},"properties":{"CD_MUN":"3553807","NM_MUN":"Taquarituba","SIGLA":"SP","AREA_KM2":448.515}},
{"type":"Feature","geometry":{"type":"Polygon","coordinates":[[[-48.73453182799993,-23.854447119999968],[-48.778565906000026,-23.953267617999927],[-48.69139147099999,-24.021716054],[-48.58186172899998,-23.982904827999953],[-48.551657716999955,-23.934691844999954],[-48.63181144899997,-23.936183447999916],[-48.73453182799993,-23.854447119999968]]]},"properties":{"CD_MUN":"3553856","NM_MUN":"Taquarivaí","SIGLA":"SP","AREA_KM2":231.792}},
{"type":"Feature","geometry":{"type":"Polygon","coordinates":[[[-51.60023398199993,-22.28112631599993],[-51.62066263899991,-22.28458913099992],[-51.712146948999944,-22.351519178999943],[-51.71114831300001,-22.39239643499996],[-51.65704460399995,-22.443218768999937],[-51.57097467399991,-22.3988718759999],[-51.533681,-22.29263099899997],[-51.60023398199993,-22.28112631599993]]]},"properties":{"CD_MUN":"3553906","NM_MUN":"Tarabai","SIGLA":"SP","AREA_KM2":201.385}},
{"type":"Feature","geometry":{"type":"Polygon","coordinates":[[[-50.571609485999964,-22.691508273999936],[-50.65241155899997,-22.685193631999976],[-50.70627643199998,-22.772774190999954],[-50.60506182499991,-22.872562712999986],[-50.55226743699991,-22.84061073999993],[-50.508241922999915,-22.70248113199994],[-50.571609485999964,-22.691508273999936]]]},"properties":{"CD_MUN":"3553955","NM_MUN":"Tarumã","SIGLA":"SP","AREA_KM2":302.913}},
{"type":"Feature","geometry":{"type":"Polygon","coordinates":[[[-47.772220153,-23.25182323699991],[-47.814574379,-23.228279705999952],[-47.94995488599991,-23.279336177999944],[-48.029713569,-23.383344617999988],[-48.08327425799998,-23.37275108399993],[-48.04875235099992,-23.424291799999928],[-47.950253046999975,-23.408505188999982],[-47.807214331999965,-23.488696194999967],[-47.72563214299998,-23.38553681599992],[-47.73703321799997,-23.331548492],[-47.772220153,-23.25182323699991]]]},"properties":{"CD_MUN":"3554003","NM_MUN":"Tatuí","SIGLA":"SP","AREA_KM2":523.749}},
{"type":"Feature","geometry":{"type":"Polygon","coordinates":[[[-45.5036343429999,-22.97899293099995],[-45.633890248999904,-23.001196040999936],[-45.70467316199995,-22.947963540999936],[-45.725088035999946,-22.969445781999966],[-45.63095956899998,-23.081307260999985],[-45.60947942199995,-23.163502706],[-45.522249812999966,-23.176307731999977],[-45.467390249,-23.224594420999942],[-45.39698843299995,-23.180665189999914],[-45.30011506699997,-23.091987050999897],[-45.294223248,-23.02708035199995],[-45.307225615999975,-23.025201952999964],[-45.35435095099995,-23.006798352999937],[-45.43901979899997,-23.071456388999913],[-45.5036343429999,-22.97899293099995]]]},"properties":{"CD_MUN":"3554102","NM_MUN":"Taubaté","SIGLA":"SP","AREA_KM2":625.003}},
{"type":"Feature","geometry":{"type":"Polygon","coordinates":[[[-49.21733732900002,-23.298523713999906],[-49.38337238400001,-23.26466431199995],[-49.41831235800002,-23.336737497999906],[-49.39501011799996,-23.395513826999945],[-49.36049829099993,-23.435134692999924],[-49.31725187099991,-23.400633785],[-49.213117081999975,-23.41751168],[-49.21733732900002,-23.298523713999906]]]},"properties":{"CD_MUN":"3554201","NM_MUN":"Tejupá","SIGLA":"SP","AREA_KM2":296.189}},
{"type":"Feature","geometry":{"type":"Polygon","coordinates":[[[-52.284730156999984,-22.273055685999985],[-52.456184967999974,-22.18530986400001],[-52.65533862099991,-22.303144065999945],[-52.611579088999974,-22.401559148999937],[-52.486160713999936,-22.411317397999895],[-52.44569249700001,-22.60827962099997],[-52.30043558899997,-22.635444961999927],[-52.222577221999984,-22.67553535799994],[-52.156677981999984,-22.64471893199996],[-52.13555422899995,-22.52691457299992],[-52.227150587000025,-22.374691083999974],[-52.209355235999965,-22.28613218599996],[-52.284730156999984,-22.273055685999985]]]},"properties":{"CD_MUN":"3554300","NM_MUN":"Teodoro Sampaio","SIGLA":"SP","AREA_KM2":1555.803}},
{"type":"Feature","geometry":{"type":"Polygon","coordinates":[[[-48.255245917999915,-20.80625306],[-48.26057487999995,-20.738271528999928],[-48.338292472,-20.695543437999984],[-48.43708192899989,-20.752738637999943],[-48.44760954899991,-20.78773661999996],[-48.40934905799996,-20.85425428799997],[-48.255245917999915,-20.80625306]]]},"properties":{"CD_MUN":"3554409","NM_MUN":"Terra Roxa","SIGLA":"SP","AREA_KM2":221.541}},
{"type":"Feature","geometry":{"type":"Polygon","coordinates":[[[-47.806904852999935,-22.876903984],[-47.808884623999965,-22.877745131999973],[-47.82670488599995,-22.942223507999913],[-47.75716325499994,-22.997809324999942],[-47.791881436,-23.04899848599998],[-47.75101465499995,-23.122076618999955],[-47.70399944899994,-23.216025437999974],[-47.62950457399999,-23.191626087],[-47.608687177,-23.09926357399995],[-47.66026878799991,-22.997283975999906],[-47.70118785999992,-22.918663038999973],[-47.71149506999991,-22.912072970999965],[-47.806904852999935,-22.876903984]]]},"properties":{"CD_MUN":"3554508","NM_MUN":"Tietê","SIGLA":"SP","AREA_KM2":404.396}},
{"type":"Feature","geometry":{"type":"Polygon","coordinates":[[[-49.573352880999906,-23.138555552999982],[-49.66546496699992,-23.11311524099994],[-49.716493242999974,-23.148393256999945],[-49.627145888,-23.281772756999928],[-49.54035679399997,-23.280607050999933],[-49.53773472099991,-23.196324852000018],[-49.573352880999906,-23.138555552999982]]]},"properties":{"CD_MUN":"3554607","NM_MUN":"Timburi","SIGLA":"SP","AREA_KM2":196.79}},
{"type":"Feature","geometry":{"type":"Polygon","coordinates":[[[-48.15520187699997,-23.261838587999918],[-48.22489968199994,-23.19624965799992],[-48.24143169499992,-23.280234656999944],[-48.15520187699997,-23.261838587999918]]]},"properties":{"CD_MUN":"3554656","NM_MUN":"Torre de Pedra","SIGLA":"SP","AREA_KM2":71.348}},
{"type":"Feature","geometry":{"type":"Polygon","coordinates":[[[-48.04077876900001,-22.505886167999964],[-48.06328378800002,-22.412006194999954],[-48.15508499799998,-22.36163702299999],[-48.23934821499993,-22.367542620999945],[-48.27865311499997,-22.427075773],[-48.23485077799995,-22.520379415999923],[-48.172822,-22.476131998999946],[-48.05951121899998,-22.51335186699995],[-48.04077876900001,-22.505886167999964]]]},"properties":{"CD_MUN":"3554706","NM_MUN":"Torrinha","SIGLA":"SP","AREA_KM2":315.267}},
{"type":"Feature","geometry":{"type":"Polygon","coordinates":[[[-48.29149691699996,-21.989747499999943],[-48.441325079999956,-22.061085691999924],[-48.29858474999995,-22.063737350999943],[-48.29149691699996,-21.989747499999943]]]},"properties":{"CD_MUN":"3554755","NM_MUN":"Trabiju","SIGLA":"SP","AREA_KM2":63.421}},
{"type":"Feature","geometry":{"type":"Polygon","coordinates":[[[-45.5036343429999,-22.97899293099995],[-45.55328618999994,-22.899410408999955],[-45.66635537999996,-22.881683791999897],[-45.70467316199995,-22.947963540999936],[-45.633890248999904,-23.001196040999936],[-45.5036343429999,-22.97899293099995]]]},"properties":{"CD_MUN":"3554805","NM_MUN":"Tremembé","SIGLA":"SP","AREA_KM2":191.094}},
{"type":"Feature","geometry":{"type":"Polygon","coordinates":[[[-50.82669627599998,-20.331003296999892],[-50.82288718199994,-20.216686510999935],[-50.864761133999906,-20.165836030999937],[-50.93327805299996,-20.3109309129999],[-50.85374064699997,-20.386421512],[-50.82669627599998,-20.331003296999892]]]},"properties":{"CD_MUN":"3554904","NM_MUN":"Três Fronteiras","SIGLA":"SP","AREA_KM2":151.594}},
{"type":"Feature","geometry":{"type":"Polygon","coordinates":[[[-46.66092679499993,-22.768790773999967],[-46.708057593,-22.779496865999924],[-46.76087934299994,-22.847852391999943],[-46.68181646199995,-22.885446450999915],[-46.624470848999984,-22.832950987999965],[-46.66092679499993,-22.768790773999967]]]},"properties":{"CD_MUN":"3554953","NM_MUN":"Tuiuti","SIGLA":"SP","AREA_KM2":126.731}},
{"type":"Feature","geometry":{"type":"Polygon","coordinates":[[[-50.362124809999926,-21.827714882999913],[-50.42574245699997,-21.804289639999972],[-50.49463152299991,-21.849042522999937],[-50.539973128,-21.814729263999908],[-50.59940509699993,-21.84409334899989],[-50.66488089899998,-21.935307129999924],[-50.71015204099993,-22.015207275999913],[-50.70511345199995,-22.021583949999943],[-50.521124665999935,-22.111016046],[-50.483843673999935,-22.08053562199993],[-50.497989570999934,-22.014385148999924],[-50.41531595299997,-21.96439504399997],[-50.404743729999986,-21.859864775999913],[-50.362124809999926,-21.827714882999913]]]},"properties":{"CD_MUN":"3555000","NM_MUN":"Tupã","SIGLA":"SP","AREA_KM2":627.986}},
{"type":"Feature","geometry":{"type":"Polygon","coordinates":[[[-51.48515406799998,-21.42764620499996],[-51.49772494599995,-21.312396496999906],[-51.616068289999916,-21.327034962999978],[-51.676013133,-21.34674511899993],[-51.723182036999944,-21.395169829999947],[-51.66908518299992,-21.433233903],[-51.54418516599996,-21.45394161899997],[-51.48515406799998,-21.42764620499996]]]},"properties":{"CD_MUN":"3555109","NM_MUN":"Tupi Paulista","SIGLA":"SP","AREA_KM2":244.77}},
{"type":"Feature","geometry":{"type":"Polygon","coordinates":[[[-50.05067977699993,-20.931473970999956],[-50.16385966399996,-20.874882875999976],[-50.18102925599994,-20.90062312899997],[-50.1799767759999,-20.982384563999954],[-50.05503751599997,-20.997333248999936],[-50.03292173200002,-20.978390146999946],[-50.05067977699993,-20.931473970999956]]]},"properties":{"CD_MUN":"3555208","NM_MUN":"Turiúba","SIGLA":"SP","AREA_KM2":153.235}},
{"type":"Feature","geometry":{"type":"Polygon","coordinates":[[[-50.422917364999904,-20.054529755999937],[-50.43332403399995,-19.983730216999938],[-50.518046867999914,-20.029329084],[-50.51916863699992,-20.03585830199995],[-50.481020266,-20.153515485999982],[-50.45066090599992,-20.15888717],[-50.393950997999966,-20.103596946],[-50.422917364999904,-20.054529755999937]]]},"properties":{"CD_MUN":"3555307","NM_MUN":"Turmalina","SIGLA":"SP","AREA_KM2":147.797}},
{"type":"Feature","geometry":{"type":"Polygon","coordinates":[[[-49.660766437999925,-21.16126676899995],[-49.736113,-21.13460099899994],[-49.85648357199992,-21.26031240499998],[-49.831628711,-21.27495251999992],[-49.7460949059999,-21.29679022399996],[-49.68396649099997,-21.20406587199991],[-49.660766437999925,-21.16126676899995]]]},"properties":{"CD_MUN":"3555356","NM_MUN":"Ubarana","SIGLA":"SP","AREA_KM2":209.861}},
{"type":"Feature","geometry":{"type":"Polygon","coordinates":[[[-44.882645334999985,-23.202712706999904],[-44.98396838999998,-23.229492186],[-45.00961065399995,-23.306113728999968],[-45.07422758499999,-23.304234120999965],[-45.17503824399995,-23.39516797899993],[-45.17572765399997,-23.43897580099995],[-45.27343520299995,-23.483132949],[-45.276684822999975,-23.578337317],[-45.17388518800002,-23.496323193999977],[-45.07148877399995,-23.49721915999995],[-45.053874528999955,-23.41671035799996],[-44.977086643,-23.400290570999935],[-44.905663435999905,-23.33401709099997],[-44.78243035099993,-23.377482809999925],[-44.78742138499997,-23.29910688499993],[-44.882645334999985,-23.202712706999904]]]},"properties":{"CD_MUN":"3555406","NM_MUN":"Ubatuba","SIGLA":"SP","AREA_KM2":708.105}},
{"type":"Feature","geometry":{"type":"Polygon","coordinates":[[[-49.62851178999996,-22.469153382999938],[-49.70381568499997,-22.439348605],[-49.77200154099998,-22.500646304999936],[-49.73650024299998,-22.588376237999928],[-49.63120459199992,-22.623966608999933],[-49.59891757699994,-22.66485224899993],[-49.56619329799993,-22.575046475999958],[-49.62851178999996,-22.469153382999938]]]},"properties":{"CD_MUN":"3555505","NM_MUN":"Ubirajara","SIGLA":"SP","AREA_KM2":282.179}},
{"type":"Feature","geometry":{"type":"Polygon","coordinates":[[[-49.07898849299991,-20.811771838999924],[-49.09882807400001,-20.78299923799994],[-49.141822624999975,-20.82480529299998],[-49.257522911,-20.958518096],[-49.13124754800002,-21.070458474999985],[-49.11107871499995,-21.02709951699998],[-49.07898849299991,-20.811771838999924]]]},"properties":{"CD_MUN":"3555604","NM_MUN":"Uchoa","SIGLA":"SP","AREA_KM2":252.434}},
{"type":"Feature","geometry":{"type":"Polygon","coordinates":[[[-49.85076389699998,-20.931864220999916],[-49.833985145000014,-20.849320643999967],[-49.90692861499994,-20.859490476999962],[-49.95696266499998,-20.906881123999952],[-49.85076389699998,-20.931864220999916]]]},"properties":{"CD_MUN":"3555703","NM_MUN":"União Paulista","SIGLA":"SP","AREA_KM2":79.056}},
{"type":"Feature","geometry":{"type":"Polygon","coordinates":[[[-50.61106793999991,-20.130465992999955],[-50.663426130999966,-20.061511158],[-50.70411055200001,-20.129995208],[-50.68336679199998,-20.19330783299994],[-50.67130308899996,-20.253670955],[-50.73408948899997,-20.31249052099998],[-50.65683103999998,-20.326775001999984],[-50.59177926599993,-20.26238774699994],[-50.61106793999991,-20.130465992999955]]]},"properties":{"CD_MUN":"3555802","NM_MUN":"Urânia","SIGLA":"SP","AREA_KM2":209.262}},
{"type":"Feature","geometry":{"type":"Polygon","coordinates":[[[-49.285039076999944,-21.860250672999957],[-49.238635585999916,-21.67080378999998],[-49.27332228700003,-21.65900798999992],[-49.31906628699993,-21.703199],[-49.32086142399996,-21.778044726999966],[-49.39116685899993,-21.830628603999944],[-49.33998261699994,-21.838183579999946],[-49.285039076999944,-21.860250672999957]]]},"properties":{"CD_MUN":"3555901","NM_MUN":"Uru","SIGLA":"SP","AREA_KM2":146.901}},
{"type":"Feature","geometry":{"type":"Polygon","coordinates":[[[-49.15331025099994,-21.184693609999936],[-49.22691532199998,-21.124489406999967],[-49.31629080999997,-21.127071507],[-49.39694001399994,-21.180526583999946],[-49.28483605499993,-21.288983101999968],[-49.22909713699994,-21.31474753199992],[-49.14487930999993,-21.187394314999928],[-49.15331025099994,-21.184693609999936]]]},"properties":{"CD_MUN":"3556008","NM_MUN":"Urupês","SIGLA":"SP","AREA_KM2":323.916}},
{"type":"Feature","geometry":{"type":"Polygon","coordinates":[[[-50.15437846699992,-20.504915396999888],[-50.032225095999934,-20.425518288999953],[-50.053231604999944,-20.33622132299998],[-50.07775271699997,-20.304519819999953],[-50.081406047,-20.310417180999938],[-50.09221481799992,-20.37467],[-50.20287441999997,-20.481352144999985],[-50.15437846699992,-20.504915396999888]]]},"properties":{"CD_MUN":"3556107","NM_MUN":"Valentim Gentil","SIGLA":"SP","AREA_KM2":149.741}},
{"type":"Feature","geometry":{"type":"Polygon","coordinates":[[[-46.878488946999944,-22.927459719999952],[-46.9821,-22.904197998999955],[-47.0643566649999,-22.99200919799992],[-47.048562,-23.05138199899993],[-47.037742050999945,-23.05704227800002],[-47.00115811699989,-23.00611475699995],[-46.910475525999935,-23.01748549599992],[-46.878488946999944,-22.927459719999952]]]},"properties":{"CD_MUN":"3556206","NM_MUN":"Valinhos","SIGLA":"SP","AREA_KM2":148.538}},
{"type":"Feature","geometry":{"type":"Polygon","coordinates":[[[-50.85018898299991,-20.935912714999958],[-50.91427752600001,-21.04263523599995],[-50.94984727299991,-21.170660963999985],[-51.05385668099995,-21.229097210999957],[-51.144970959999924,-21.374405674999917],[-51.05875571999994,-21.398550927000013],[-50.993014557999956,-21.43710703399991],[-50.98489926599996,-21.432829497999926],[-50.79500208300003,-21.186962647],[-50.74575342999996,-21.09464055800002],[-50.80234747,-21.059759493999906],[-50.79730475899994,-20.98522117899991],[-50.85018898299991,-20.935912714999958]]]},"properties":{"CD_MUN":"3556305","NM_MUN":"Valparaíso","SIGLA":"SP","AREA_KM2":857.661}},
{"type":"Feature","geometry":{"type":"Polygon","coordinates":[[[-46.37451502499996,-22.820242044999937],[-46.442836916999944,-22.82452808499992],[-46.47922182099997,-22.87882778399993],[-46.41111106399995,-22.980771780999966],[-46.3979456399999,-22.96859292799992],[-46.344893002999946,-22.905224001999933],[-46.37451502499996,-22.820242044999937]]]},"properties":{"CD_MUN":"3556354","NM_MUN":"Vargem","SIGLA":"SP","AREA_KM2":142.595}},
{"type":"Feature","geometry":{"type":"Polygon","coordinates":[[[-46.75051503799993,-21.83417130499988],[-46.843081387999966,-21.759514039999903],[-46.96267139699996,-21.816716877999962],[-47.003873860999974,-21.918428047999914],[-46.982156177,-21.967687692999913],[-46.93972553999998,-21.978092589],[-46.934920480999956,-21.921836718999952],[-46.78930460499996,-21.83939400699991],[-46.758107472999924,-21.84730034499994],[-46.75051503799993,-21.83417130499988]]]},"properties":{"CD_MUN":"3556404","NM_MUN":"Vargem Grande do Sul","SIGLA":"SP","AREA_KM2":267.178}},
{"type":"Feature","geometry":{"type":"Polygon","coordinates":[[[-46.981456,-23.602157998999886],[-47.028074,-23.58131699899998],[-47.059025,-23.628347998999963],[-46.981456,-23.602157998999886]]]},"properties":{"CD_MUN":"3556453","NM_MUN":"Vargem Grande Paulista","SIGLA":"SP","AREA_KM2":42.489}},
{"type":"Feature","geometry":null,"properties":{"CD_MUN":"3556503","NM_MUN":"Várzea Paulista","SIGLA":"SP","AREA_KM2":35.12}},
{"type":"Feature","geometry":{"type":"Polygon","coordinates":[[[-49.82473609899991,-22.11245032399992],[-49.84951922499994,-22.09736989699996],[-49.89099126799996,-22.14281995599997],[-49.86149990900002,-22.26293176799997],[-49.913203612,-22.33585998399997],[-49.85472227900003,-22.356918382999922],[-49.743051301999955,-22.293037738999963],[-49.75013546299991,-22.20303264999993],[-49.82473609899991,-22.11245032399992]]]},"properties":{"CD_MUN":"3556602","NM_MUN":"Vera Cruz","SIGLA":"SP","AREA_KM2":247.716}},
{"type":"Feature","geometry":{"type":"Polygon","coordinates":[[[-46.910475525999935,-23.01748549599992],[-47.00115811699989,-23.00611475699995],[-47.037742050999945,-23.05704227800002],[-46.99539147599997,-23.115463677],[-46.91599369699998,-23.045748246999906],[-46.910475525999935,-23.01748549599992]]]},"properties":{"CD_MUN":"3556701","NM_MUN":"Vinhedo","SIGLA":"SP","AREA_KM2":80.95}},
{"type":"Feature","geometry":{"type":"Polygon","coordinates":[[[-48.207677834,-20.875386864999932],[-48.255245917999915,-20.80625306],[-48.40934905799996,-20.85425428799997],[-48.36721944299997,-20.949083599999927],[-48.28600538499998,-20.953305985999968],[-48.207677834,-20.875386864999932]]]},"properties":{"CD_MUN":"3556800","NM_MUN":"Viradouro","SIGLA":"SP","AREA_KM2":217.726}},
{"type":"Feature","geometry":{"type":"Polygon","coordinates":[[[-48.59769503799997,-21.14311708499997],[-48.72874782799991,-21.164888730999962],[-48.706954593,-21.206772945999983],[-48.58116822099998,-21.165683446999903],[-48.59769503799997,-21.14311708499997]]]},"properties":{"CD_MUN":"3556909","NM_MUN":"Vista Alegre do Alto","SIGLA":"SP","AREA_KM2":95.429}},
{"type":"Feature","geometry":{"type":"Polygon","coordinates":[[[-50.45066090599992,-20.15888717],[-50.481020266,-20.153515485999982],[-50.520467431,-20.17601776699994],[-50.46580967899993,-20.236926099999906],[-50.45066090599992,-20.15888717]]]},"properties":{"CD_MUN":"3556958","NM_MUN":"Vitória Brasil","SIGLA":"SP","AREA_KM2":49.832}},
{"type":"Feature","geometry":{"type":"Polygon","coordinates":[[[-47.307463252999966,-23.561006634999927],[-47.444452934999966,-23.52215749199994],[-47.49252095099995,-23.584168334],[-47.49416750999995,-23.650012946999922],[-47.36843195499995,-23.63376673099996],[-47.29684671499996,-23.60365436099997],[-47.307463252999966,-23.561006634999927]]]},"properties":{"CD_MUN":"3557006","NM_MUN":"Votorantim","SIGLA":"SP","AREA_KM2":184.186}},
{"type":"Feature","geometry":{"type":"Polygon","coordinates":[[[-50.007508287999975,-20.33181836899992],[-50.053231604999944,-20.33622132299998],[-50.032225095999934,-20.425518288999953],[-50.15437846699992,-20.504915396999888],[-50.13825222599994,-20.521091649],[-50.120168512,-20.52165102999993],[-49.982785751999984,-20.57230520999994],[-49.923118,-20.562005998999986],[-49.919974,-20.508525998999936],[-49.85227365199993,-20.416651990999988],[-49.937905320999946,-20.39134548399991],[-50.007508287999975,-20.33181836899992]]]},"properties":{"CD_MUN":"3557105","NM_MUN":"Votuporanga","SIGLA":"SP","AREA_KM2":420.703}},
{"type":"Feature","geometry":{"type":"Polygon","coordinates":[[[-49.96007298599993,-21.13311522699993],[-49.9848156429999,-21.045758826999936],[-50.05503751599997,-20.997333248999936],[-50.15131612499994,-21.13988607299998],[-50.12888734499994,-21.195519088999912],[-49.99156749199997,-21.22666612399998],[-49.96007298599993,-21.13311522699993]]]},"properties":{"CD_MUN":"3557154","NM_MUN":"Zacarias","SIGLA":"SP","AREA_KM2":319.056}},
{"type":"Feature","geometry":{"type":"Polygon","coordinates":[[[-49.677289839,-23.00874803099996],[-49.75715013699997,-22.97055118099994],[-49.819389904999966,-23.076953812999932],[-49.716493242999974,-23.148393256999945],[-49.66546496699992,-23.11311524099994],[-49.677289839,-23.00874803099996]]]},"properties":{"CD_MUN":"3557204","NM_MUN":"Chavantes","SIGLA":"SP","AREA_KM2":188.727}},
{"type":"Feature","geometry":null,"properties":{"CD_MUN":"3557303","NM_MUN":"Estiva Gerbi","SIGLA":"SP","AREA_KM2":74.144}}
]}